Timestamp,Callsign,lat,lon,Altitude,Speed,Direction
2024-07-26 14:00:17+00:00,,29.94873046875,-95.40220372817096,1066.8,332.5784312105211,138.51542027685073
2024-07-26 14:00:18+00:00,,29.949920654296875,-95.40274227366729,1082.04,335.99448003124945,139.09884637732918
2024-07-26 14:00:21+00:00,,29.953399658203125,-95.40403478285845,1112.52,335.99448003124945,139.09884637732918
2024-07-26 14:00:23+00:00,,29.95548054323358,-95.40472412109376,1127.76,342.75854060106,140.5872954755683
2024-07-26 14:00:31+00:00,,29.965621948242188,-95.40602740119488,1181.1,355.64892204842613,142.39694690025104
2024-07-26 14:00:42+00:00,,29.979641154661017,-95.4032958984375,1272.54,15.046391832198506,148.62535565463045
2024-07-26 14:00:44+00:00,,29.98229463221663,-95.40225219726562,1287.78,18.060471936199185,149.34478555699738
2024-07-26 14:03:00+00:00,,30.161148329912603,-95.360009765625,2476.5,3.6012781172234405,147.4220943571496
2024-07-26 14:03:03+00:00,,30.16487250893803,-95.3597900390625,2522.2200000000003,3.588762960380087,147.9355260278722
2024-07-26 14:03:19+00:00,AAL1347,30.18603515625,-95.35852768841914,2781.3,2.593506444789045,147.7968156071949
2024-07-26 14:03:20+00:00,AAL1347,30.187357239804022,-95.35847167968753,2796.54,2.593506444789045,147.7968156071949
2024-07-26 14:03:21+00:00,AAL1347,30.188552856445312,-95.35841997931988,2811.78,2.593506444789045,147.7968156071949
2024-07-26 14:03:22+00:00,AAL1347,30.19029235839844,-95.3583122702206,2827.02,2.4026094689860424,147.26043742772137
2024-07-26 14:03:23+00:00,AAL1347,30.19145383673199,-95.35825195312498,2842.26,2.394247766491992,147.77443076492892
2024-07-26 14:03:24+00:00,AAL1347,30.192123413085938,-95.35820456112134,2849.88,2.394247766491992,147.77443076492892
2024-07-26 14:03:25+00:00,AAL1347,30.19345092773437,-95.35815070657168,2865.1200000000003,2.593506444789045,147.7968156071949
2024-07-26 14:03:56+00:00,AAL1347,30.23605088056144,-95.35523071289064,3200.4,4.085616779974877,158.85244374217012
2024-07-26 14:03:57+00:00,AAL1347,30.23749399993379,-95.35506591796876,3208.02,4.256884408215109,159.402945152677
2024-07-26 14:03:58+00:00,AAL1347,30.239227294921875,-95.35491943359376,3215.6400000000003,4.256884408215109,159.402945152677
2024-07-26 14:04:00+00:00,AAL1347,30.2419630147643,-95.35468139648437,3223.26,4.384706875060754,161.49363250050175
2024-07-26 14:04:02+00:00,AAL1347,30.245035462460272,-95.35440673828124,3238.5,4.370797037907477,162.0065755970275
2024-07-26 14:04:03+00:00,AAL1347,30.245640641551905,-95.35440673828124,3238.5,4.343239951689387,163.03249016495687
2024-07-26 14:04:04+00:00,AAL1347,30.247833251953125,-95.35416546989892,3253.74,4.316027519865624,164.0584419745939
2024-07-26 14:04:06+00:00,AAL1347,30.250213623046875,-95.35400390625,3261.36,4.3025485388726015,164.5714316273965
2024-07-26 14:04:07+00:00,AAL1347,30.25234416379767,-95.3538024902344,3261.36,4.085616779974877,166.07300936681423
2024-07-26 14:04:09+00:00,AAL1347,30.25547790527344,-95.35357306985291,3276.6000000000004,4.073010448052209,166.58615004238104
2024-07-26 14:04:10+00:00,AAL1347,30.256999387579448,-95.35341796874997,3276.6000000000004,4.0356531741411406,168.1256198646431
2024-07-26 14:04:38+00:00,AAL1347,30.30071193889036,-95.34973754882812,3535.6800000000003,4.474896506246098,178.02587157363547
2024-07-26 14:04:39+00:00,AAL1347,30.30196884931144,-95.34962768554688,3550.92,4.639922589436489,178.06674828320706
2024-07-26 14:04:40+00:00,AAL1347,30.30340576171875,-95.34948012408093,3566.1600000000003,4.639922589436489,178.06674828320706
2024-07-26 14:04:41+00:00,AAL1347,30.305831909179688,-95.34926470588238,3596.6400000000003,4.639922589436489,178.06674828320706
2024-07-26 14:04:42+00:00,AAL1347,30.30755511784957,-95.3490783691406,3611.88,4.474896506246098,178.02587157363547
2024-07-26 14:04:43+00:00,AAL1347,30.308858580508478,-95.34896850585938,3627.12,4.474896506246098,178.02587157363547
2024-07-26 14:04:44+00:00,AAL1347,30.311093087923727,-95.34874877929684,3649.98,4.474896506246098,178.02587157363547
2024-07-26 14:04:45+00:00,AAL1347,30.311744819253175,-95.34869384765624,3649.98,4.474896506246098,178.02587157363547
2024-07-26 14:04:46+00:00,AAL1347,30.314118983381885,-95.34847412109372,3672.84,4.639922589436489,178.06674828320706
2024-07-26 14:04:47+00:00,AAL1347,30.31494140625,-95.34840303308825,3680.46,4.639922589436489,178.06674828320706
2024-07-26 14:04:48+00:00,AAL1347,30.31714487884004,-95.3481994628906,3703.32,4.639922589436489,178.06674828320706
2024-07-26 14:04:49+00:00,AAL1347,30.318603515625,-95.34807990579044,3718.56,4.639922589436489,178.06674828320706
2024-07-26 14:04:50+00:00,AAL1347,30.32020568847656,-95.34791834214155,3733.8,4.639922589436489,178.06674828320706
2024-07-26 14:04:52+00:00,AAL1347,30.32354736328125,-95.34759521484376,3764.28,4.639922589436489,178.06674828320706
2024-07-26 14:04:53+00:00,AAL1347,30.324508666992188,-95.34748750574448,3771.9,4.639922589436489,178.06674828320706
2024-07-26 14:04:54+00:00,AAL1347,30.32659498311705,-95.34732055664062,3794.76,4.639922589436489,178.06674828320706
2024-07-26 14:04:55+00:00,AAL1347,30.328536987304688,-95.34711052389709,3810.0,4.639922589436489,178.06674828320706
2024-07-26 14:04:56+00:00,AAL1347,30.329177856445312,-95.3470566693474,3817.62,4.639922589436489,178.06674828320706
2024-07-26 14:04:57+00:00,AAL1347,30.33174133300781,-95.34678739659928,3840.48,4.791049380342483,178.62174282754256
2024-07-26 14:04:58+00:00,AAL1347,30.33334350585937,-95.3466796875,3848.1,4.791049380342483,178.62174282754256
2024-07-26 14:04:59+00:00,AAL1347,30.333984375,-95.34657197840072,3855.72,4.791049380342483,178.62174282754256
2024-07-26 14:05:00+00:00,AAL1347,30.33636474609375,-95.3463565602022,3878.58,4.77730631710986,179.13439447169267
2024-07-26 14:05:02+00:00,AAL1347,30.338139938095868,-95.34616699218748,3886.2,4.77730631710986,179.13439447169267
2024-07-26 14:05:03+00:00,AAL1347,30.33993530273437,-95.3460334329044,3901.44,4.77730631710986,179.13439447169267
2024-07-26 14:05:04+00:00,AAL1347,30.34186411712129,-95.34583740234376,3924.3,4.941238912521696,179.17797238460713
2024-07-26 14:05:05+00:00,AAL1347,30.34364318847656,-95.34565645105698,3931.92,4.941238912521696,179.17797238460713
2024-07-26 14:05:08+00:00,AAL1347,30.34717107223252,-95.34528808593753,3962.4,4.927109947649014,179.69050994726612
2024-07-26 14:05:09+00:00,AAL1347,30.350383176641948,-95.34495849609374,3985.26,5.090497833181666,179.73542548837122
2024-07-26 14:05:11+00:00,AAL1347,30.35345562433792,-95.34462890624997,4008.12,5.090497833181666,179.73542548837122
2024-07-26 14:05:12+00:00,AAL1347,30.354949951171875,-95.3445255055147,4023.36,4.9130613554646105,180.2030583747577
2024-07-26 14:05:19+00:00,AAL1347,30.36644369868909,-95.343310546875,4114.8,5.061560808981982,180.7602783958901
2024-07-26 14:05:21+00:00,AAL1347,30.369873046875,-95.3429637235754,4145.280000000001,5.061560808981982,180.7602783958901
2024-07-26 14:05:22+00:00,AAL1347,30.37133168365996,-95.3428161621094,4152.900000000001,5.061560808981982,180.7602783958901
2024-07-26 14:05:24+00:00,AAL1347,30.374776549258478,-95.3424865722656,4175.76,5.209146549207425,181.3187051972841
2024-07-26 14:05:27+00:00,AAL1347,30.379338668564618,-95.3419921875,4206.24,5.340740590501709,182.39053203808837
2024-07-26 14:05:32+00:00,AAL1347,30.38790428032309,-95.34105834960938,4267.2,5.470796353277877,183.4633097546908
2024-07-26 14:05:35+00:00,AAL1347,30.392852783203125,-95.34048641429229,4297.68,5.470796353277877,183.4633097546908
2024-07-26 14:05:41+00:00,AAL1347,30.40264892578125,-95.33935546875,4366.26,5.583797705177911,185.0490179149241
2024-07-26 14:05:48+00:00,AAL1347,30.414276123046875,-95.33806295955884,4450.08,5.552971033036804,186.07305072663587
2024-07-26 14:05:49+00:00,AAL1347,30.41611493644068,-95.33787231445314,4465.320000000001,5.710593137499643,186.12353570514892
2024-07-26 14:05:50+00:00,AAL1347,30.418121337890625,-95.33763212316175,4472.9400000000005,5.694878442470467,186.6354336373265
2024-07-26 14:05:51+00:00,AAL1347,30.41949462890625,-95.3374705595129,4488.18,5.694878442470467,186.6354336373265
2024-07-26 14:05:52+00:00,AAL1347,30.421002921411542,-95.33726806640624,4495.8,5.694878442470467,186.6354336373265
2024-07-26 14:05:53+00:00,AAL1347,30.42247009277344,-95.33709357766544,4511.04,5.851986328845087,186.6871841635624
2024-07-26 14:05:54+00:00,AAL1347,30.423982264631885,-95.33693847656248,4518.66,5.851986328845087,186.6871841635624
2024-07-26 14:05:55+00:00,AAL1347,30.4258443541446,-95.33671875,4526.280000000001,5.851986328845087,186.6871841635624
2024-07-26 14:05:56+00:00,AAL1347,30.4273681640625,-95.33655503216914,4541.52,5.835932351317421,187.19895454244707
2024-07-26 14:05:59+00:00,AAL1347,30.43236166743909,-95.33594970703126,4579.62,5.835932351317421,187.19895454244707
2024-07-26 14:06:10+00:00,AAL1347,30.451820502846928,-95.333642578125,4709.16,5.835932351317421,187.19895454244707
2024-07-26 14:06:11+00:00,AAL1347,30.45350646972656,-95.33343146829044,4716.780000000001,5.911467485374854,189.81031679592945
2024-07-26 14:06:12+00:00,AAL1347,30.455032607256356,-95.3332580566406,4724.400000000001,5.911467485374854,189.81031679592945
2024-07-26 14:06:13+00:00,AAL1347,30.456939697265625,-95.3330006318934,4739.64,6.049526304001529,190.37556118638105
2024-07-26 14:06:15+00:00,AAL1347,30.4588033385196,-95.332763671875,4747.26,6.049526304001529,190.37556118638105
2024-07-26 14:06:18+00:00,AAL1347,30.464263916015625,-95.33213895909928,4777.740000000001,6.033253006200707,190.887148034389
2024-07-26 14:06:19+00:00,AAL1347,30.467559814453125,-95.3317081227022,4800.6,6.033253006200707,190.887148034389
2024-07-26 14:06:20+00:00,AAL1347,30.469253540039062,-95.33149270450366,4808.22,6.017066703011558,191.39875019872585
2024-07-26 14:06:21+00:00,AAL1347,30.47081381587659,-95.33133544921871,4815.84,6.017066703011558,191.39875019872585
2024-07-26 14:06:22+00:00,AAL1347,30.47250366210937,-95.33111572265624,4831.08,6.000966701266507,191.9103675568989
2024-07-26 14:06:23+00:00,AAL1347,30.47439833818856,-95.33089599609372,4838.7,6.000966701266507,191.9103675568989
2024-07-26 14:06:24+00:00,AAL1347,30.476120770987816,-95.33067626953124,4853.9400000000005,5.98495231511541,192.4219999877147
2024-07-26 14:06:25+00:00,AAL1347,30.47698974609375,-95.33057717715992,4853.9400000000005,5.98495231511541,192.4219999877147
2024-07-26 14:06:26+00:00,AAL1347,30.479751845537603,-95.33023681640624,4869.18,5.98495231511541,192.4219999877147
2024-07-26 14:06:27+00:00,AAL1347,30.48147427833686,-95.33001708984376,4884.42,5.969022865929608,192.93364737126183
2024-07-26 14:06:28+00:00,AAL1347,30.483078002929688,-95.32982321346508,4892.04,5.969022865929608,192.93364737126183
2024-07-26 14:06:29+00:00,AAL1347,30.48495483398437,-95.32960779526655,4899.66,5.969022865929608,192.93364737126183
2024-07-26 14:06:30+00:00,AAL1347,30.4866943359375,-95.32939237706802,4914.900000000001,5.95317768220749,193.44530958889388
2024-07-26 14:06:31+00:00,AAL1347,30.488433837890625,-95.32917695886948,4922.52,5.95317768220749,193.44530958889388
2024-07-26 14:06:32+00:00,AAL1347,30.4903564453125,-95.32896154067096,4937.76,5.95317768220749,193.44530958889388
2024-07-26 14:06:33+00:00,AAL1347,30.49140930175781,-95.32885383157168,4937.76,5.937416099481517,193.95698652321303
2024-07-26 14:06:34+00:00,AAL1347,30.49297268107786,-95.32864379882812,4945.38,5.937416099481517,193.95698652321303
2024-07-26 14:06:35+00:00,AAL1347,30.494888305664062,-95.32842299517466,4960.62,5.921737460226701,194.46867805805385
2024-07-26 14:06:36+00:00,AAL1347,30.495895385742188,-95.3283152860754,4968.240000000001,5.921737460226701,194.46867805805385
2024-07-26 14:06:37+00:00,AAL1347,30.49800032276218,-95.32803955078124,4975.860000000001,5.921737460226701,194.46867805805385
2024-07-26 14:06:38+00:00,AAL1347,30.50046759136652,-95.3277648925781,4991.1,5.921737460226701,194.46867805805385
2024-07-26 14:06:39+00:00,AAL1347,30.502029418945312,-95.32756132238052,4998.72,5.9061411137705,194.98038407846676
2024-07-26 14:06:40+00:00,AAL1347,30.503952026367188,-95.32734590418198,5006.34,5.9061411137705,194.98038407846676
2024-07-26 14:06:41+00:00,AAL1347,30.505691528320312,-95.32713048598345,5021.58,5.9061411137705,194.98038407846676
2024-07-26 14:06:42+00:00,AAL1347,30.50656593452065,-95.32699584960938,5029.2,5.890626416204101,195.49210447070251
2024-07-26 14:06:43+00:00,AAL1347,30.50816345214844,-95.3268612132353,5036.820000000001,5.890626416204101,195.49210447070251
2024-07-26 14:06:44+00:00,AAL1347,30.510818481445312,-95.3265380859375,5052.06,5.875192730295088,196.0038391221969
2024-07-26 14:06:45+00:00,AAL1347,30.51255798339844,-95.32632266773896,5059.68,5.875192730295088,196.0038391221969
2024-07-26 14:06:46+00:00,AAL1347,30.51361083984375,-95.3262149586397,5067.3,5.875192730295088,196.0038391221969
2024-07-26 14:06:47+00:00,AAL1347,30.516109143273304,-95.32589721679688,5082.54,6.009005957494525,196.56877639608996
2024-07-26 14:06:48+00:00,AAL1347,30.51800537109375,-95.32562255859376,5090.16,6.142051511523458,197.13477970056047
2024-07-26 14:06:49+00:00,AAL1347,30.51997297901218,-95.32540283203122,5105.400000000001,6.142051511523458,197.13477970056047
2024-07-26 14:06:50+00:00,AAL1347,30.520671262579448,-95.32529296874998,5105.400000000001,6.439205091205631,197.2475171181715
2024-07-26 14:06:51+00:00,AAL1347,30.52349853515625,-95.32481474034928,5128.26,7.309543181163286,198.12773964439504
2024-07-26 14:06:52+00:00,AAL1347,30.524917602539062,-95.32459932215072,5135.88,7.751779154296715,198.33000520149596
2024-07-26 14:06:53+00:00,AAL1347,30.526657104492188,-95.32427619485291,5143.5,8.339976065723528,198.61802762844104
2024-07-26 14:06:54+00:00,AAL1347,30.52844548629502,-95.32391967773437,5151.12,8.926407926739337,198.9269205485554
2024-07-26 14:06:55+00:00,AAL1347,30.529998779296875,-95.32357608570771,5166.360000000001,9.68165844650546,198.83510166997803
2024-07-26 14:06:56+00:00,AAL1347,30.531784057617188,-95.3231991038603,5173.9800000000005,10.26514046021372,199.1914944602992
2024-07-26 14:06:57+00:00,AAL1347,30.5338920981197,-95.3227111816406,5189.22,10.84647823813701,199.5684698510179
2024-07-26 14:06:58+00:00,AAL1347,30.534590381686968,-95.32254638671871,5189.22,10.84647823813701,199.5684698510179
2024-07-26 14:06:59+00:00,AAL1347,30.536312814486227,-95.32210693359372,5204.46,12.06378080709098,199.37741647810932
2024-07-26 14:07:00+00:00,AAL1347,30.53947836665784,-95.32122802734376,5219.7,12.496789953605782,199.7056765665608
2024-07-26 14:07:02+00:00,AAL1347,30.542783575542902,-95.32029418945314,5242.56,13.105268990218724,199.65995147123877
2024-07-26 14:07:04+00:00,AAL1347,30.546112060546875,-95.31926772173716,5265.42,14.428918674728369,200.2621534739182
2024-07-26 14:07:05+00:00,AAL1347,30.54766845703125,-95.31878303079044,5273.04,14.751063265739724,200.02347490955424
2024-07-26 14:07:06+00:00,AAL1347,30.54940795898437,-95.31824448529414,5288.280000000001,14.89347295884161,200.15508084505657
2024-07-26 14:07:08+00:00,AAL1347,30.55307006835937,-95.31711353975186,5303.52,15.03569462333468,200.2879216691498
2024-07-26 14:07:09+00:00,AAL1347,30.554443359375,-95.3166827033548,5318.76,15.177726882255053,200.42199492636053
2024-07-26 14:07:10+00:00,AAL1347,30.55605096332097,-95.31617431640626,5326.38,15.139317824216596,200.91853941336896
2024-07-26 14:07:11+00:00,AAL1347,30.557773396120236,-95.315625,5334.0,15.139317824216596,200.91853941336896
2024-07-26 14:07:12+00:00,AAL1347,30.559341430664062,-95.31512092141544,5341.62,15.139317824216596,200.91853941336896
2024-07-26 14:07:13+00:00,AAL1347,30.560760498046875,-95.3146900850184,5349.240000000001,15.101098161385435,201.41517374567184
2024-07-26 14:07:14+00:00,AAL1347,30.56268310546875,-95.3140976849724,5356.860000000001,15.101098161385435,201.41517374567184
2024-07-26 14:07:15+00:00,AAL1347,30.564290709414724,-95.31359252929684,5364.4800000000005,15.06306653010708,201.9118972603029
2024-07-26 14:07:16+00:00,AAL1347,30.566013142213983,-95.3130432128906,5379.72,15.06306653010708,201.9118972603029
2024-07-26 14:07:17+00:00,AAL1347,30.56796833620233,-95.31243896484376,5387.34,15.06306653010708,201.9118972603029
2024-07-26 14:07:18+00:00,AAL1347,30.569737321239405,-95.3118896484375,5394.96,15.165773608046075,202.5426853523529
2024-07-26 14:07:19+00:00,AAL1347,30.57220458984375,-95.31112060546872,5410.2,15.165773608046075,202.5426853523529
2024-07-26 14:07:20+00:00,AAL1347,30.573074340820312,-95.31086641199448,5417.820000000001,15.165773608046075,202.5426853523529
2024-07-26 14:07:21+00:00,AAL1347,30.575882216631356,-95.30996704101562,5433.06,15.165773608046075,202.5426853523529
2024-07-26 14:07:22+00:00,AAL1347,30.57662705243644,-95.30974731445308,5440.68,15.165773608046075,202.5426853523529
2024-07-26 14:07:23+00:00,AAL1347,30.578349485235695,-95.30919799804684,5455.92,15.165773608046075,202.5426853523529
2024-07-26 14:07:24+00:00,AAL1347,30.580490112304688,-95.3085506663603,5463.54,15.127794958170394,203.0392573876164
2024-07-26 14:07:25+00:00,AAL1347,30.58207366426112,-95.30804443359376,5478.780000000001,14.987561971056817,202.90560921655623
2024-07-26 14:07:26+00:00,AAL1347,30.583648681640625,-95.30758128446688,5486.400000000001,14.987561971056817,202.90560921655623
2024-07-26 14:07:27+00:00,AAL1347,30.585617065429688,-95.30693502987134,5494.02,14.987561971056817,202.90560921655623
2024-07-26 14:07:28+00:00,AAL1347,30.58719441042108,-95.3064514160156,5509.26,14.95008637901255,203.40259636389257
2024-07-26 14:07:29+00:00,AAL1347,30.58882141113281,-95.30596564797791,5516.88,14.95008637901255,203.40259636389257
2024-07-26 14:07:30+00:00,AAL1347,30.590918589446503,-95.3052978515625,5524.5,14.91279348969444,203.89967010483767
2024-07-26 14:07:31+00:00,AAL1347,30.5927341267214,-95.30474853515624,5532.12,14.91279348969444,203.89967010483767
2024-07-26 14:07:32+00:00,AAL1347,30.594314575195312,-95.30429615693936,5539.740000000001,14.875682001638795,204.39682980762927
2024-07-26 14:07:33+00:00,AAL1347,30.59701538085937,-95.3034344841452,5554.9800000000005,14.875682001638795,204.39682980762927
2024-07-26 14:07:34+00:00,AAL1347,30.59790142511917,-95.30321044921874,5554.9800000000005,14.875682001638795,204.39682980762927
2024-07-26 14:07:35+00:00,AAL1347,30.59967041015625,-95.30266113281247,5570.22,14.83875062540359,204.8940748465278
2024-07-26 14:07:36+00:00,AAL1347,30.601485947431144,-95.30211181640624,5577.84,14.83875062540359,204.8940748465278
2024-07-26 14:07:37+00:00,AAL1347,30.603240966796875,-95.30154957490812,5585.46,14.801998083433803,205.39140460174667
2024-07-26 14:07:38+00:00,AAL1347,30.60595496226165,-95.3007385253906,5600.700000000001,14.801998083433803,205.39140460174667
2024-07-26 14:07:39+00:00,AAL1347,30.606857299804688,-95.30047248391544,5608.320000000001,14.801998083433803,205.39140460174667
2024-07-26 14:07:40+00:00,AAL1347,30.608608439817267,-95.29991455078124,5615.9400000000005,14.765423109928555,205.8888184593824
2024-07-26 14:07:42+00:00,AAL1347,30.61312400688559,-95.2985412597656,5638.8,14.626900682573153,205.75830744561912
2024-07-26 14:07:43+00:00,AAL1347,30.613998413085938,-95.29831830193018,5646.42,14.626900682573153,205.75830744561912
2024-07-26 14:07:44+00:00,AAL1347,30.615637827727756,-95.29782714843748,5654.04,14.59081324662963,206.25611959519244
2024-07-26 14:07:45+00:00,AAL1347,30.618337857521183,-95.2970031738281,5669.280000000001,14.59081324662963,206.25611959519244
2024-07-26 14:07:46+00:00,AAL1347,30.62015339479608,-95.29645385742184,5676.900000000001,14.59081324662963,206.25611959519244
2024-07-26 14:07:47+00:00,AAL1347,30.62196893207097,-95.2959045410156,5692.14,14.554899604030355,206.7540131733965
2024-07-26 14:07:48+00:00,AAL1347,30.62266721563824,-95.29568481445312,5692.14,14.554899604030355,206.7540131733965
2024-07-26 14:07:50+00:00,AAL1347,30.62611208123676,-95.29464111328122,5715.0,14.554899604030355,206.7540131733965
2024-07-26 14:07:51+00:00,AAL1347,30.628253484176376,-95.29398193359371,5730.240000000001,14.554899604030355,206.7540131733965
2024-07-26 14:07:52+00:00,AAL1347,30.630615234375,-95.29330982881436,5737.860000000001,14.519158530352756,207.2519875933689
2024-07-26 14:07:53+00:00,AAL1347,30.633141469147244,-95.29255371093753,5753.1,14.519158530352756,207.2519875933689
2024-07-26 14:07:54+00:00,AAL1347,30.634957006422137,-95.29200439453126,5768.34,14.519158530352756,207.2519875933689
2024-07-26 14:07:55+00:00,AAL1347,30.63656616210937,-95.29153262867646,5775.96,14.519158530352756,207.2519875933689
2024-07-26 14:07:56+00:00,AAL1347,30.63840187202065,-95.29096069335937,5791.200000000001,14.483588812375764,207.75004227377943
2024-07-26 14:07:57+00:00,AAL1347,30.640045166015625,-95.29050939223345,5798.820000000001,14.483588812375764,207.75004227377943
2024-07-26 14:07:58+00:00,AAL1347,30.641830444335938,-95.28997084673716,5806.4400000000005,14.483588812375764,207.75004227377943
2024-07-26 14:07:59+00:00,AAL1347,30.64366149902344,-95.28943230124082,5821.68,14.483588812375764,207.75004227377943
2024-07-26 14:08:00+00:00,AAL1347,30.6456298828125,-95.28883990119488,5829.3,14.483588812375764,207.75004227377943
2024-07-26 14:08:01+00:00,AAL1347,30.6474609375,-95.28830135569854,5844.54,14.346133484388908,207.62197592331316
2024-07-26 14:08:02+00:00,AAL1347,30.64910888671875,-95.28782958984374,5852.16,14.346133484388908,207.62197592331316
2024-07-26 14:08:03+00:00,AAL1347,30.65073821504237,-95.28733520507814,5859.780000000001,14.31104126260641,208.1204168141951
2024-07-26 14:08:04+00:00,AAL1347,30.652181334414724,-95.28689575195312,5867.400000000001,14.31104126260641,208.1204168141951
2024-07-26 14:08:05+00:00,AAL1347,30.653996871689618,-95.28634643554688,5882.64,14.31104126260641,208.1204168141951
2024-07-26 14:08:06+00:00,AAL1347,30.65565490722656,-95.28587790096508,5890.26,14.31104126260641,208.1204168141951
2024-07-26 14:08:07+00:00,AAL1347,30.658721923828125,-95.28496237362134,5905.5,14.27611674145691,208.6189354032516
2024-07-26 14:08:08+00:00,AAL1347,30.660552978515625,-95.284423828125,5913.12,14.27611674145691,208.6189354032516
2024-07-26 14:08:09+00:00,AAL1347,30.662384033203125,-95.28388528262866,5920.740000000001,14.377895825858442,209.24468214598053
2024-07-26 14:08:10+00:00,AAL1347,30.66423836400953,-95.2833251953125,5928.360000000001,14.342999618181462,209.74305216326172
2024-07-26 14:08:11+00:00,AAL1347,30.6649366475768,-95.28310546874997,5928.360000000001,14.342999618181462,209.74305216326172
2024-07-26 14:08:12+00:00,AAL1347,30.66679873708951,-95.28261108398436,5935.9800000000005,14.308268863822466,210.2414996151029
2024-07-26 14:08:13+00:00,AAL1347,30.668426513671875,-95.28210808249082,5943.6,14.308268863822466,210.2414996151029
2024-07-26 14:08:14+00:00,AAL1347,30.67025756835937,-95.28156953699448,5951.22,14.308268863822466,210.2414996151029
2024-07-26 14:08:15+00:00,AAL1347,30.67231750488281,-95.28097713694854,5958.84,14.308268863822466,210.2414996151029
2024-07-26 14:08:17+00:00,AAL1347,30.67597961425781,-95.27990004595593,5981.700000000001,14.138072352739211,210.61377570533185
2024-07-26 14:08:19+00:00,AAL1347,30.6793212890625,-95.2789306640625,5996.9400000000005,14.138072352739211,210.61377570533185
2024-07-26 14:08:20+00:00,AAL1347,30.68133544921875,-95.27833826401655,6012.18,14.138072352739211,210.61377570533185
2024-07-26 14:08:21+00:00,AAL1347,30.68392996060646,-95.27755737304688,6027.42,14.239299131141395,211.23862462976624
2024-07-26 14:08:22+00:00,AAL1347,30.685373079978813,-95.27717285156253,6035.04,14.239299131141395,211.23862462976624
2024-07-26 14:08:23+00:00,AAL1347,30.68816621424788,-95.27634887695314,6050.280000000001,14.239299131141395,211.23862462976624
2024-07-26 14:08:24+00:00,AAL1347,30.68907165527344,-95.27607637293198,6050.280000000001,14.239299131141395,211.23862462976624
2024-07-26 14:08:25+00:00,AAL1347,30.69072658732786,-95.27557983398437,6057.900000000001,14.239299131141395,211.23862462976624
2024-07-26 14:08:26+00:00,AAL1347,30.69296264648437,-95.2749454273897,6073.14,14.205057886655268,211.73730110893703
2024-07-26 14:08:27+00:00,AAL1347,30.69442749023437,-95.27451459099268,6080.76,14.205057886655268,211.73730110893703
2024-07-26 14:08:28+00:00,AAL1347,30.697036743164062,-95.2737606272978,6088.38,14.205057886655268,211.73730110893703
2024-07-26 14:08:29+00:00,AAL1347,30.69927978515625,-95.2730605181526,6103.62,14.170977562933093,212.23605285524968
2024-07-26 14:08:30+00:00,AAL1347,30.7012939453125,-95.27246811810664,6111.240000000001,14.170977562933093,212.23605285524968
2024-07-26 14:08:31+00:00,AAL1347,30.7020263671875,-95.27225269990812,6118.860000000001,14.170977562933093,212.23605285524968
2024-07-26 14:08:32+00:00,AAL1347,30.705001831054688,-95.27139102711396,6134.1,14.170977562933093,212.23605285524968
2024-07-26 14:08:33+00:00,AAL1347,30.706695556640625,-95.27090633616729,6141.72,14.271336202868756,212.86111286759
2024-07-26 14:08:36+00:00,AAL1347,30.71040344238281,-95.26982924517466,6156.96,14.271336202868756,212.86111286759
2024-07-26 14:08:37+00:00,AAL1347,30.713397527145126,-95.26893310546876,6164.58,14.237280465761089,213.3597183922614
2024-07-26 14:08:38+00:00,AAL1347,30.71617126464844,-95.26810589958644,6179.820000000001,14.237280465761089,213.3597183922614
2024-07-26 14:08:39+00:00,AAL1347,30.717315673828125,-95.26778277228864,6187.4400000000005,14.237280465761089,213.3597183922614
2024-07-26 14:08:40+00:00,AAL1347,30.718048095703125,-95.26756735409008,6187.4400000000005,14.20338354082342,213.85839894397316
2024-07-26 14:08:41+00:00,AAL1347,30.72010803222656,-95.26697495404414,6202.68,14.20338354082342,213.85839894397316
2024-07-26 14:08:42+00:00,AAL1347,30.72198486328125,-95.2664364085478,6210.3,14.20338354082342,213.85839894397316
2024-07-26 14:08:43+00:00,AAL1347,30.723861694335938,-95.26589786305146,6217.92,14.16964434331953,214.3571539990964
2024-07-26 14:08:44+00:00,AAL1347,30.727020263671875,-95.26492848115812,6233.160000000001,14.16964434331953,214.3571539990964
2024-07-26 14:08:45+00:00,AAL1347,30.727968377582098,-95.2646484375,6240.780000000001,14.16964434331953,214.3571539990964
2024-07-26 14:08:46+00:00,AAL1347,30.73004150390625,-95.26406680836396,6248.400000000001,14.16964434331953,214.3571539990964
2024-07-26 14:08:47+00:00,AAL1347,30.732101440429688,-95.26347440831802,6256.02,14.136061798147068,214.85598303878655
2024-07-26 14:08:48+00:00,AAL1347,30.73397827148437,-95.26293586282168,6263.64,14.269016683252469,214.98220213900552
2024-07-26 14:08:49+00:00,AAL1347,30.73564949682203,-95.26239624023437,6271.26,14.269016683252469,214.98220213900552
2024-07-26 14:08:50+00:00,AAL1347,30.7379150390625,-95.2617510627298,6286.5,14.269016683252469,214.98220213900552
2024-07-26 14:08:51+00:00,AAL1347,30.739791870117188,-95.26121251723345,6294.12,14.23530154200568,215.48081241439
2024-07-26 14:08:52+00:00,AAL1347,30.741668701171875,-95.26067397173716,6301.740000000001,14.23530154200568,215.48081241439
2024-07-26 14:08:54+00:00,AAL1347,30.746017456054688,-95.25938146254596,6324.6,14.23530154200568,215.48081241439
2024-07-26 14:08:55+00:00,AAL1347,30.74696169061176,-95.25910034179684,6332.22,14.23530154200568,215.48081241439
2024-07-26 14:08:56+00:00,AAL1347,30.74789428710937,-95.25884291704966,6332.22,14.20174208192315,215.97949695805175
2024-07-26 14:08:57+00:00,AAL1347,30.75146484375,-95.25776582605698,6347.46,14.20174208192315,215.97949695805175
2024-07-26 14:08:58+00:00,AAL1347,30.75240830243644,-95.25750732421876,6355.08,14.20174208192315,215.97949695805175
2024-07-26 14:08:59+00:00,AAL1347,30.75526428222656,-95.25668873506436,6370.320000000001,14.20174208192315,215.97949695805175
2024-07-26 14:09:00+00:00,AAL1347,30.756591796875,-95.25625789866729,6370.320000000001,14.300277449185588,216.60475085563124
2024-07-26 14:09:01+00:00,AAL1347,30.758273884401483,-95.25574951171876,6377.9400000000005,14.300277449185588,216.60475085563124
2024-07-26 14:09:02+00:00,AAL1347,30.759810108249468,-95.25531005859376,6385.56,14.300277449185588,216.60475085563124
2024-07-26 14:09:03+00:00,AAL1347,30.76167219776218,-95.2547607421875,6393.18,14.300277449185588,216.60475085563124
2024-07-26 14:09:04+00:00,AAL1347,30.763767048463983,-95.2541564941406,6400.8,14.266742486841885,217.1032917558695
2024-07-26 14:09:05+00:00,AAL1347,30.765838623046875,-95.25351131663604,6408.42,14.266742486841885,217.1032917558695
2024-07-26 14:09:08+00:00,AAL1347,30.771541272179554,-95.25184936523436,6431.280000000001,14.364582449697206,217.7289649862553
2024-07-26 14:09:09+00:00,AAL1347,30.773849487304688,-95.25119557100186,6438.900000000001,14.33107335028507,218.22736309296013
2024-07-26 14:09:10+00:00,AAL1347,30.7755913168697,-95.25069580078122,6454.14,14.33107335028507,218.22736309296013
2024-07-26 14:09:11+00:00,AAL1347,30.777453406382413,-95.25009155273438,6461.76,14.33107335028507,218.22736309296013
2024-07-26 14:09:12+00:00,AAL1347,30.779205322265625,-95.2495799345129,6469.38,14.33107335028507,218.22736309296013
2024-07-26 14:09:15+00:00,AAL1347,30.784698486328125,-95.24796429802392,6492.240000000001,14.297716972827052,218.7258355025432
2024-07-26 14:09:16+00:00,AAL1347,30.78662109375,-95.24737189797791,6499.860000000001,14.297716972827052,218.7258355025432
2024-07-26 14:09:17+00:00,AAL1347,30.78890525688559,-95.24674072265624,6515.1,14.297716972827052,218.7258355025432
2024-07-26 14:09:19+00:00,AAL1347,30.79235012248411,-95.24569702148438,6522.72,14.394744804517806,219.3517067179339
2024-07-26 14:09:20+00:00,AAL1347,30.794677734375,-95.24500229779414,6537.96,14.394744804517806,219.3517067179339
2024-07-26 14:09:21+00:00,AAL1347,30.7967725850768,-95.24437866210934,6545.58,14.394744804517806,219.3517067179339
2024-07-26 14:09:22+00:00,AAL1347,30.79888916015625,-95.2437636431526,6553.200000000001,14.361414661813384,219.8500374445407
2024-07-26 14:09:24+00:00,AAL1347,30.800822629766948,-95.2431701660156,6560.820000000001,14.361414661813384,219.8500374445407
2024-07-26 14:09:25+00:00,AAL1347,30.804840087890625,-95.2419864430147,6576.06,14.32823528641322,220.34844223166112
2024-07-26 14:09:26+00:00,AAL1347,30.806781316207623,-95.2414123535156,6583.68,14.32823528641322,220.34844223166112
2024-07-26 14:09:27+00:00,AAL1347,30.808689957958155,-95.24086303710936,6591.3,14.32823528641322,220.34844223166112
2024-07-26 14:09:28+00:00,AAL1347,30.8104248046875,-95.24031695197613,6598.92,14.457766781663423,220.47631846510333
2024-07-26 14:09:29+00:00,AAL1347,30.811203002929688,-95.2401015337776,6598.92,14.457766781663423,220.47631846510333
2024-07-26 14:09:30+00:00,AAL1347,30.81390380859375,-95.23932495117184,6614.160000000001,14.42446415240526,220.9745083459576
2024-07-26 14:09:31+00:00,AAL1347,30.81600952148437,-95.23870131548716,6621.780000000001,14.42446415240526,220.9745083459576
2024-07-26 14:09:32+00:00,AAL1347,30.81678771972656,-95.23843204273896,6629.400000000001,14.391311358922072,221.47277254508728
2024-07-26 14:09:33+00:00,AAL1347,30.818893432617188,-95.23783964269302,6637.02,14.391311358922072,221.47277254508728
2024-07-26 14:09:34+00:00,AAL1347,30.82181768902277,-95.23696289062497,6644.64,14.391311358922072,221.47277254508728
2024-07-26 14:09:35+00:00,AAL1347,30.82392883300781,-95.23633171530332,6652.26,14.391311358922072,221.47277254508728
2024-07-26 14:09:36+00:00,AAL1347,30.82586773371292,-95.23575439453124,6659.88,14.358307414318514,221.97111056202004
2024-07-26 14:09:39+00:00,AAL1347,30.83187297239142,-95.2339416503906,6682.740000000001,14.32545134014614,222.469521900694
2024-07-26 14:09:40+00:00,AAL1347,30.833828166379767,-95.23339233398434,6697.9800000000005,14.32545134014614,222.469521900694
2024-07-26 14:09:41+00:00,AAL1347,30.835968017578125,-95.23272346047791,6705.6,14.32545134014614,222.469521900694
2024-07-26 14:09:43+00:00,AAL1347,30.83987995729608,-95.23157958984376,6720.84,14.292742166315556,222.96800606941
2024-07-26 14:09:45+00:00,AAL1347,30.843371375132413,-95.2305908203125,6736.08,14.260178931009577,223.46656258078485
2024-07-26 14:09:47+00:00,AAL1347,30.84727478027344,-95.2294383329504,6751.320000000001,14.260178931009577,223.46656258078485
2024-07-26 14:09:48+00:00,AAL1347,30.849236957097457,-95.22883300781253,6758.9400000000005,14.227760680597454,223.96519095170456
2024-07-26 14:09:49+00:00,AAL1347,30.851192151085804,-95.22828369140626,6766.56,14.227760680597454,223.96519095170456
2024-07-26 14:09:50+00:00,AAL1347,30.852951049804688,-95.22776884191175,6774.18,14.227760680597454,223.96519095170456
2024-07-26 14:09:51+00:00,AAL1347,30.85473012115996,-95.22723999023437,6774.18,14.227760680597454,223.96519095170456
2024-07-26 14:09:52+00:00,AAL1347,30.856704711914062,-95.22663789636948,6781.8,14.322719978203551,224.59060208503303
2024-07-26 14:09:53+00:00,AAL1347,30.858673095703125,-95.22604549632354,6789.42,14.322719978203551,224.59060208503303
2024-07-26 14:09:54+00:00,AAL1347,30.860409494173727,-95.225537109375,6797.04,14.322719978203551,224.59060208503303
2024-07-26 14:09:55+00:00,AAL1347,30.86334228515625,-95.224658203125,6812.280000000001,14.322719978203551,224.59060208503303
2024-07-26 14:09:56+00:00,AAL1347,30.86434936523437,-95.22437600528492,6812.280000000001,14.290325081817716,225.08909196537232
2024-07-26 14:09:57+00:00,AAL1347,30.8668802552304,-95.22361450195314,6827.52,14.417151625745182,225.21662670042448
2024-07-26 14:09:58+00:00,AAL1347,30.86787414550781,-95.22335276884188,6827.52,14.417151625745182,225.21662670042448
2024-07-26 14:09:59+00:00,AAL1347,30.871023404396183,-95.22240600585934,6842.76,14.417151625745182,225.21662670042448
2024-07-26 14:10:00+00:00,AAL1347,30.87297859838453,-95.2218017578125,6850.38,14.417151625745182,225.21662670042448
2024-07-26 14:10:01+00:00,AAL1347,30.875166553561968,-95.221142578125,6858.0,14.417151625745182,225.21662670042448
2024-07-26 14:10:02+00:00,AAL1347,30.87674932964777,-95.220703125,6865.620000000001,14.417151625745182,225.21662670042448
2024-07-26 14:10:03+00:00,AAL1347,30.878494262695312,-95.22017535041364,6880.860000000001,14.417151625745182,225.21662670042448
2024-07-26 14:10:04+00:00,AAL1347,30.879495911679022,-95.21987915039062,6880.860000000001,14.384638054405174,225.71490651805613
2024-07-26 14:10:05+00:00,AAL1347,30.8814697265625,-95.21931367761948,6888.4800000000005,14.384638054405174,225.71490651805613
2024-07-26 14:10:06+00:00,AAL1347,30.883639060844807,-95.21867065429689,6903.72,14.384638054405174,225.71490651805613
2024-07-26 14:10:07+00:00,AAL1347,30.885772705078125,-95.21802116842832,6903.72,14.384638054405174,225.71490651805613
2024-07-26 14:10:09+00:00,AAL1347,30.88973740399894,-95.21685791015624,6918.96,14.352267728731986,226.21325870039
2024-07-26 14:10:10+00:00,AAL1347,30.89154052734375,-95.21629782284008,6926.58,14.352267728731986,226.21325870039
2024-07-26 14:10:11+00:00,AAL1347,30.89350891113281,-95.21570542279414,6934.200000000001,14.320039724684758,226.7116827702149
2024-07-26 14:10:12+00:00,AAL1347,30.895882299390887,-95.21499023437497,6941.820000000001,14.320039724684758,226.7116827702149
2024-07-26 14:10:13+00:00,AAL1347,30.897674560546875,-95.2144667681526,6949.4400000000005,14.287953125969963,227.2101782544388
2024-07-26 14:10:14+00:00,AAL1347,30.899642944335938,-95.21387436810664,6957.06,14.287953125969963,227.2101782544388
2024-07-26 14:10:15+00:00,AAL1347,30.90281858282574,-95.21295776367184,6964.68,14.413597701184928,227.33768721484483
2024-07-26 14:10:16+00:00,AAL1347,30.90463256835937,-95.21242029526655,6972.3,14.381394591090604,227.83597462069983
2024-07-26 14:10:17+00:00,AAL1347,30.906005859375,-95.21198945886948,6979.92,14.381394591090604,227.83597462069983
2024-07-26 14:10:18+00:00,AAL1347,30.907799672272244,-95.211474609375,6987.54,14.381394591090604,227.83597462069983
2024-07-26 14:10:19+00:00,AAL1347,30.9107666015625,-95.21058924057904,7002.780000000001,14.381394591090604,227.83597462069983
2024-07-26 14:10:20+00:00,AAL1347,30.9129638671875,-95.20994298598345,7010.400000000001,14.381394591090604,227.83597462069983
2024-07-26 14:10:21+00:00,AAL1347,30.91415405273437,-95.20961985868564,7018.02,14.381394591090604,227.83597462069983
2024-07-26 14:10:22+00:00,AAL1347,30.91594631389036,-95.20905761718753,7025.64,14.381394591090604,227.83597462069983
2024-07-26 14:10:23+00:00,AAL1347,30.91831970214844,-95.20832734949448,7033.26,14.349332042947134,228.33433368591767
2024-07-26 14:10:24+00:00,AAL1347,30.920333862304688,-95.20773494944854,7040.88,14.349332042947134,228.33433368591767
2024-07-26 14:10:25+00:00,AAL1347,30.922137761520126,-95.20724487304688,7048.5,14.349332042947134,228.33433368591767
2024-07-26 14:10:26+00:00,AAL1347,30.924325716697563,-95.2065856933594,7056.120000000001,14.349332042947134,228.33433368591767
2024-07-26 14:10:27+00:00,AAL1347,30.926513671875,-95.20590389476104,7063.740000000001,14.349332042947134,228.33433368591767
2024-07-26 14:10:28+00:00,AAL1347,30.928329209149894,-95.2053771972656,7071.360000000001,14.349332042947134,228.33433368591767
2024-07-26 14:10:29+00:00,AAL1347,30.93013000488281,-95.2048268037684,7078.9800000000005,14.442146831883774,228.96052516649493
2024-07-26 14:10:30+00:00,AAL1347,30.932281494140625,-95.2041805491728,7094.22,14.442146831883774,228.96052516649493
2024-07-26 14:10:31+00:00,AAL1347,30.934295654296875,-95.20358814912686,7101.84,14.442146831883774,228.96052516649493
2024-07-26 14:10:32+00:00,AAL1347,30.936309814453125,-95.20299574908093,7109.46,14.442146831883774,228.96052516649493
2024-07-26 14:10:33+00:00,AAL1347,30.938690185546875,-95.20229563993564,7117.08,14.442146831883774,228.96052516649493
2024-07-26 14:10:34+00:00,AAL1347,30.939874164128707,-95.20191650390626,7124.700000000001,14.442146831883774,228.96052516649493
2024-07-26 14:10:35+00:00,AAL1347,30.94171142578125,-95.20138011259188,7132.320000000001,14.442146831883774,228.96052516649493
2024-07-26 14:10:36+00:00,AAL1347,30.94471559686176,-95.20048828125,7139.9400000000005,14.410109479855755,229.45874858776145
2024-07-26 14:10:37+00:00,AAL1347,30.94569396972656,-95.2001953125,7147.56,14.410109479855755,229.45874858776145
2024-07-26 14:10:38+00:00,AAL1347,30.947508731130824,-95.1996643066406,7147.56,14.410109479855755,229.45874858776145
2024-07-26 14:10:39+00:00,AAL1347,30.94990539550781,-95.19895665785845,7155.18,14.502305147514218,230.0853306144516
2024-07-26 14:10:40+00:00,AAL1347,30.951698432534428,-95.19840087890624,7162.8,14.502305147514218,230.0853306144516
2024-07-26 14:10:41+00:00,AAL1347,30.953521728515625,-95.19787956686582,7170.42,14.502305147514218,230.0853306144516
2024-07-26 14:10:42+00:00,AAL1347,30.955934686175848,-95.19713745117184,7178.04,14.470294100065887,230.5834191641333
2024-07-26 14:10:43+00:00,AAL1347,30.957733154296875,-95.19658705767466,7178.04,14.470294100065887,230.5834191641333
2024-07-26 14:10:44+00:00,AAL1347,30.960170939817267,-95.19587402343753,7185.660000000001,14.438421060025352,231.08157937867225
2024-07-26 14:10:45+00:00,AAL1347,30.96217268604343,-95.1952697753906,7193.280000000001,14.438421060025352,231.08157937867225
2024-07-26 14:10:46+00:00,AAL1347,30.96400451660156,-95.1947021484375,7200.900000000001,14.438421060025352,231.08157937867225
2024-07-26 14:10:47+00:00,AAL1347,30.96620178222656,-95.19405589384188,7208.52,14.438421060025352,231.08157937867225
2024-07-26 14:10:48+00:00,AAL1347,30.96821594238281,-95.19346349379596,7216.14,14.529894403998524,231.70834169203889
2024-07-26 14:10:49+00:00,AAL1347,30.97004001423464,-95.19290771484371,7223.76,14.529894403998524,231.70834169203889
2024-07-26 14:10:50+00:00,AAL1347,30.97087795451536,-95.1926330566406,7223.76,14.529894403998524,231.70834169203889
2024-07-26 14:10:51+00:00,AAL1347,30.97390384997352,-95.19175415039064,7239.0,14.529894403998524,231.70834169203889
2024-07-26 14:10:52+00:00,AAL1347,30.97632456634004,-95.1910400390625,7246.620000000001,14.529894403998524,231.70834169203889
2024-07-26 14:10:53+00:00,AAL1347,30.978559073755296,-95.19032592773436,7254.240000000001,14.529894403998524,231.70834169203889
2024-07-26 14:10:54+00:00,AAL1347,30.9803466796875,-95.18980138442096,7261.860000000001,14.529894403998524,231.70834169203889
2024-07-26 14:10:55+00:00,AAL1347,30.98260911844544,-95.18911743164062,7269.48,14.49804791815617,232.2063680326411
2024-07-26 14:10:56+00:00,AAL1347,30.984420776367188,-95.1885627297794,7277.1,14.49804791815617,232.2063680326411
2024-07-26 14:10:57+00:00,AAL1347,30.98684537208686,-95.18785400390624,7284.72,14.466337755678236,232.70446580460023
2024-07-26 14:10:58+00:00,AAL1347,30.988677978515625,-95.1873240751379,7284.72,14.466337755678236,232.70446580460023
2024-07-26 14:11:00+00:00,AAL1347,30.992757506289724,-95.18609619140624,7292.34,14.434763062408908,233.20263455020535
2024-07-26 14:11:01+00:00,AAL1347,30.99458312988281,-95.185546875,7299.96,14.434763062408908,233.20263455020535
2024-07-26 14:11:03+00:00,AAL1347,30.99764549126059,-95.1846130371094,7307.58,14.525416465768425,233.829370629485
2024-07-26 14:11:04+00:00,AAL1347,31.000900268554688,-95.1836619657629,7315.200000000001,14.493867758276153,234.3274067096077
2024-07-26 14:11:05+00:00,AAL1347,31.00254821777344,-95.18312342026655,7322.820000000001,14.493867758276153,234.3274067096077
2024-07-26 14:11:06+00:00,AAL1347,31.005615234375,-95.1822078929228,7330.44,14.493867758276153,234.3274067096077
2024-07-26 14:11:07+00:00,AAL1347,31.006630073159428,-95.18192138671871,7330.44,14.462452882171354,234.8255135345752
2024-07-26 14:11:08+00:00,AAL1347,31.00867837162341,-95.18131713867189,7338.06,14.462452882171354,234.8255135345752
2024-07-26 14:11:10+00:00,AAL1347,31.013007729740465,-95.17999877929684,7353.3,14.43117100644464,235.3236906551534
2024-07-26 14:11:11+00:00,AAL1347,31.01527404785156,-95.17935360179229,7360.92,14.55240769769132,235.45242584359684
2024-07-26 14:11:12+00:00,AAL1347,31.0172905356197,-95.17873535156248,7368.54,14.55240769769132,235.45242584359684
2024-07-26 14:11:13+00:00,AAL1347,31.019385386321503,-95.17807617187498,7368.54,14.52101903462529,235.95040096952175
2024-07-26 14:11:14+00:00,AAL1347,31.020595744504767,-95.17774658203126,7376.160000000001,14.52101903462529,235.95040096952175
2024-07-26 14:11:15+00:00,AAL1347,31.023696899414062,-95.17676858340992,7383.780000000001,14.52101903462529,235.95040096952175
2024-07-26 14:11:16+00:00,AAL1347,31.02452087402344,-95.17655316521144,7383.780000000001,14.52101903462529,235.95040096952175
2024-07-26 14:11:17+00:00,AAL1347,31.026973401085804,-95.1758239746094,7391.400000000001,14.48976259388445,236.448446611476
2024-07-26 14:11:18+00:00,AAL1347,31.028823852539062,-95.1752606560202,7399.02,14.610390816209422,236.57768842879167
2024-07-26 14:11:19+00:00,AAL1347,31.03214069948358,-95.17423095703124,7406.64,14.57902935154834,237.07553259429915
2024-07-26 14:11:20+00:00,AAL1347,31.03381658004502,-95.17373657226562,7414.26,14.57902935154834,237.07553259429915
2024-07-26 14:11:21+00:00,AAL1347,31.035864878509003,-95.17313232421871,7414.26,14.57902935154834,237.07553259429915
2024-07-26 14:11:22+00:00,AAL1347,31.038145938162074,-95.1724182128906,7421.88,14.57902935154834,237.07553259429915
2024-07-26 14:11:23+00:00,AAL1347,31.04024078886388,-95.17181396484376,7429.5,14.54779933451352,237.5734474908529
2024-07-26 14:11:24+00:00,AAL1347,31.04103217690678,-95.17159423828122,7429.5,14.54779933451352,237.5734474908529
2024-07-26 14:11:25+00:00,AAL1347,31.04228908732786,-95.17120971679684,7437.120000000001,14.516699958854636,238.07143267466125
2024-07-26 14:11:26+00:00,AAL1347,31.04582705740201,-95.17011108398437,7444.740000000001,14.516699958854636,238.07143267466125
2024-07-26 14:11:27+00:00,AAL1347,31.04896545410156,-95.16917509191175,7452.360000000001,14.516699958854636,238.07143267466125
2024-07-26 14:11:28+00:00,AAL1347,31.049789428710938,-95.16895967371325,7459.98,14.485730424744768,238.5694877055755
2024-07-26 14:11:29+00:00,AAL1347,31.052078247070312,-95.16825956456802,7467.6,14.485730424744768,238.5694877055755
2024-07-26 14:11:30+00:00,AAL1347,31.054183959960938,-95.1676133099724,7475.22,14.485730424744768,238.5694877055755
2024-07-26 14:11:31+00:00,AAL1347,31.05685993776483,-95.16681518554684,7482.84,14.454889938718235,239.06761214705352
2024-07-26 14:11:32+00:00,AAL1347,31.057891845703125,-95.16648236443018,7482.84,14.454889938718235,239.06761214705352
2024-07-26 14:11:33+00:00,AAL1347,31.05917358398437,-95.16610538258271,7490.46,14.60528895514721,238.6986898302742
2024-07-26 14:11:34+00:00,AAL1347,31.0612358481197,-95.16549682617188,7498.08,14.60528895514721,238.6986898302742
2024-07-26 14:11:35+00:00,AAL1347,31.064168639102224,-95.16456298828126,7505.700000000001,14.995079129175986,238.5955555698181
2024-07-26 14:11:36+00:00,AAL1347,31.065006579382946,-95.16428833007814,7505.700000000001,14.995079129175986,238.5955555698181
2024-07-26 14:11:37+00:00,AAL1347,31.06915283203125,-95.1628741096048,7520.94,15.775580809799091,238.4224559838685
2024-07-26 14:11:38+00:00,AAL1347,31.071212768554688,-95.16212014590992,7520.94,16.284922471883405,238.4962605934416
2024-07-26 14:11:39+00:00,AAL1347,31.0722221762447,-95.16176147460936,7528.56,16.284922471883405,238.4962605934416
2024-07-26 14:11:41+00:00,AAL1347,31.07655153436176,-95.16005859374997,7536.18,18.630496799192866,238.329751664189
2024-07-26 14:11:42+00:00,AAL1347,31.07757568359375,-95.1595889820772,7543.8,19.487918109362727,239.0194519259033
2024-07-26 14:11:43+00:00,AAL1347,31.079810191009003,-95.15863037109376,7551.42,19.487918109362727,239.0194519259033
2024-07-26 14:11:44+00:00,AAL1347,31.08204469842426,-95.15758666992184,7559.04,21.16125981682828,239.41275324901736
2024-07-26 14:11:45+00:00,AAL1347,31.085629220736227,-95.15582885742184,7566.660000000001,21.98453560513154,239.11244225396143
2024-07-26 14:11:46+00:00,AAL1347,31.08744475801112,-95.15489501953124,7574.280000000001,22.761967284435496,239.3359139427783
2024-07-26 14:11:48+00:00,AAL1347,31.089614868164062,-95.15371883616729,7581.900000000001,24.1997113738594,239.7033034841206
2024-07-26 14:11:49+00:00,AAL1347,31.091774116128175,-95.15253295898437,7589.52,24.1997113738594,239.7033034841206
2024-07-26 14:11:50+00:00,AAL1347,31.093551635742188,-95.15156465418198,7597.14,24.860976878417738,239.83520525469967
2024-07-26 14:11:52+00:00,AAL1347,31.098989712989933,-95.14830322265624,7612.38,26.83919157081121,240.42208868902577
2024-07-26 14:11:53+00:00,AAL1347,31.101287841796875,-95.14687930836396,7620.0,27.496162558828804,240.68118355599967
2024-07-26 14:11:54+00:00,AAL1347,31.103039757680083,-95.14572143554688,7627.620000000001,28.20945444177308,240.5183879450645
2024-07-26 14:11:55+00:00,AAL1347,31.104766845703125,-95.1446174172794,7627.620000000001,28.86441133869448,240.8433196987451
2024-07-26 14:11:56+00:00,AAL1347,31.106810488943324,-95.1431945800781,7635.240000000001,29.517518285951667,241.19963557149336
2024-07-26 14:11:57+00:00,AAL1347,31.10870361328125,-95.14187083524814,7642.860000000001,30.23004168957669,241.14257261294836
2024-07-26 14:11:58+00:00,AAL1347,31.110395011255296,-95.1406677246094,7650.48,30.23004168957669,241.14257261294836
2024-07-26 14:11:59+00:00,AAL1347,31.11225710076801,-95.13929443359376,7658.1,31.487469364213982,241.30933410386012
2024-07-26 14:12:00+00:00,AAL1347,31.114072638042902,-95.13792114257814,7658.1,32.19956156377517,241.3553926194644
2024-07-26 14:12:01+00:00,AAL1347,31.116256713867188,-95.13621610753675,7665.72,32.91127215368364,241.4387142653897
2024-07-26 14:12:02+00:00,AAL1347,31.117355346679688,-95.13540828929229,7673.34,33.62238205302052,241.55926048184207
2024-07-26 14:12:03+00:00,AAL1347,31.118262339446503,-95.13462524414064,7673.34,33.62238205302052,241.55926048184207
2024-07-26 14:12:04+00:00,AAL1347,31.121846861758478,-95.13165893554684,7688.580000000001,34.23185543889217,241.42720443419927
2024-07-26 14:12:06+00:00,AAL1347,31.12342963784428,-95.13034057617188,7696.200000000001,36.16197559522472,241.4984469571188
2024-07-26 14:12:07+00:00,AAL1347,31.125198622881356,-95.12880249023436,7703.820000000001,36.16197559522472,241.4984469571188
2024-07-26 14:12:08+00:00,AAL1347,31.128829697431144,-95.12550659179686,7719.06,37.47940422251922,241.8023616341884
2024-07-26 14:12:09+00:00,AAL1347,31.130355834960938,-95.12404497931988,7726.68,37.47940422251922,241.8023616341884
2024-07-26 14:12:10+00:00,AAL1347,31.131362915039062,-95.12312945197613,7726.68,38.08877288097532,241.84340189274545
2024-07-26 14:12:11+00:00,AAL1347,31.13371768240201,-95.12078247070308,7734.3,39.30654589265415,242.0074933298488
2024-07-26 14:12:13+00:00,AAL1347,31.137222290039062,-95.11725930606616,7749.54,40.52212042615036,242.2807320906159
2024-07-26 14:12:14+00:00,AAL1347,31.13900756835937,-95.11537439682904,7757.160000000001,41.11710143963632,241.73230349984544
2024-07-26 14:12:16+00:00,AAL1347,31.14129638671875,-95.1130047966452,7764.780000000001,42.33100114139312,242.16764864063416
2024-07-26 14:12:17+00:00,AAL1347,31.142257690429688,-95.1119277056526,7772.400000000001,43.01913106273433,242.04959219184872
2024-07-26 14:12:18+00:00,AAL1347,31.14399719238281,-95.10998894186582,7772.400000000001,43.01913106273433,242.04959219184872
2024-07-26 14:12:19+00:00,AAL1347,31.146333338850635,-95.10721435546871,7787.64,43.70783311375008,241.96648090306147
2024-07-26 14:12:20+00:00,AAL1347,31.14710998535156,-95.10638068704044,7787.64,44.31179550696031,242.28619372274636
2024-07-26 14:12:21+00:00,AAL1347,31.14971923828125,-95.10320326861216,7802.88,45.343084399523526,243.00060619847088
2024-07-26 14:12:22+00:00,AAL1347,31.151275634765625,-95.10137221392466,7810.5,45.68614419783523,243.01367508007365
2024-07-26 14:12:23+00:00,AAL1347,31.15292358398437,-95.09932574103864,7818.120000000001,46.02608335820097,243.76287165783265
2024-07-26 14:12:24+00:00,AAL1347,31.15429377151748,-95.09765625,7825.740000000001,46.19705104388875,243.7769853108175
2024-07-26 14:12:25+00:00,AAL1347,31.155829995365465,-95.09584350585936,7833.360000000001,46.19705104388875,243.7769853108175
2024-07-26 14:12:27+00:00,AAL1347,31.15887451171875,-95.0921630859375,7848.6,46.28061635295023,244.1485318780121
2024-07-26 14:12:28+00:00,AAL1347,31.159600726628707,-95.09122924804689,7848.6,46.19348942398204,244.50436068817064
2024-07-26 14:12:29+00:00,AAL1347,31.160531771385063,-95.0901306152344,7856.22,46.19348942398204,244.50436068817064
2024-07-26 14:12:30+00:00,AAL1347,31.16206799523305,-95.0882629394531,7863.84,46.19348942398204,244.50436068817064
2024-07-26 14:12:31+00:00,AAL1347,31.16450500488281,-95.08532355813418,7871.46,45.85255283973276,244.4783815991355
2024-07-26 14:12:32+00:00,AAL1347,31.16542053222656,-95.08424646714155,7879.080000000001,45.85255283973276,244.4783815991355
2024-07-26 14:12:33+00:00,AAL1347,31.167887024960272,-95.08128662109374,7886.700000000001,45.85255283973276,244.4783815991355
2024-07-26 14:12:34+00:00,AAL1347,31.169586181640625,-95.0792918485754,7894.320000000001,45.85255283973276,244.4783815991355
2024-07-26 14:12:35+00:00,AAL1347,31.170354293564618,-95.0783752441406,7894.320000000001,45.76616831987474,244.8369738467817
2024-07-26 14:12:36+00:00,AAL1347,31.17205810546875,-95.0763298483456,7901.94,45.76616831987474,244.8369738467817
2024-07-26 14:12:37+00:00,AAL1347,31.17342674126059,-95.07469482421874,7909.56,45.76616831987474,244.8369738467817
2024-07-26 14:12:38+00:00,AAL1347,31.17514917405985,-95.07266235351562,7917.18,45.68003666544274,245.1961210150461
2024-07-26 14:12:39+00:00,AAL1347,31.17686462402344,-95.07062126608456,7924.8,45.68003666544274,245.1961210150461
2024-07-26 14:12:40+00:00,AAL1347,31.1788330078125,-95.06825166590072,7932.42,45.68003666544274,245.1961210150461
2024-07-26 14:12:41+00:00,AAL1347,31.18022336798199,-95.06661987304688,7940.04,45.59415715535965,245.5558206690667
2024-07-26 14:12:42+00:00,AAL1347,31.181625366210938,-95.06496653837314,7947.660000000001,45.59415715535965,245.5558206690667
2024-07-26 14:12:43+00:00,AAL1347,31.18320271120233,-95.06310424804684,7955.280000000001,45.59415715535965,245.5558206690667
2024-07-26 14:12:45+00:00,AAL1347,31.186275158898304,-95.05942382812498,7970.52,45.50852906823211,245.9160703844928
2024-07-26 14:12:46+00:00,AAL1347,31.18798828125,-95.05742690142466,7978.14,45.50852906823211,245.9160703844928
2024-07-26 14:12:48+00:00,AAL1347,31.19032287597656,-95.0546803193934,7985.76,45.33902432445145,245.9106893712826
2024-07-26 14:12:49+00:00,AAL1347,31.19265281547934,-95.05189819335936,8001.0,45.33902432445145,245.9106893712826
2024-07-26 14:12:52+00:00,AAL1347,31.195770263671875,-95.04827162798716,8016.240000000001,45.33902432445145,245.9106893712826
2024-07-26 14:12:54+00:00,AAL1347,31.200427039194917,-95.0427795410156,8039.1,45.25464623227285,245.54504273529147
2024-07-26 14:12:56+00:00,AAL1347,31.203406382415253,-95.03931884765626,8054.34,45.33902432445145,245.9106893712826
2024-07-26 14:12:58+00:00,AAL1347,31.2066650390625,-95.03545424517466,8069.580000000001,45.25389396375348,246.2725692529885
2024-07-26 14:12:59+00:00,AAL1347,31.208404541015625,-95.03340777228864,8077.200000000001,45.25389396375348,246.2725692529885
2024-07-26 14:13:00+00:00,AAL1347,31.20917885990466,-95.03250732421871,8077.200000000001,45.25389396375348,246.2725692529885
2024-07-26 14:13:01+00:00,AAL1347,31.2099609375,-95.03157671760113,8084.820000000001,45.25389396375348,246.2725692529885
2024-07-26 14:13:02+00:00,AAL1347,31.211692680746825,-95.029541015625,8092.44,45.33802427593754,246.6382103545791
2024-07-26 14:13:04+00:00,AAL1347,31.215728759765625,-95.0247910443474,8107.68,45.33802427593754,246.6382103545791
2024-07-26 14:13:05+00:00,AAL1347,31.21728515625,-95.02295998965992,8122.92,45.33802427593754,246.6382103545791
2024-07-26 14:13:06+00:00,AAL1347,31.217926025390625,-95.02220602596508,8122.92,45.33802427593754,246.6382103545791
2024-07-26 14:13:07+00:00,AAL1347,31.21961975097656,-95.02021340762866,8130.54,45.33802427593754,246.6382103545791
2024-07-26 14:13:11+00:00,AAL1347,31.226170426708155,-95.0124572753906,8161.02,45.33802427593754,246.6382103545791
2024-07-26 14:13:12+00:00,AAL1347,31.22835838188559,-95.00987548828124,8176.26,45.421905330805714,247.00438164658027
2024-07-26 14:13:13+00:00,AAL1347,31.230239868164062,-95.00766529756436,8183.88,45.421905330805714,247.00438164658027
2024-07-26 14:13:14+00:00,AAL1347,31.23166359077065,-95.00603027343747,8191.5,45.421905330805714,247.00438164658027
2024-07-26 14:13:17+00:00,AAL1347,31.23568725585937,-95.00120275160845,8206.74,45.33703010985781,247.36573141257117
2024-07-26 14:13:18+00:00,AAL1347,31.23788452148437,-94.99861773322613,8214.36,45.33703010985781,247.36573141257117
2024-07-26 14:13:19+00:00,AAL1347,31.238525390625,-94.99791762408093,8221.98,45.33703010985781,247.36573141257117
2024-07-26 14:13:21+00:00,AAL1347,31.24260336665784,-94.9931213378906,8237.220000000001,45.33703010985781,247.36573141257117
2024-07-26 14:13:22+00:00,AAL1347,31.244155883789062,-94.99123965992646,8244.84,45.33703010985781,247.36573141257117
2024-07-26 14:13:23+00:00,AAL1347,31.245582709878175,-94.98960571289064,8252.460000000001,45.33703010985781,247.36573141257117
2024-07-26 14:13:24+00:00,AAL1347,31.246994018554688,-94.98795453239892,8260.08,45.33703010985781,247.36573141257117
2024-07-26 14:13:25+00:00,AAL1347,31.24790954589844,-94.98682358685664,8260.08,45.33703010985781,247.36573141257117
2024-07-26 14:13:27+00:00,AAL1347,31.25184631347656,-94.98219209558825,8275.32,45.336041774463006,248.0932525446017
2024-07-26 14:13:28+00:00,AAL1347,31.25326382911811,-94.98054199218753,8282.94,45.336041774463006,248.0932525446017
2024-07-26 14:13:32+00:00,AAL1347,31.25954838122352,-94.97312622070314,8305.800000000001,45.336041774463006,248.0932525446017
2024-07-26 14:13:37+00:00,AAL1347,31.267730712890625,-94.96350456686582,8336.28,45.41943452428551,248.45940979237628
2024-07-26 14:13:38+00:00,AAL1347,31.269287109375,-94.96161965762866,8343.9,45.418209941497096,249.18692403702485
2024-07-26 14:13:39+00:00,AAL1347,31.271026611328125,-94.95957318474268,8351.52,45.418209941497096,249.18692403702485
2024-07-26 14:13:41+00:00,AAL1347,31.273223876953125,-94.9569881663603,8359.140000000001,45.418209941497096,249.18692403702485
2024-07-26 14:13:42+00:00,AAL1347,31.274185180664062,-94.95585722081802,8359.140000000001,45.418209941497096,249.18692403702485
2024-07-26 14:13:43+00:00,AAL1347,31.277331336069917,-94.95214233398434,8374.380000000001,45.418209941497096,249.18692403702485
2024-07-26 14:13:45+00:00,AAL1347,31.279037475585938,-94.95009478400738,8382.0,45.418209941497096,249.18692403702485
2024-07-26 14:13:49+00:00,AAL1347,31.28553771972656,-94.94244743795956,8412.48,45.418209941497096,249.18692403702485
2024-07-26 14:13:51+00:00,AAL1347,31.289794921875,-94.93738511029414,8427.720000000001,45.418209941497096,249.18692403702485
2024-07-26 14:13:52+00:00,AAL1347,31.29022630594544,-94.93687133789064,8427.720000000001,45.418209941497096,249.18692403702485
2024-07-26 14:13:53+00:00,AAL1347,31.29180908203125,-94.93496165556064,8435.34,45.418209941497096,249.18692403702485
2024-07-26 14:13:55+00:00,AAL1347,31.29641775357521,-94.9295654296875,8450.58,45.41699248836071,249.91443839484063
2024-07-26 14:13:58+00:00,AAL1347,31.29939709679555,-94.92599487304688,8458.2,45.4996598288637,250.28110354199703
2024-07-26 14:14:01+00:00,AAL1347,31.305084228515625,-94.91928998161768,8481.060000000001,45.4996598288637,250.28110354199703
2024-07-26 14:14:03+00:00,AAL1347,31.308425903320312,-94.91535859949448,8496.300000000001,45.4996598288637,250.28110354199703
2024-07-26 14:14:04+00:00,AAL1347,31.310302734375,-94.91309670840992,8503.92,45.58208513519042,250.64828817977067
2024-07-26 14:14:05+00:00,AAL1347,31.311733439817267,-94.9113830566406,8511.54,45.58208513519042,250.64828817977067
2024-07-26 14:14:08+00:00,AAL1347,31.31666797702595,-94.9055603027344,8526.78,45.498211612613645,251.0086096394888
2024-07-26 14:14:09+00:00,AAL1347,31.318084716796875,-94.9038875804228,8534.4,45.498211612613645,251.0086096394888
2024-07-26 14:14:10+00:00,AAL1347,31.318855932203387,-94.90292358398438,8534.4,45.498211612613645,251.0086096394888
2024-07-26 14:14:11+00:00,AAL1347,31.32142639160156,-94.89995619829966,8542.02,45.498211612613645,251.0086096394888
2024-07-26 14:14:12+00:00,AAL1347,31.32285942465572,-94.89825439453124,8549.640000000001,45.41457872343244,251.3694674460433
2024-07-26 14:14:14+00:00,AAL1347,31.32616463354078,-94.89429931640626,8557.26,45.496771766924674,251.7361158964188
2024-07-26 14:14:17+00:00,AAL1347,31.330773305084744,-94.88880615234376,8580.12,45.496771766924674,251.7361158964188
2024-07-26 14:14:18+00:00,AAL1347,31.33222961425781,-94.88713881548716,8580.12,45.496771766924674,251.7361158964188
2024-07-26 14:14:19+00:00,AAL1347,31.333659543829448,-94.8854553222656,8587.74,45.496771766924674,251.7361158964188
2024-07-26 14:14:20+00:00,AAL1347,31.33506774902344,-94.8837459788603,8595.36,45.57872556560776,252.10328088777675
2024-07-26 14:14:21+00:00,AAL1347,31.33648681640625,-94.88202263327209,8595.36,45.57872556560776,252.10328088777675
2024-07-26 14:14:22+00:00,AAL1347,31.33826821537341,-94.87996215820311,8602.98,45.57872556560776,252.10328088777675
2024-07-26 14:14:23+00:00,AAL1347,31.340011596679688,-94.8778758329504,8610.6,45.49534021943608,252.46362231140884
2024-07-26 14:14:24+00:00,AAL1347,31.34143376754502,-94.876171875,8618.220000000001,45.49534021943608,252.46362231140884
2024-07-26 14:14:25+00:00,AAL1347,31.343202752582098,-94.87408447265624,8618.220000000001,45.49534021943608,252.46362231140884
2024-07-26 14:14:26+00:00,AAL1347,31.344635009765625,-94.8723826688879,8625.84,45.49534021943608,252.46362231140884
2024-07-26 14:14:28+00:00,AAL1347,31.34813728979078,-94.8682067871094,8641.08,45.57706028107899,252.83077756401028
2024-07-26 14:14:29+00:00,AAL1347,31.35037179720604,-94.86557006835938,8648.7,45.57706028107899,252.83077756401028
2024-07-26 14:14:30+00:00,AAL1347,31.351023528535485,-94.8648010253906,8648.7,45.57706028107899,252.83077756401028
2024-07-26 14:14:31+00:00,AAL1347,31.352745961334744,-94.86271362304689,8656.32,45.57706028107899,252.83077756401028
2024-07-26 14:14:32+00:00,AAL1347,31.35420227050781,-94.86101935891544,8656.32,45.57706028107899,252.83077756401028
2024-07-26 14:14:33+00:00,AAL1347,31.35580444335937,-94.85913444967832,8663.94,45.57706028107899,252.83077756401028
2024-07-26 14:14:34+00:00,AAL1347,31.35740118511652,-94.8572204589844,8671.560000000001,45.65854317756361,253.1984456545985
2024-07-26 14:14:35+00:00,AAL1347,31.35898396120233,-94.85529785156253,8671.560000000001,45.57540455245321,253.55827445259868
2024-07-26 14:14:36+00:00,AAL1347,31.360427856445312,-94.85358743106616,8679.18,45.57540455245321,253.55827445259868
2024-07-26 14:14:37+00:00,AAL1347,31.36216735839844,-94.85154095818018,8686.800000000001,45.57540455245321,253.55827445259868
2024-07-26 14:14:39+00:00,AAL1347,31.365221961069917,-94.84793701171871,8702.04,45.57540455245321,253.55827445259868
2024-07-26 14:14:43+00:00,AAL1347,31.37242126464844,-94.83931597541364,8724.9,45.57375829771652,254.28577155171936
2024-07-26 14:14:44+00:00,AAL1347,31.37420654296875,-94.83722534179684,8732.52,45.57375829771652,254.28577155171936
2024-07-26 14:14:45+00:00,AAL1347,31.37562561035156,-94.83554615693936,8732.52,45.57375829771652,254.28577155171936
2024-07-26 14:14:48+00:00,AAL1347,31.380615234375,-94.8296221564798,8747.76,45.6547804022677,254.6534174568493
2024-07-26 14:14:49+00:00,AAL1347,31.38221352787341,-94.82772216796872,8755.380000000001,45.6547804022677,254.6534174568493
2024-07-26 14:14:50+00:00,AAL1347,31.383796303959212,-94.82579956054684,8763.0,45.6547804022677,254.6534174568493
2024-07-26 14:14:54+00:00,AAL1347,31.38958740234375,-94.81890510110291,8785.86,45.6547804022677,254.6534174568493
2024-07-26 14:14:55+00:00,AAL1347,31.391830444335938,-94.81621237362134,8793.48,45.6547804022677,254.6534174568493
2024-07-26 14:14:56+00:00,AAL1347,31.3934326171875,-94.81431884765624,8793.48,45.6547804022677,254.6534174568493
2024-07-26 14:15:00+00:00,AAL1347,31.39984130859375,-94.80662626378675,8816.34,45.65291509276002,255.3809037663173
2024-07-26 14:15:01+00:00,AAL1347,31.401299945378707,-94.80492553710934,8823.960000000001,45.65291509276002,255.3809037663173
2024-07-26 14:15:03+00:00,AAL1347,31.404830932617188,-94.8007022633272,8839.2,45.65291509276002,255.3809037663173
2024-07-26 14:15:04+00:00,AAL1347,31.40562930349576,-94.79970703124997,8839.2,45.65291509276002,255.3809037663173
2024-07-26 14:15:05+00:00,AAL1347,31.40643310546875,-94.79876349954044,8839.2,45.65291509276002,255.3809037663173
2024-07-26 14:15:06+00:00,AAL1347,31.40902761685646,-94.7956970214844,8846.82,45.73347631059808,255.74904501838657
2024-07-26 14:15:07+00:00,AAL1347,31.410610392942267,-94.79377441406253,8854.44,45.65106038022949,256.1083903449206
2024-07-26 14:15:08+00:00,AAL1347,31.412239721265887,-94.79185180664064,8862.060000000001,45.65106038022949,256.1083903449206
2024-07-26 14:15:09+00:00,AAL1347,31.414008706302965,-94.78970947265624,8862.060000000001,45.65106038022949,256.1083903449206
2024-07-26 14:15:10+00:00,AAL1347,31.414660437632413,-94.7889404296875,8869.68,45.65106038022949,256.1083903449206
2024-07-26 14:15:11+00:00,AAL1347,31.417739868164062,-94.78529986213238,8884.92,45.65106038022949,256.1083903449206
2024-07-26 14:15:12+00:00,AAL1347,31.418380737304688,-94.7845458984375,8884.92,45.65106038022949,256.1083903449206
2024-07-26 14:15:14+00:00,AAL1347,31.42192258673199,-94.7803161621094,8900.16,45.65106038022949,256.1083903449206
2024-07-26 14:15:16+00:00,AAL1347,31.42532090009269,-94.7762512207031,8907.78,45.65106038022949,256.1083903449206
2024-07-26 14:15:17+00:00,AAL1347,31.42611694335937,-94.77528291590072,8915.4,45.65106038022949,256.1083903449206
2024-07-26 14:15:18+00:00,AAL1347,31.428393347788663,-94.77257080078124,8915.4,45.6492161746323,256.8358771903723
2024-07-26 14:15:20+00:00,AAL1347,31.431931317862816,-94.76834106445312,8930.640000000001,45.6492161746323,256.8358771903723
2024-07-26 14:15:21+00:00,AAL1347,31.433234780521715,-94.7668029785156,8930.640000000001,45.6492161746323,256.8358771903723
2024-07-26 14:15:22+00:00,AAL1347,31.434860229492188,-94.76488898782168,8938.26,45.567266409857936,257.19576201779466
2024-07-26 14:15:23+00:00,AAL1347,31.43565549688824,-94.76394653320312,8938.26,45.567266409857936,257.19576201779466
2024-07-26 14:15:24+00:00,AAL1347,31.438727944584212,-94.76026611328126,8945.880000000001,45.567266409857936,257.19576201779466
2024-07-26 14:15:26+00:00,AAL1347,31.44198660123146,-94.75642089843753,8961.12,45.567266409857936,257.19576201779466
2024-07-26 14:15:27+00:00,AAL1347,31.442779541015625,-94.75546444163604,8961.12,45.567266409857936,257.19576201779466
2024-07-26 14:15:28+00:00,AAL1347,31.445198705640887,-94.75252075195311,8961.12,45.567266409857936,257.19576201779466
2024-07-26 14:15:29+00:00,AAL1347,31.446362511586333,-94.75120239257814,8968.74,45.647382386941885,257.56336430041114
2024-07-26 14:15:30+00:00,AAL1347,31.447174072265625,-94.75024055032168,8968.74,45.647382386941885,257.56336430041114
2024-07-26 14:15:31+00:00,AAL1347,31.449462890625,-94.74749396829044,8976.36,45.647382386941885,257.56336430041114
2024-07-26 14:15:32+00:00,AAL1347,31.451248168945312,-94.74533978630518,8976.36,45.64555892913452,258.2908516728015
2024-07-26 14:15:35+00:00,AAL1347,31.45530054124735,-94.74049072265626,8983.98,45.64374571417538,259.01833930533286
2024-07-26 14:15:36+00:00,AAL1347,31.457931518554688,-94.73742316750918,8991.6,45.64374571417538,259.01833930533286
2024-07-26 14:15:37+00:00,AAL1347,31.458745406845868,-94.73642578124998,8999.220000000001,45.64374571417538,259.01833930533286
2024-07-26 14:15:38+00:00,AAL1347,31.46054077148437,-94.73429960363052,8999.220000000001,45.64374571417538,259.01833930533286
2024-07-26 14:15:39+00:00,AAL1347,31.46312131720074,-94.7312072753906,9014.46,45.56407524444237,258.6507584681394
2024-07-26 14:15:41+00:00,AAL1347,31.46475064552436,-94.72922973632814,9014.46,45.56407524444237,258.6507584681394
2024-07-26 14:15:45+00:00,AAL1347,31.472292108050848,-94.72033081054684,9044.94,45.48281817394331,259.01118693926065
2024-07-26 14:15:47+00:00,AAL1347,31.475372314453125,-94.71663531135113,9052.56,45.48281817394331,259.01118693926065
2024-07-26 14:15:48+00:00,AAL1347,31.47669982910156,-94.71507352941175,9052.56,45.5624930874991,259.3782569916635
2024-07-26 14:15:49+00:00,AAL1347,31.47784423828125,-94.71372716567096,9060.18,45.481465805838354,259.7386948624186
2024-07-26 14:15:52+00:00,AAL1347,31.483932495117188,-94.7065106560202,9075.42,45.560919780932814,260.10575571186354
2024-07-26 14:15:55+00:00,AAL1347,31.488693237304688,-94.70085592830884,9090.66,45.560919780932814,260.10575571186354
2024-07-26 14:15:56+00:00,AAL1347,31.48951643604343,-94.69984130859376,9090.66,45.560919780932814,260.10575571186354
2024-07-26 14:15:57+00:00,AAL1347,31.49244922702595,-94.69638061523438,9098.28,45.560919780932814,260.10575571186354
2024-07-26 14:15:58+00:00,AAL1347,31.4931009583554,-94.695556640625,9105.9,45.560919780932814,260.10575571186354
2024-07-26 14:16:00+00:00,AAL1347,31.49654582395392,-94.69149169921872,9113.52,45.560919780932814,260.10575571186354
2024-07-26 14:16:01+00:00,AAL1347,31.49835205078125,-94.6893310546875,9121.14,45.48012099233049,260.4662029294724
2024-07-26 14:16:02+00:00,AAL1347,31.50018310546875,-94.6871768727022,9121.14,45.48012099233049,260.4662029294724
2024-07-26 14:16:05+00:00,AAL1347,31.50526428222656,-94.68109130859376,9136.38,45.559355250691226,260.8332546270939
2024-07-26 14:16:06+00:00,AAL1347,31.506912231445312,-94.67915254480698,9136.38,45.559355250691226,260.8332546270939
2024-07-26 14:16:07+00:00,AAL1347,31.508560180664062,-94.6771599264706,9144.0,45.559355250691226,260.8332546270939
2024-07-26 14:16:08+00:00,AAL1347,31.510371838585804,-94.67501220703122,9151.62,45.63836667058175,261.2008037420367
2024-07-26 14:16:09+00:00,AAL1347,31.512039184570312,-94.67306698069854,9151.62,45.557799423545866,261.5607537357271
2024-07-26 14:16:10+00:00,AAL1347,31.513687133789062,-94.67112821691175,9159.24,45.557799423545866,261.5607537357271
2024-07-26 14:16:11+00:00,AAL1347,31.51446843551377,-94.6701232910156,9159.24,45.557799423545866,261.5607537357271
2024-07-26 14:16:12+00:00,AAL1347,31.515818450410485,-94.66853027343753,9159.24,45.557799423545866,261.5607537357271
2024-07-26 14:16:15+00:00,AAL1347,31.52206420898437,-94.66111127068018,9182.1,45.557799423545866,261.5607537357271
2024-07-26 14:16:16+00:00,AAL1347,31.523895263671875,-94.6589032341452,9189.72,45.557799423545866,261.5607537357271
2024-07-26 14:16:17+00:00,AAL1347,31.524709927833683,-94.65792846679688,9189.72,45.557799423545866,261.5607537357271
2024-07-26 14:16:18+00:00,AAL1347,31.52655029296875,-94.65577967026655,9197.34,45.636593575963495,261.92829239351664
2024-07-26 14:16:21+00:00,AAL1347,31.530808270987816,-94.6506774902344,9204.96,45.636593575963495,261.92829239351664
2024-07-26 14:16:22+00:00,AAL1347,31.533135882878707,-94.64787597656247,9212.58,45.636593575963495,261.92829239351664
2024-07-26 14:16:23+00:00,AAL1347,31.53511047363281,-94.64554730583644,9220.2,45.71516676168308,262.29632502729373
2024-07-26 14:16:24+00:00,AAL1347,31.53662730071504,-94.6437561035156,9220.2,45.634830303374855,262.65578129444947
2024-07-26 14:16:26+00:00,AAL1347,31.538406372070312,-94.64156206916364,9227.82,45.634830303374855,262.65578129444947
2024-07-26 14:16:28+00:00,AAL1347,31.54389953613281,-94.63504566865812,9243.06,45.633076771431135,263.3832704427681
2024-07-26 14:16:30+00:00,AAL1347,31.54554748535156,-94.63305305032168,9243.06,45.633076771431135,263.3832704427681
2024-07-26 14:16:32+00:00,AAL1347,31.55035400390625,-94.62734446806064,9258.3,45.55471358968072,263.01575252678293
2024-07-26 14:16:39+00:00,AAL1347,31.560287475585938,-94.61544261259188,9288.78,45.71122142046815,263.7512796675781
2024-07-26 14:17:15+00:00,AAL1347,31.628055895789192,-94.55026245117188,9433.56,35.70390029677067,267.97792381632473
2024-07-26 14:17:16+00:00,AAL1347,31.62982177734375,-94.54877068014709,9441.18,35.70390029677067,267.97792381632473
2024-07-26 14:17:17+00:00,AAL1347,31.63197326660156,-94.54693962545956,9441.18,35.70390029677067,267.97792381632473
2024-07-26 14:17:18+00:00,AAL1347,31.633941650390625,-94.54527013442096,9448.8,35.79311871887174,268.27847678122026
2024-07-26 14:17:19+00:00,AAL1347,31.636109432931672,-94.54345092773434,9448.8,35.79311871887174,268.27847678122026
2024-07-26 14:17:21+00:00,AAL1347,31.63925170898437,-94.54080020680146,9456.42,35.81791280707896,268.9966628739696
2024-07-26 14:17:22+00:00,AAL1347,31.641998291015625,-94.53848446116729,9456.42,35.81791280707896,268.9966628739696
2024-07-26 14:17:24+00:00,AAL1347,31.6461181640625,-94.53498391544116,9471.66,35.90666616302452,269.29804436533215
2024-07-26 14:17:25+00:00,AAL1347,31.64788714909957,-94.53350830078124,9471.66,35.84257484925056,269.71489907146184
2024-07-26 14:17:26+00:00,AAL1347,31.649642944335938,-94.53202191521144,9471.66,35.84257484925056,269.71489907146184
2024-07-26 14:17:31+00:00,AAL1347,31.65948486328125,-94.52372831456802,9494.52,35.84257484925056,269.71489907146184
2024-07-26 14:17:32+00:00,AAL1347,31.662277221679688,-94.52141256893384,9502.14,35.84257484925056,269.71489907146184
2024-07-26 14:17:33+00:00,AAL1347,31.663249387579448,-94.52054443359371,9502.14,35.77868142058143,270.132090223512
2024-07-26 14:17:34+00:00,AAL1347,31.665437342756885,-94.51873168945308,9509.76,35.77868142058143,270.132090223512
2024-07-26 14:17:35+00:00,AAL1347,31.66758728027344,-94.5168887867647,9509.76,35.77868142058143,270.132090223512
2024-07-26 14:17:39+00:00,AAL1347,31.67549262612553,-94.51027221679686,9525.0,35.62642975829645,270.249630526142
2024-07-26 14:17:46+00:00,AAL1347,31.68878173828125,-94.49911678538604,9555.48,35.73977846882852,271.2676431607842
2024-07-26 14:17:47+00:00,AAL1347,31.690750122070312,-94.4974472943474,9563.1,35.73977846882852,271.2676431607842
2024-07-26 14:17:48+00:00,AAL1347,31.693508342161017,-94.49511108398434,9563.1,35.8033441083711,270.85024686733306
2024-07-26 14:17:49+00:00,AAL1347,31.69569396972656,-94.49324663947613,9570.72,35.8033441083711,270.85024686733306
2024-07-26 14:17:50+00:00,AAL1347,31.696673894332623,-94.49241943359374,9570.72,35.8915069565889,271.1515201880162
2024-07-26 14:17:51+00:00,AAL1347,31.698861849510063,-94.49055175781253,9578.34,35.827876351777306,271.56845342967114
2024-07-26 14:17:53+00:00,AAL1347,31.70306396484375,-94.4870533662684,9585.96,35.91577907529857,271.86990432120035
2024-07-26 14:17:54+00:00,AAL1347,31.70482053595074,-94.4855529785156,9585.96,35.91577907529857,271.86990432120035
2024-07-26 14:17:55+00:00,AAL1347,31.707595825195312,-94.48317583869488,9593.58,35.91577907529857,271.86990432120035
2024-07-26 14:17:56+00:00,AAL1347,31.708591267213983,-94.48236694335937,9593.58,35.91577907529857,271.86990432120035
2024-07-26 14:17:57+00:00,AAL1347,31.71038818359375,-94.48080623851104,9593.58,35.91577907529857,271.86990432120035
2024-07-26 14:17:58+00:00,AAL1347,31.713572356660485,-94.47813720703124,9601.2,35.91577907529857,271.86990432120035
2024-07-26 14:17:59+00:00,AAL1347,31.71473616260593,-94.4770935058594,9601.2,36.06724518069458,271.7559864297396
2024-07-26 14:18:00+00:00,AAL1347,31.71711032673464,-94.47506103515622,9608.82,36.28304940999943,271.22910365280643
2024-07-26 14:18:01+00:00,AAL1347,31.71908569335937,-94.47332045611216,9616.44,36.52239149297005,271.425646684035
2024-07-26 14:18:02+00:00,AAL1347,31.721206923662603,-94.471435546875,9616.44,36.82642589431237,271.2149548643287
2024-07-26 14:18:03+00:00,AAL1347,31.722198486328125,-94.47057387408093,9624.06,36.82642589431237,271.2149548643287
2024-07-26 14:18:04+00:00,AAL1347,31.724899291992188,-94.4680965647978,9631.68,37.45607880257136,271.5377538806489
2024-07-26 14:18:05+00:00,AAL1347,31.72683974443856,-94.46632690429686,9631.68,37.45607880257136,271.5377538806489
2024-07-26 14:18:06+00:00,AAL1347,31.728973388671875,-94.46438060087314,9639.3,37.93201327345207,271.98182840094285
2024-07-26 14:18:07+00:00,AAL1347,31.731075998079977,-94.46237182617188,9646.92,37.93201327345207,271.98182840094285
2024-07-26 14:18:08+00:00,AAL1347,31.73186738612288,-94.4617126464844,9646.92,38.25442035251718,272.52910641017235
2024-07-26 14:18:11+00:00,AAL1347,31.7384033203125,-94.45560230928312,9669.78,38.49104355949744,272.7644961608054
2024-07-26 14:18:12+00:00,AAL1347,31.739547729492188,-94.45452521829044,9669.78,38.57552502639717,273.0849789968626
2024-07-26 14:18:13+00:00,AAL1347,31.742431640625,-94.45183249080884,9677.4,38.64292676385582,272.68298209489194
2024-07-26 14:18:14+00:00,AAL1347,31.744354248046875,-94.45000143612134,9685.02,38.64292676385582,272.68298209489194
2024-07-26 14:18:15+00:00,AAL1347,31.74625202760858,-94.4481994628906,9692.64,38.710527431912986,272.2813636660939
2024-07-26 14:18:17+00:00,AAL1347,31.74911499023437,-94.4454776539522,9700.26,38.862744050738016,272.202621724971
2024-07-26 14:18:18+00:00,AAL1347,31.750991821289062,-94.4436465992647,9707.88,39.08333527912715,271.726282037685
2024-07-26 14:18:19+00:00,AAL1347,31.752862445378707,-94.44182739257808,9707.88,39.45765346237493,271.1827514215033
2024-07-26 14:18:20+00:00,AAL1347,31.75472453489142,-94.43995971679686,9715.5,39.91698714922976,270.9806607122999
2024-07-26 14:18:21+00:00,AAL1347,31.75658662440413,-94.438037109375,9723.12,40.9912165947724,270.5770045817054
2024-07-26 14:18:22+00:00,AAL1347,31.758773803710938,-94.43567612591914,9730.74,41.60638065025865,270.3891432709901
2024-07-26 14:18:23+00:00,AAL1347,31.761102191472457,-94.4331481933594,9738.36,42.14913315988648,270.61368102073743
2024-07-26 14:18:24+00:00,AAL1347,31.76275634765625,-94.43136776194854,9738.36,42.69093721097431,270.8624605659183
2024-07-26 14:18:28+00:00,AAL1347,31.76948547363281,-94.423828125,9761.22,43.85270784701109,272.5159962639632
2024-07-26 14:18:29+00:00,AAL1347,31.77159118652344,-94.42140467026655,9768.84,44.00564705873549,272.50239989057815
2024-07-26 14:18:30+00:00,AAL1347,31.77337646484375,-94.41941528320312,9776.46,44.00564705873549,272.50239989057815
2024-07-26 14:18:31+00:00,AAL1347,31.77511441505561,-94.41740074936224,9784.08,44.15860044293832,272.49074531628645
2024-07-26 14:18:32+00:00,AAL1347,31.77703857421875,-94.41518554687497,9791.7,44.15860044293832,272.49074531628645
2024-07-26 14:18:33+00:00,AAL1347,31.778823852539062,-94.4132080078125,9791.7,44.236101539070006,272.8493807505467
2024-07-26 14:18:34+00:00,AAL1347,31.780563354492188,-94.4111755371094,9799.32,44.236101539070006,272.8493807505467
2024-07-26 14:18:35+00:00,AAL1347,31.781445519398837,-94.41016995176976,9799.32,44.236101539070006,272.8493807505467
2024-07-26 14:18:36+00:00,AAL1347,31.784098996954448,-94.40719915896044,9814.56,44.236101539070006,272.8493807505467
2024-07-26 14:18:37+00:00,AAL1347,31.784957885742188,-94.40617675781247,9814.56,44.31156582129001,272.4810327902524
2024-07-26 14:18:39+00:00,AAL1347,31.78866577148437,-94.40194702148438,9829.8,44.38886819556348,272.8406509826429
2024-07-26 14:18:40+00:00,AAL1347,31.7900390625,-94.40035400390622,9829.8,44.38886819556348,272.8406509826429
2024-07-26 14:18:41+00:00,AAL1347,31.791275024414062,-94.39892578125,9837.42,44.46454101443547,272.47326252015336
2024-07-26 14:18:43+00:00,AAL1347,31.79615602654926,-94.39324203802612,9852.66,44.61752384218023,272.46743467215816
2024-07-26 14:18:44+00:00,AAL1347,31.7977294921875,-94.39145507812498,9852.66,44.77051212367676,272.4635493709088
2024-07-26 14:18:45+00:00,AAL1347,31.7986232951536,-94.39043940330038,9860.28,44.92350367761102,272.4616066995076
2024-07-26 14:18:46+00:00,AAL1347,31.80120849609375,-94.38739013671876,9867.9,44.92350367761102,272.4616066995076
2024-07-26 14:18:47+00:00,AAL1347,31.803131103515625,-94.3851379394531,9875.52,45.07649632238898,272.4616066995076
2024-07-26 14:18:49+00:00,AAL1347,31.806564331054688,-94.38101806640624,9883.14,45.22948787632324,272.4635493709088
2024-07-26 14:18:50+00:00,AAL1347,31.8083061606197,-94.37900465361923,9890.76,45.22948787632324,272.4635493709088
2024-07-26 14:18:51+00:00,AAL1347,31.81002859341896,-94.3769307039222,9898.38,45.30557459345857,272.8290108575939
2024-07-26 14:18:52+00:00,AAL1347,31.811751026218214,-94.3749128069196,9898.38,45.30557459345857,272.8290108575939
2024-07-26 14:18:53+00:00,AAL1347,31.812449309785485,-94.37407201650188,9906.0,45.30557459345857,272.8290108575939
2024-07-26 14:18:54+00:00,AAL1347,31.815216064453125,-94.37080078125,9913.62,45.30557459345857,272.8290108575939
2024-07-26 14:18:55+00:00,AAL1347,31.81677866790254,-94.36897122130102,9913.62,45.30557459345857,272.8290108575939
2024-07-26 14:18:56+00:00,AAL1347,31.818687309653072,-94.36672911352042,9921.24,45.30557459345857,272.8290108575939
2024-07-26 14:18:57+00:00,AAL1347,31.82040974245233,-94.36465516382331,9928.86,45.30557459345857,272.8290108575939
2024-07-26 14:18:58+00:00,AAL1347,31.82175975734905,-94.36302963568238,9936.48,45.45835645800043,272.8338609700498
2024-07-26 14:18:59+00:00,AAL1347,31.8226318359375,-94.36201171875,9936.48,45.38145760964216,273.1949521871346
2024-07-26 14:19:00+00:00,AAL1347,31.824691772460938,-94.35953979492189,9944.1,45.38145760964216,273.1949521871346
2024-07-26 14:19:03+00:00,AAL1347,31.83074433924788,-94.35237962372446,9966.96,45.30557459345857,272.8290108575939
2024-07-26 14:19:04+00:00,AAL1347,31.83160400390625,-94.35135498046871,9966.96,45.30557459345857,272.8290108575939
2024-07-26 14:19:05+00:00,AAL1347,31.834030151367188,-94.34849853515624,9974.58,45.30557459345857,272.8290108575939
2024-07-26 14:19:06+00:00,AAL1347,31.836097846596928,-94.34604566924423,9982.2,45.38247615781978,272.46743467215816
2024-07-26 14:19:07+00:00,AAL1347,31.837820279396183,-94.3439717195472,9989.82,45.38247615781978,272.46743467215816
2024-07-26 14:19:08+00:00,AAL1347,31.839340209960938,-94.34212646484372,9989.82,45.38247615781978,272.46743467215816
2024-07-26 14:19:09+00:00,AAL1347,31.84126281738281,-94.33987426757812,9997.44,45.45958195752997,272.1063506303716
2024-07-26 14:19:10+00:00,AAL1347,31.84295654296875,-94.337841796875,10005.06,45.690277197865086,271.7535517656671
2024-07-26 14:19:11+00:00,AAL1347,31.84447724940413,-94.33595618423152,10012.68,45.92156844720997,271.405169934957
2024-07-26 14:19:12+00:00,AAL1347,31.845977783203125,-94.33405151367184,10012.68,46.23197740263973,270.7051059681769
2024-07-26 14:19:13+00:00,AAL1347,31.84698486328125,-94.33284301757811,10020.3,46.69829915633621,270.0336108525516
2024-07-26 14:19:14+00:00,AAL1347,31.84945678710937,-94.32960205078126,10027.92,47.24120116881248,269.7575792445204
2024-07-26 14:19:15+00:00,AAL1347,31.851104736328125,-94.32745971679684,10027.92,48.02092610917308,269.1977852112618
2024-07-26 14:19:17+00:00,AAL1347,31.85420666710805,-94.323064064493,10043.16,48.80375498938879,268.688048559782
2024-07-26 14:19:18+00:00,AAL1347,31.8548583984375,-94.32222327407528,10043.16,50.772584760064575,267.6345158526052
2024-07-26 14:19:20+00:00,AAL1347,31.858383178710938,-94.31663818359374,10050.78,53.063890003607945,267.0995031510961
2024-07-26 14:19:22+00:00,AAL1347,31.861129760742188,-94.31191406249997,10066.02,55.4516329439887,266.700888393228
2024-07-26 14:19:23+00:00,AAL1347,31.862725726628707,-94.30905089086416,10073.64,56.73956604601716,266.393091576476
2024-07-26 14:19:24+00:00,AAL1347,31.86370332362288,-94.30708904655614,10073.64,57.87718350787728,266.0570879762025
2024-07-26 14:19:25+00:00,AAL1347,31.864913681806144,-94.30462272799748,10081.26,59.16926825596952,266.00336760731074
2024-07-26 14:19:26+00:00,AAL1347,31.866485595703125,-94.30136718749998,10088.88,59.16926825596952,266.00336760731074
2024-07-26 14:19:27+00:00,AAL1347,31.86761371159957,-94.2988493004624,10088.88,60.31011823453333,265.89191298251933
2024-07-26 14:19:29+00:00,AAL1347,31.86923217773437,-94.2950500488281,10096.5,62.639915314737976,265.29204214228497
2024-07-26 14:19:30+00:00,AAL1347,31.87031374139301,-94.29223508250954,10104.12,63.88217479258391,265.27458374673614
2024-07-26 14:19:31+00:00,AAL1347,31.87120056152344,-94.28988647460938,10111.74,66.27496997170672,264.67131390841706
2024-07-26 14:19:32+00:00,AAL1347,31.872129278667902,-94.28724639269768,10111.74,67.47441373645061,264.5432919825204
2024-07-26 14:19:33+00:00,AAL1347,31.87335205078125,-94.28323974609371,10119.36,67.47441373645061,264.5432919825204
2024-07-26 14:19:34+00:00,AAL1347,31.87371826171875,-94.28219604492188,10119.36,69.83575933765795,264.15234170757185
2024-07-26 14:19:35+00:00,AAL1347,31.87481689453125,-94.27818603515624,10126.98,69.83575933765795,264.15234170757185
2024-07-26 14:19:37+00:00,AAL1347,31.876007080078125,-94.27390136718748,10142.22,72.05957706753917,263.8791843755674
2024-07-26 14:19:40+00:00,AAL1347,31.87811279296875,-94.26406860351562,10157.46,76.31692661280722,263.1470319297453
2024-07-26 14:19:41+00:00,AAL1347,31.878367278535485,-94.2627513651945,10157.46,77.21562657500867,262.7056528849011
2024-07-26 14:19:42+00:00,AAL1347,31.87884521484375,-94.25967407226562,10165.08,78.25001642822332,262.7273113338904
2024-07-26 14:19:43+00:00,AAL1347,31.87929832329184,-94.257258201132,10172.7,79.26300622366328,262.32911493716733
2024-07-26 14:19:44+00:00,AAL1347,31.879669189453125,-94.25418090820312,10172.7,80.16791345461912,262.10050916150266
2024-07-26 14:19:45+00:00,AAL1347,31.880089711334744,-94.25086819395727,10180.32,81.18537380645938,261.8580601026702
2024-07-26 14:19:46+00:00,AAL1347,31.880355834960938,-94.2484130859375,10187.94,82.09283729704154,261.7686003427007
2024-07-26 14:19:47+00:00,AAL1347,31.880630493164062,-94.24566650390624,10187.94,82.9869439961626,261.2342377044191
2024-07-26 14:19:53+00:00,AAL1347,31.881500244140625,-94.2291320800781,10218.42,88.41200888673964,259.8940335227399
2024-07-26 14:19:55+00:00,AAL1347,31.88154602050781,-94.22418823242184,10226.04,89.20427644726072,259.3047824885569
2024-07-26 14:19:56+00:00,AAL1347,31.88148627846928,-94.22172079280932,10233.66,90.11368195302914,259.28028636060884
2024-07-26 14:19:57+00:00,AAL1347,31.88140869140625,-94.21896972656248,10241.28,91.71151603378912,258.3661510228152
2024-07-26 14:19:58+00:00,AAL1347,31.881346621755824,-94.2165078922194,10241.28,91.71151603378912,258.3661510228152
2024-07-26 14:19:59+00:00,AAL1347,31.881179809570312,-94.21408081054688,10248.9,92.62849962920836,258.0078987290468
2024-07-26 14:20:02+00:00,AAL1347,31.88060178595074,-94.20591393295598,10264.14,95.85893877966306,257.0212885319754
2024-07-26 14:20:04+00:00,AAL1347,31.879806518554688,-94.19891967773437,10271.76,96.68297206725089,256.3918912494346
2024-07-26 14:20:05+00:00,AAL1347,31.879670741194385,-94.19756208147322,10279.38,98.0812846043846,256.1647023725987
2024-07-26 14:20:08+00:00,AAL1347,31.878413830773304,-94.18881786112884,10294.62,99.6139481313076,255.66831680454956
2024-07-26 14:20:09+00:00,AAL1347,31.87785520391949,-94.18506233059628,10302.24,99.86086211013618,255.33530225399124
2024-07-26 14:20:10+00:00,AAL1347,31.87771554720604,-94.18399732940048,10302.24,99.97455559597314,255.4239068229897
2024-07-26 14:20:11+00:00,AAL1347,31.87725002482786,-94.18113864198024,10309.86,99.97455559597314,255.4239068229897
2024-07-26 14:20:12+00:00,AAL1347,31.87705993652344,-94.17980346679684,10309.86,99.97455559597314,255.4239068229897
2024-07-26 14:20:13+00:00,AAL1347,31.87636553230932,-94.17502889827809,10325.1,99.86086211013618,255.33530225399124
2024-07-26 14:20:14+00:00,AAL1347,31.87594656216896,-94.17233836894133,10325.1,99.86086211013618,255.33530225399124
2024-07-26 14:20:16+00:00,AAL1347,31.87524827860169,-94.16729362643495,10340.34,99.6139481313076,255.66831680454956
2024-07-26 14:20:17+00:00,AAL1347,31.874875860699152,-94.16465914979273,10340.34,99.38645892298032,255.49849736410368
2024-07-26 14:20:18+00:00,AAL1347,31.874549995034428,-94.16252914740112,10347.96,99.27260177720032,255.41509955761035
2024-07-26 14:20:19+00:00,AAL1347,31.874177577131885,-94.15961440728636,10355.58,99.27260177720032,255.41509955761035
2024-07-26 14:20:20+00:00,AAL1347,31.87403792041843,-94.15849335339608,10355.58,99.1403327872585,255.8406096443131
2024-07-26 14:20:22+00:00,AAL1347,31.87296721894862,-94.15081413424748,10370.82,99.02654921903462,255.75939294657283
2024-07-26 14:20:23+00:00,AAL1347,31.872641353283896,-94.14812360491072,10378.44,98.9126938129968,255.679185548772
2024-07-26 14:20:24+00:00,AAL1347,31.872299194335938,-94.14574584960934,10386.06,98.9126938129968,255.679185548772
2024-07-26 14:20:28+00:00,AAL1347,31.870872368246825,-94.13478306361606,10401.3,98.6673871799555,256.030359641326
2024-07-26 14:20:30+00:00,AAL1347,31.870147705078125,-94.12921142578124,10416.54,98.6673871799555,256.030359641326
2024-07-26 14:20:31+00:00,AAL1347,31.87001037597656,-94.12811279296876,10416.54,99.02654921903462,255.75939294657283
2024-07-26 14:20:33+00:00,AAL1347,31.869369506835938,-94.12360839843753,10424.16,99.27260177720032,255.41509955761035
2024-07-26 14:20:37+00:00,AAL1347,31.867380950410485,-94.11090461575252,10447.02,100.58413402868308,254.8705314888938
2024-07-26 14:20:38+00:00,AAL1347,31.867008532507946,-94.10855040258292,10454.64,100.71927525937356,254.4600405651421
2024-07-26 14:20:45+00:00,AAL1347,31.8636474609375,-94.09048461914062,10485.12,102.90740867126586,253.3342901493598
2024-07-26 14:20:47+00:00,AAL1347,31.862586069915253,-94.08556879783164,10492.74,104.37560245812276,252.79047417016835
2024-07-26 14:20:48+00:00,AAL1347,31.861701577396715,-94.08170116191008,10500.36,104.74356283647074,252.68052314941093
2024-07-26 14:20:49+00:00,AAL1347,31.86117553710937,-94.0793884277344,10507.98,104.9991070935627,252.447373444634
2024-07-26 14:20:50+00:00,AAL1347,31.86094665527344,-94.07834472656248,10507.98,104.9991070935627,252.447373444634
2024-07-26 14:20:52+00:00,AAL1347,31.85993259235964,-94.07424615353956,10515.6,105.48036899886232,252.49192429179007
2024-07-26 14:20:54+00:00,AAL1347,31.858070502846928,-94.06656693439096,10530.84,105.73675672965406,252.27328769852213
2024-07-26 14:20:55+00:00,AAL1347,31.85765153270657,-94.06482930086094,10538.46,105.88110893826442,251.9184521009237
2024-07-26 14:20:56+00:00,AAL1347,31.856964111328125,-94.06197509765622,10538.46,105.88110893826442,251.9184521009237
2024-07-26 14:20:57+00:00,AAL1347,31.85634807004767,-94.0594482421875,10546.08,105.99358409772996,252.05971131095697
2024-07-26 14:20:58+00:00,AAL1347,31.85604858398437,-94.05818481445311,10546.08,105.99358409772996,252.05971131095697
2024-07-26 14:21:00+00:00,AAL1347,31.854766845703125,-94.05307617187498,10561.32,105.99358409772996,252.05971131095697
2024-07-26 14:21:01+00:00,AAL1347,31.85385131835937,-94.04923095703124,10568.94,105.99358409772996,252.05971131095697
2024-07-26 14:21:04+00:00,AAL1347,31.85183250297934,-94.04106295838648,10591.8,106.02586744844976,251.56522005664056
2024-07-26 14:21:06+00:00,AAL1347,31.85085490598517,-94.03697111168684,10599.42,106.02586744844976,251.56522005664056
2024-07-26 14:21:08+00:00,AAL1347,31.849877308990997,-94.0331595284598,10607.04,106.02586744844976,251.56522005664056
2024-07-26 14:21:09+00:00,AAL1347,31.848899711996825,-94.02906768176018,10614.66,106.05827795486805,251.0708089830184
2024-07-26 14:21:10+00:00,AAL1347,31.848620398569917,-94.02805873325894,10622.28,106.05827795486805,251.0708089830184
2024-07-26 14:21:12+00:00,AAL1347,31.84698486328125,-94.0214904785156,10637.52,106.17103212215684,251.21359832995336
2024-07-26 14:21:13+00:00,AAL1347,31.846711756819385,-94.02021135602678,10637.52,106.17103212215684,251.21359832995336
2024-07-26 14:21:14+00:00,AAL1347,31.845932006835938,-94.01715087890624,10652.76,106.20377421489076,250.7195494419666
2024-07-26 14:21:15+00:00,AAL1347,31.845428466796875,-94.01511840820314,10652.76,106.20377421489076,250.7195494419666
2024-07-26 14:21:16+00:00,AAL1347,31.844849667306672,-94.01281240035075,10660.38,106.20377421489076,250.7195494419666
2024-07-26 14:21:17+00:00,AAL1347,31.84391862255032,-94.0090568698182,10668.0,106.20377421489076,250.7195494419666
2024-07-26 14:21:19+00:00,AAL1347,31.842453002929688,-94.00319824218748,10690.86,106.23664558977411,250.2255827531241
2024-07-26 14:21:20+00:00,AAL1347,31.842041015625,-94.00144042968748,10690.86,106.23664558977411,250.2255827531241
2024-07-26 14:21:21+00:00,AAL1347,31.84126281738281,-93.9984191894531,10706.1,106.23664558977411,250.2255827531241
2024-07-26 14:21:23+00:00,AAL1347,31.83993530273437,-93.99309082031247,10721.34,106.26964699225962,249.7316987511931
2024-07-26 14:21:24+00:00,AAL1347,31.83970642089844,-93.99210205078124,10728.96,106.26964699225962,249.7316987511931
2024-07-26 14:21:25+00:00,AAL1347,31.83906555175781,-93.98957519531253,10736.58,106.30277917336406,249.237897927725
2024-07-26 14:21:27+00:00,AAL1347,31.83754096596928,-93.9835528938138,10751.82,106.33604288971848,248.7441807780912
2024-07-26 14:21:30+00:00,AAL1347,31.83613586425781,-93.9779846191406,10774.68,106.4832921102501,248.3960238238704
2024-07-26 14:21:31+00:00,AAL1347,31.83544611526748,-93.97525709502548,10782.3,106.51702809772696,247.902765151093
2024-07-26 14:21:35+00:00,AAL1347,31.83238220214844,-93.9632629394531,10835.64,106.55089859183022,247.40959276645967
2024-07-26 14:21:36+00:00,AAL1347,31.831832885742188,-93.96101074218753,10843.26,106.6190462346607,246.42350893381743
2024-07-26 14:21:37+00:00,AAL1347,31.83119201660156,-93.9585388183594,10858.5,106.6190462346607,246.42350893381743
2024-07-26 14:21:39+00:00,AAL1347,31.829864501953125,-93.9533203125,10873.74,106.65332496551368,245.93059853206043
2024-07-26 14:21:40+00:00,AAL1347,31.8292236328125,-93.95084838867189,10888.98,106.68774136735176,245.43777651102948
2024-07-26 14:21:41+00:00,AAL1347,31.82899475097656,-93.94985961914062,10888.98,106.57263665086175,245.29054602842712
2024-07-26 14:21:46+00:00,AAL1347,31.825390831898837,-93.93579599808676,10942.32,106.606980578617,244.7975165734382
2024-07-26 14:21:47+00:00,AAL1347,31.8248291015625,-93.9335998535156,10949.94,106.6414631124834,244.30457542866412
2024-07-26 14:21:48+00:00,AAL1347,31.824506339380296,-93.93232073102678,10949.94,106.6414631124834,244.30457542866412
2024-07-26 14:21:52+00:00,AAL1347,31.82171630859375,-93.92129516601562,10995.66,106.59475356652923,243.17153521408096
2024-07-26 14:21:54+00:00,AAL1347,31.820388793945312,-93.91613159179684,11010.9,106.51299286399058,242.53183987214413
2024-07-26 14:21:56+00:00,AAL1347,31.81957180217161,-93.91298255141902,11026.14,106.54760673508956,242.03865812646035
2024-07-26 14:21:58+00:00,AAL1347,31.817989026085804,-93.9066485969388,11041.38,106.54760673508956,242.03865812646035
2024-07-26 14:21:59+00:00,AAL1347,31.817290742518537,-93.90395806760203,11049.0,106.46533747257683,241.39924970228617
2024-07-26 14:22:00+00:00,AAL1347,31.816685563426905,-93.90149174904336,11064.24,106.46533747257683,241.39924970228617
2024-07-26 14:22:03+00:00,AAL1347,31.81487002615201,-93.89442910953444,11087.1,106.50001651336925,240.90594646715024
2024-07-26 14:22:04+00:00,AAL1347,31.81434631347656,-93.89223632812497,11094.72,106.50001651336925,240.90594646715024
2024-07-26 14:22:06+00:00,AAL1347,31.813101041114933,-93.88736647002548,11109.96,106.38263140129207,240.7603416190308
2024-07-26 14:22:07+00:00,AAL1347,31.812495862023304,-93.88495620416136,11117.58,106.4172328304348,240.2668281061233
2024-07-26 14:22:08+00:00,AAL1347,31.81187438964844,-93.88251342773437,11125.2,106.4172328304348,240.2668281061233
2024-07-26 14:22:11+00:00,AAL1347,31.810134887695312,-93.875537109375,11148.06,106.33400773255975,239.6282139975131
2024-07-26 14:22:13+00:00,AAL1347,31.80886478747352,-93.8704385562819,11170.92,106.36867262358936,239.13457747849745
2024-07-26 14:22:14+00:00,AAL1347,31.80853271484375,-93.86921997070311,11170.92,106.36867262358936,239.13457747849745
2024-07-26 14:22:17+00:00,AAL1347,31.80663028005826,-93.86147012515944,11193.78,106.28492247188342,238.4962605934416
2024-07-26 14:22:18+00:00,AAL1347,31.80639751886917,-93.8605172293527,11201.4,106.1662205216274,238.3525147467687
2024-07-26 14:22:19+00:00,AAL1347,31.805419921875,-93.856640625,11209.02,106.1662205216274,238.3525147467687
2024-07-26 14:22:21+00:00,AAL1347,31.804229736328125,-93.8518615722656,11224.26,106.1662205216274,238.3525147467687
2024-07-26 14:22:23+00:00,AAL1347,31.80304575774629,-93.84700852997446,11239.5,106.20072299647246,237.8584560170327
2024-07-26 14:22:24+00:00,AAL1347,31.80267333984375,-93.84560721261158,11239.5,106.08165195681372,237.7154378098291
2024-07-26 14:22:26+00:00,AAL1347,31.800933837890625,-93.83840332031248,11262.36,106.08165195681372,237.7154378098291
2024-07-26 14:22:29+00:00,AAL1347,31.7991353697696,-93.83114561742669,11269.98,106.23536908805856,237.3644838992621
2024-07-26 14:22:34+00:00,AAL1347,31.79672241210937,-93.8215393066406,11277.6,106.23536908805856,237.3644838992621
2024-07-26 14:22:36+00:00,AAL1347,31.79502868652344,-93.81456298828124,11277.6,106.20072299647246,237.8584560170327
2024-07-26 14:22:40+00:00,AAL1347,31.79296875,-93.80555419921876,11277.6,104.36604284730892,238.4413255012024
2024-07-26 14:22:41+00:00,AAL1347,31.792236328125,-93.80187377929684,11277.6,103.58699146590654,238.6942548652069
2024-07-26 14:22:42+00:00,AAL1347,31.792007446289062,-93.80039062499998,11277.6,102.689412136484,238.87768277070248
2024-07-26 14:22:43+00:00,AAL1347,31.79164045948093,-93.79818663305169,11277.6,101.64781436729665,239.5188504545498
2024-07-26 14:22:49+00:00,AAL1347,31.789764404296875,-93.78281249999998,11277.6,96.95885452244634,242.0282703068052
2024-07-26 14:22:50+00:00,AAL1347,31.78954560877913,-93.78053003427932,11277.6,96.58194465517802,242.3571837401232
2024-07-26 14:22:51+00:00,AAL1347,31.78931284759004,-93.77772739955356,11277.6,96.08530702815428,242.6414814705509
2024-07-26 14:22:52+00:00,AAL1347,31.78912353515625,-93.7753967285156,11277.6,95.71059313749964,242.99461605950003
2024-07-26 14:22:53+00:00,AAL1347,31.7889404296875,-93.77286987304689,11277.6,95.34827221143136,242.8459043635484
2024-07-26 14:22:56+00:00,AAL1347,31.78839111328125,-93.76545410156253,11269.98,94.7234552834895,243.6450450519166
2024-07-26 14:22:58+00:00,AAL1347,31.788162231445312,-93.76188354492189,11269.98,94.3615726450206,243.52281440718212
2024-07-26 14:22:59+00:00,AAL1347,31.78782317597987,-93.75676369180484,11269.98,94.48224037042488,243.56247818315904
2024-07-26 14:23:01+00:00,AAL1347,31.787612915039062,-93.75391845703126,11269.98,94.60286826628597,243.60322191199975
2024-07-26 14:23:02+00:00,AAL1347,31.787429809570312,-93.75111694335936,11269.98,94.60286826628597,243.60322191199975
2024-07-26 14:23:03+00:00,AAL1347,31.787171444650426,-93.74829973493304,11269.98,95.5898689598278,242.9439662543488
2024-07-26 14:23:04+00:00,AAL1347,31.786845578985695,-93.74476841517856,11269.98,95.95188789759256,243.09915001640368
2024-07-26 14:23:05+00:00,AAL1347,31.7867431640625,-93.74348144531253,11269.98,96.20607265680997,242.69655631212905
2024-07-26 14:23:12+00:00,AAL1347,31.78484383275953,-93.72470155054208,11269.98,96.82346239903352,242.4772733450576
2024-07-26 14:23:13+00:00,AAL1347,31.78470417604608,-93.7231881277902,11269.98,96.82346239903352,242.4772733450576
2024-07-26 14:23:16+00:00,AAL1347,31.783859252929688,-93.71508178710934,11269.98,96.94413051099323,242.5389326189635
2024-07-26 14:23:19+00:00,AAL1347,31.782935191009003,-93.70642837213012,11269.98,97.06473675040262,242.60166711771947
2024-07-26 14:23:20+00:00,AAL1347,31.782702429819917,-93.70441047512752,11269.98,97.06473675040262,242.60166711771947
2024-07-26 14:23:21+00:00,AAL1347,31.782394409179688,-93.70140380859374,11269.98,97.06473675040262,242.60166711771947
2024-07-26 14:23:22+00:00,AAL1347,31.782302856445312,-93.70036010742189,11269.98,97.06473675040262,242.60166711771947
2024-07-26 14:23:24+00:00,AAL1347,31.781585176112287,-93.6937604631696,11269.98,97.20050481577994,242.15508055306935
2024-07-26 14:23:25+00:00,AAL1347,31.78130586268538,-93.69123809191645,11269.98,97.20050481577994,242.15508055306935
2024-07-26 14:23:26+00:00,AAL1347,31.78106689453125,-93.68898925781248,11269.98,97.20050481577994,242.15508055306935
2024-07-26 14:23:27+00:00,AAL1347,31.780793788069385,-93.68641756018816,11269.98,97.20050481577994,242.15508055306935
2024-07-26 14:23:30+00:00,AAL1347,31.779830932617188,-93.67783813476564,11269.98,97.32123400479573,242.22009970382456
2024-07-26 14:23:31+00:00,AAL1347,31.77967653436176,-93.67655228595343,11269.98,97.44189786111627,242.28619372274636
2024-07-26 14:23:32+00:00,AAL1347,31.779373168945312,-93.67377319335937,11269.98,97.44189786111627,242.28619372274636
2024-07-26 14:23:34+00:00,AAL1347,31.778931698556672,-93.66971385722258,11277.6,97.56249536831064,242.35336173042845
2024-07-26 14:23:35+00:00,AAL1347,31.77850341796875,-93.66591796874997,11269.98,97.56249536831064,242.35336173042845
2024-07-26 14:23:36+00:00,AAL1347,31.778228759765625,-93.66366577148438,11269.98,97.56249536831064,242.35336173042845
2024-07-26 14:23:37+00:00,AAL1347,31.77790754932468,-93.66085753148916,11269.98,97.56249536831064,242.35336173042845
2024-07-26 14:23:38+00:00,AAL1347,31.77762823589777,-93.65833516023594,11269.98,97.56249536831064,242.35336173042845
2024-07-26 14:23:39+00:00,AAL1347,31.777359008789062,-93.655810546875,11269.98,97.56249536831064,242.35336173042845
2024-07-26 14:23:40+00:00,AAL1347,31.77703857421875,-93.65328369140622,11269.98,97.56249536831064,242.35336173042845
2024-07-26 14:23:41+00:00,AAL1347,31.776763916015625,-93.6507568359375,11269.98,97.56249536831064,242.35336173042845
2024-07-26 14:23:42+00:00,AAL1347,31.7764892578125,-93.64822998046871,11269.98,97.56249536831064,242.35336173042845
2024-07-26 14:23:43+00:00,AAL1347,31.77637132547669,-93.64695646324935,11269.98,97.56249536831064,242.35336173042845
2024-07-26 14:23:45+00:00,AAL1347,31.775719594147244,-93.64112698301976,11269.98,97.44189786111627,242.28619372274636
2024-07-26 14:23:46+00:00,AAL1347,31.77534484863281,-93.6380676269531,11269.98,97.44189786111627,242.28619372274636
2024-07-26 14:23:47+00:00,AAL1347,31.77497475834216,-93.63479302853956,11269.98,97.44189786111627,242.28619372274636
2024-07-26 14:23:48+00:00,AAL1347,31.77484130859375,-93.63350830078122,11269.98,97.44189786111627,242.28619372274636
2024-07-26 14:23:49+00:00,AAL1347,31.774462683726163,-93.6299724968112,11269.98,97.56249536831064,242.35336173042845
2024-07-26 14:23:50+00:00,AAL1347,31.774154663085938,-93.62719116210934,11269.98,97.56249536831064,242.35336173042845
2024-07-26 14:23:55+00:00,AAL1347,31.772973012115997,-93.61702432437818,11269.98,97.68302551341684,242.42160283415728
2024-07-26 14:23:57+00:00,AAL1347,31.77218162407309,-93.6102419483418,11269.98,97.68302551341684,242.42160283415728
2024-07-26 14:23:59+00:00,AAL1347,31.771728515625,-93.60615449793198,11269.98,97.68302551341684,242.42160283415728
2024-07-26 14:24:00+00:00,AAL1347,31.77143678826801,-93.60390014648436,11269.98,97.68302551341684,242.42160283415728
2024-07-26 14:24:04+00:00,AAL1347,31.77008677337129,-93.59197998046876,11277.6,97.56249536831064,242.35336173042845
2024-07-26 14:24:06+00:00,AAL1347,31.76966780323093,-93.5881896972656,11277.6,97.56249536831064,242.35336173042845
2024-07-26 14:24:07+00:00,AAL1347,31.769210815429688,-93.58412798713238,11277.6,97.44189786111627,242.28619372274636
2024-07-26 14:24:10+00:00,AAL1347,31.76861572265625,-93.5785809685202,11277.6,97.30575953331083,242.73035844074568
2024-07-26 14:24:13+00:00,AAL1347,31.76757295252913,-93.56890869140624,11269.98,97.30575953331083,242.73035844074568
2024-07-26 14:24:14+00:00,AAL1347,31.767293639102224,-93.56638183593748,11277.6,97.30575953331083,242.73035844074568
2024-07-26 14:24:15+00:00,AAL1347,31.767105102539062,-93.56490191291364,11277.6,97.30575953331083,242.73035844074568
2024-07-26 14:24:20+00:00,AAL1347,31.76589707196769,-93.55374755859371,11269.98,97.30575953331083,242.73035844074568
2024-07-26 14:24:22+00:00,AAL1347,31.765152236162603,-93.5468811035156,11269.98,97.30575953331083,242.73035844074568
2024-07-26 14:24:23+00:00,AAL1347,31.764872922735695,-93.54435424804689,11269.98,97.30575953331083,242.73035844074568
2024-07-26 14:24:24+00:00,AAL1347,31.76458740234375,-93.54179831112134,11269.98,97.30575953331083,242.73035844074568
2024-07-26 14:24:25+00:00,AAL1347,31.764267743644066,-93.53902587890622,11277.6,97.30575953331083,242.73035844074568
2024-07-26 14:24:26+00:00,AAL1347,31.76417463916843,-93.53798217773436,11277.6,97.30575953331083,242.73035844074568
2024-07-26 14:24:29+00:00,AAL1347,31.76319704217426,-93.52913818359372,11277.6,97.30575953331083,242.73035844074568
2024-07-26 14:24:31+00:00,AAL1347,31.762664794921875,-93.52408016429229,11277.6,97.30575953331083,242.73035844074568
2024-07-26 14:24:32+00:00,AAL1347,31.762359101893537,-93.5212829589844,11277.6,97.30575953331083,242.73035844074568
2024-07-26 14:24:35+00:00,AAL1347,31.76156616210937,-93.51417092715992,11277.6,97.30575953331083,242.73035844074568
2024-07-26 14:24:36+00:00,AAL1347,31.76129150390625,-93.5116397633272,11277.6,97.30575953331083,242.73035844074568
2024-07-26 14:24:37+00:00,AAL1347,31.761154174804688,-93.51061652688418,11277.6,97.30575953331083,242.73035844074568
2024-07-26 14:24:39+00:00,AAL1347,31.760497012380824,-93.50452880859376,11277.6,97.30575953331083,242.73035844074568
2024-07-26 14:24:40+00:00,AAL1347,31.760238647460938,-93.50199979894302,11277.6,97.30575953331083,242.73035844074568
2024-07-26 14:24:41+00:00,AAL1347,31.75996398925781,-93.4994686351103,11277.6,97.30575953331083,242.73035844074568
2024-07-26 14:24:42+00:00,AAL1347,31.759689331054688,-93.49688361672791,11277.6,97.30575953331083,242.73035844074568
2024-07-26 14:24:45+00:00,AAL1347,31.758819580078125,-93.48902085248164,11277.6,97.29034998618276,243.24063480897533
2024-07-26 14:24:46+00:00,AAL1347,31.75849914550781,-93.48622041590072,11277.6,97.29034998618276,243.24063480897533
2024-07-26 14:24:47+00:00,AAL1347,31.758169400489933,-93.48294067382812,11269.98,97.29034998618276,243.24063480897533
2024-07-26 14:24:48+00:00,AAL1347,31.75789008706303,-93.48041381835937,11277.6,97.29034998618276,243.24063480897533
2024-07-26 14:24:49+00:00,AAL1347,31.757720947265625,-93.47911161534928,11277.6,97.29034998618276,243.24063480897533
2024-07-26 14:24:51+00:00,AAL1347,31.75723835573358,-93.47453613281247,11277.6,97.29034998618276,243.24063480897533
2024-07-26 14:24:52+00:00,AAL1347,31.756912490068853,-93.4717346191406,11269.98,97.29034998618276,243.24063480897533
2024-07-26 14:24:54+00:00,AAL1347,31.756393432617188,-93.46694048713238,11269.98,97.29034998618276,243.24063480897533
2024-07-26 14:24:55+00:00,AAL1347,31.7559814453125,-93.46311681410845,11277.6,97.29034998618276,243.24063480897533
2024-07-26 14:24:56+00:00,AAL1347,31.75570678710937,-93.46058565027572,11269.98,97.29034998618276,243.24063480897533
2024-07-26 14:25:00+00:00,AAL1347,31.7546779826536,-93.45091552734374,11269.98,97.27500495788928,243.7509286977836
2024-07-26 14:25:01+00:00,AAL1347,31.75428771972656,-93.44733743106616,11277.6,97.27500495788928,243.7509286977836
2024-07-26 14:25:02+00:00,AAL1347,31.754026251324152,-93.44503784179688,11277.6,97.27500495788928,243.7509286977836
2024-07-26 14:25:04+00:00,AAL1347,31.75350952148437,-93.44017477596508,11277.6,97.27500495788928,243.7509286977836
2024-07-26 14:25:05+00:00,AAL1347,31.753189086914062,-93.43737433938418,11277.6,97.27500495788928,243.7509286977836
2024-07-26 14:25:06+00:00,AAL1347,31.75295554985434,-93.43509521484371,11277.6,97.27500495788928,243.7509286977836
2024-07-26 14:25:07+00:00,AAL1347,31.75263977050781,-93.43231201171876,11277.6,97.25972404625982,244.26123999736225
2024-07-26 14:25:08+00:00,AAL1347,31.7523193359375,-93.42945772058825,11277.6,97.37939656614806,244.32678185817952
2024-07-26 14:25:09+00:00,AAL1347,31.75204467773437,-93.42692655675552,11277.6,97.37939656614806,244.32678185817952
2024-07-26 14:25:10+00:00,AAL1347,31.75181579589844,-93.42488008386948,11277.6,97.37939656614806,244.32678185817952
2024-07-26 14:25:11+00:00,AAL1347,31.75169863943326,-93.42361450195312,11277.6,97.36393403428126,244.8369738467817
2024-07-26 14:25:12+00:00,AAL1347,31.751220703125,-93.41949462890624,11277.6,97.36393403428126,244.8369738467817
2024-07-26 14:25:13+00:00,AAL1347,31.750991821289062,-93.4174481560202,11277.6,97.36393403428126,244.8369738467817
2024-07-26 14:25:14+00:00,AAL1347,31.750717163085938,-93.4149169921875,11277.6,97.34853581126238,245.3471835929306
2024-07-26 14:25:15+00:00,AAL1347,31.75044172901218,-93.412353515625,11277.6,97.34853581126238,245.3471835929306
2024-07-26 14:25:16+00:00,AAL1347,31.750162415585272,-93.40977172851564,11277.6,97.34853581126238,245.3471835929306
2024-07-26 14:25:18+00:00,AAL1347,31.74971008300781,-93.40592328239892,11277.6,97.33320149894266,245.85741098607335
2024-07-26 14:25:20+00:00,AAL1347,31.74899860963983,-93.3992248535156,11269.98,97.33320149894266,245.85741098607335
2024-07-26 14:25:21+00:00,AAL1347,31.74884033203125,-93.39795280905332,11277.6,97.33320149894266,245.85741098607335
2024-07-26 14:25:22+00:00,AAL1347,31.74838256835937,-93.39353673598345,11277.6,97.31793070243484,246.36765591656925
2024-07-26 14:25:23+00:00,AAL1347,31.74811411712129,-93.39125976562497,11277.6,97.43656464288148,246.43371148284237
2024-07-26 14:25:24+00:00,AAL1347,31.74778825145657,-93.38840332031248,11277.6,97.43656464288148,246.43371148284237
2024-07-26 14:25:25+00:00,AAL1347,31.74755859375,-93.38610480813418,11269.98,97.30272303008016,246.87791827568012
2024-07-26 14:25:26+00:00,AAL1347,31.74727617684057,-93.38373413085937,11277.6,97.30272303008016,246.87791827568012
2024-07-26 14:25:27+00:00,AAL1347,31.74700927734375,-93.38115018956802,11277.6,97.30272303008016,246.87791827568012
2024-07-26 14:25:28+00:00,AAL1347,31.746734619140625,-93.37856517118564,11277.6,97.30272303008016,246.87791827568012
2024-07-26 14:25:29+00:00,AAL1347,31.746345132084212,-93.37521972656248,11277.6,97.40573091834588,247.45398109766535
2024-07-26 14:25:30+00:00,AAL1347,31.74601926641949,-93.37236328125,11277.6,97.40573091834588,247.45398109766535
2024-07-26 14:25:31+00:00,AAL1347,31.745926161943853,-93.37131958007814,11277.6,97.27249550714136,247.89849484925253
2024-07-26 14:25:32+00:00,AAL1347,31.745681762695312,-93.36903291590072,11277.6,97.27249550714136,247.89849484925253
2024-07-26 14:25:33+00:00,AAL1347,31.74522787837659,-93.36483764648438,11269.98,97.27249550714136,247.89849484925253
2024-07-26 14:25:34+00:00,AAL1347,31.744949340820312,-93.3625165153952,11277.6,97.27249550714136,247.89849484925253
2024-07-26 14:25:35+00:00,AAL1347,31.74466925152277,-93.3596740722656,11277.6,97.27249550714136,247.89849484925253
2024-07-26 14:25:37+00:00,AAL1347,31.74415717690678,-93.355224609375,11277.6,97.2574748890892,248.40880885066863
2024-07-26 14:25:39+00:00,AAL1347,31.743621826171875,-93.35029153262866,11277.6,97.24251586019064,248.91913985459104
2024-07-26 14:25:40+00:00,AAL1347,31.74336578886388,-93.34797363281253,11277.6,97.24251586019064,248.91913985459104
2024-07-26 14:25:41+00:00,AAL1347,31.74294681872352,-93.34407348632811,11277.6,97.24251586019064,248.91913985459104
2024-07-26 14:25:42+00:00,AAL1347,31.7427978515625,-93.34275189568018,11277.6,97.2276180444459,249.42948775665872
2024-07-26 14:25:43+00:00,AAL1347,31.74243474410752,-93.33934936523434,11277.6,97.2276180444459,249.42948775665872
2024-07-26 14:25:45+00:00,AAL1347,31.74188232421875,-93.33413516773896,11277.6,97.34482005133896,249.49473268174
2024-07-26 14:25:46+00:00,AAL1347,31.741607666015625,-93.33155014935664,11277.6,97.34482005133896,249.49473268174
2024-07-26 14:25:48+00:00,AAL1347,31.74099162473517,-93.32633056640624,11277.6,97.32974771675876,250.0049641862954
2024-07-26 14:25:49+00:00,AAL1347,31.74075886354608,-93.32424316406248,11277.6,97.32974771675876,250.0049641862954
2024-07-26 14:25:50+00:00,AAL1347,31.74047955011917,-93.3213317871094,11277.6,97.32974771675876,250.0049641862954
2024-07-26 14:25:51+00:00,AAL1347,31.740200236692267,-93.31874999999997,11269.98,97.32974771675876,250.0049641862954
2024-07-26 14:25:52+00:00,AAL1347,31.739913940429688,-93.31641702090992,11269.98,97.32974771675876,250.0049641862954
2024-07-26 14:25:53+00:00,AAL1347,31.739595057600635,-93.31325683593748,11269.98,97.32974771675876,250.0049641862954
2024-07-26 14:25:54+00:00,AAL1347,31.73945540088718,-93.3122131347656,11269.98,97.32974771675876,250.0049641862954
2024-07-26 14:25:55+00:00,AAL1347,31.73908298298464,-93.30853271484376,11269.98,97.32974771675876,250.0049641862954
2024-07-26 14:25:56+00:00,AAL1347,31.738757117319917,-93.30567626953126,11269.98,97.32974771675876,250.0049641862954
2024-07-26 14:25:57+00:00,AAL1347,31.738449096679688,-93.30279181985291,11269.98,97.32974771675876,250.0049641862954
2024-07-26 14:25:58+00:00,AAL1347,31.73822021484375,-93.30074534696688,11269.98,97.32974771675876,250.0049641862954
2024-07-26 14:25:59+00:00,AAL1347,31.737872624801376,-93.29782104492188,11269.98,97.32974771675876,250.0049641862954
2024-07-26 14:26:00+00:00,AAL1347,31.737593311374468,-93.2949645996094,11269.98,97.32974771675876,250.0049641862954
2024-07-26 14:26:02+00:00,AAL1347,31.73716735839844,-93.29105152803312,11269.98,97.32974771675876,250.0049641862954
2024-07-26 14:26:03+00:00,AAL1347,31.736846923828125,-93.28846650965072,11269.98,97.32974771675876,250.0049641862954
2024-07-26 14:26:04+00:00,AAL1347,31.73643493652344,-93.2845351275276,11277.6,97.32974771675876,250.0049641862954
2024-07-26 14:26:06+00:00,AAL1347,31.73597717285156,-93.28033447265624,11277.6,97.32974771675876,250.0049641862954
2024-07-26 14:26:07+00:00,AAL1347,31.73563811738612,-93.2772216796875,11277.6,97.32974771675876,250.0049641862954
2024-07-26 14:26:08+00:00,AAL1347,31.7354736328125,-93.27591839958644,11277.6,97.32974771675876,250.0049641862954
2024-07-26 14:26:09+00:00,AAL1347,31.73503293829449,-93.27200317382812,11277.6,97.32974771675876,250.0049641862954
2024-07-26 14:26:10+00:00,AAL1347,31.7347412109375,-93.26940199908093,11277.6,97.32974771675876,250.0049641862954
2024-07-26 14:26:11+00:00,AAL1347,31.73432922363281,-93.26573988970593,11277.6,97.32974771675876,250.0049641862954
2024-07-26 14:26:13+00:00,AAL1347,31.733871459960938,-93.26159308938418,11277.6,97.32974771675876,250.0049641862954
2024-07-26 14:26:14+00:00,AAL1347,31.733589818922137,-93.258984375,11277.6,97.32974771675876,250.0049641862954
2024-07-26 14:26:15+00:00,AAL1347,31.733310505495236,-93.25634765625,11277.6,97.34482005133896,249.49473268174
2024-07-26 14:26:17+00:00,AAL1347,31.732635498046875,-93.25033748851104,11277.6,97.34482005133896,249.49473268174
2024-07-26 14:26:18+00:00,AAL1347,31.73231506347656,-93.24748319738052,11277.6,97.34482005133896,249.49473268174
2024-07-26 14:26:20+00:00,AAL1347,31.731765747070312,-93.24225930606616,11277.6,97.34482005133896,249.49473268174
2024-07-26 14:26:21+00:00,AAL1347,31.73149496822034,-93.23964843749997,11277.6,97.34482005133896,249.49473268174
2024-07-26 14:26:23+00:00,AAL1347,31.73102944584216,-93.2354736328125,11277.6,97.34482005133896,249.49473268174
2024-07-26 14:26:24+00:00,AAL1347,31.730796684653072,-93.23338623046874,11277.6,97.34482005133896,249.49473268174
2024-07-26 14:26:25+00:00,AAL1347,31.730517371226163,-93.2310791015625,11277.6,97.46196028582726,249.56102102406717
2024-07-26 14:26:26+00:00,AAL1347,31.73023805779926,-93.22844238281247,11277.6,97.46196028582726,249.56102102406717
2024-07-26 14:26:27+00:00,AAL1347,31.72995874437235,-93.22586059570312,11277.6,97.46196028582726,249.56102102406717
2024-07-26 14:26:29+00:00,AAL1347,31.729248046875,-93.21958654067096,11277.6,97.46196028582726,249.56102102406717
2024-07-26 14:26:32+00:00,AAL1347,31.728375968286542,-93.21174316406253,11277.6,97.46196028582726,249.56102102406717
2024-07-26 14:26:33+00:00,AAL1347,31.72809665485964,-93.20943603515622,11277.6,97.46196028582726,249.56102102406717
2024-07-26 14:26:34+00:00,AAL1347,31.727956998146183,-93.20784301757811,11277.6,97.46196028582726,249.56102102406717
2024-07-26 14:26:35+00:00,AAL1347,31.72744492353019,-93.2036682128906,11277.6,97.46196028582726,249.56102102406717
2024-07-26 14:26:36+00:00,AAL1347,31.727351819054554,-93.20262451171874,11277.6,97.46196028582726,249.56102102406717
2024-07-26 14:26:41+00:00,AAL1347,31.72567749023437,-93.18775850183825,11269.98,97.5790378182452,249.6283519524077
2024-07-26 14:26:42+00:00,AAL1347,31.725396625066207,-93.18515624999998,11269.98,97.5790378182452,249.6283519524077
2024-07-26 14:26:43+00:00,AAL1347,31.725070759401483,-93.1825744628906,11269.98,97.5790378182452,249.6283519524077
2024-07-26 14:26:45+00:00,AAL1347,31.72451213254767,-93.17757568359372,11269.98,97.44665296757898,250.07111727753136
2024-07-26 14:26:46+00:00,AAL1347,31.724166870117188,-93.17418715533093,11269.98,97.44665296757898,250.07111727753136
2024-07-26 14:26:47+00:00,AAL1347,31.723892211914062,-93.17214068244488,11269.98,97.44665296757898,250.07111727753136
2024-07-26 14:26:49+00:00,AAL1347,31.72334289550781,-93.16718606387866,11269.98,97.44665296757898,250.07111727753136
2024-07-26 14:26:51+00:00,AAL1347,31.722976684570312,-93.16352395450366,11269.98,97.44665296757898,250.07111727753136
2024-07-26 14:26:52+00:00,AAL1347,31.722510386321503,-93.15933837890624,11277.6,97.44665296757898,250.07111727753136
2024-07-26 14:26:53+00:00,AAL1347,31.722277625132413,-93.15725097656248,11269.98,97.44665296757898,250.07111727753136
2024-07-26 14:26:54+00:00,AAL1347,31.72185865499205,-93.1535705566406,11269.98,97.44665296757898,250.07111727753136
2024-07-26 14:26:55+00:00,AAL1347,31.721694946289062,-93.15199908088238,11269.98,97.44665296757898,250.07111727753136
2024-07-26 14:26:56+00:00,AAL1347,31.721466064453125,-93.14995260799634,11269.98,97.44665296757898,250.07111727753136
2024-07-26 14:26:57+00:00,AAL1347,31.721113819186968,-93.14703369140624,11269.98,97.44665296757898,250.07111727753136
2024-07-26 14:26:58+00:00,AAL1347,31.720870971679688,-93.14472871668198,11269.98,97.44665296757898,250.07111727753136
2024-07-26 14:26:59+00:00,AAL1347,31.7204155356197,-93.14055175781247,11269.98,97.44665296757898,250.07111727753136
2024-07-26 14:27:00+00:00,AAL1347,31.72027587890625,-93.13950805664064,11269.98,97.44665296757898,250.07111727753136
2024-07-26 14:27:01+00:00,AAL1347,31.71986389160156,-93.13584271599268,11269.98,97.44665296757898,250.07111727753136
2024-07-26 14:27:02+00:00,AAL1347,31.71968078613281,-93.13428093405332,11269.98,97.44665296757898,250.07111727753136
2024-07-26 14:27:03+00:00,AAL1347,31.719268798828125,-93.13061882467832,11269.98,97.44665296757898,250.07111727753136
2024-07-26 14:27:04+00:00,AAL1347,31.718994140625,-93.12803380629596,11269.98,97.44665296757898,250.07111727753136
2024-07-26 14:27:05+00:00,AAL1347,31.71881103515625,-93.12647202435664,11269.98,97.44665296757898,250.07111727753136
2024-07-26 14:27:06+00:00,AAL1347,31.718490600585938,-93.12356387867646,11269.98,97.46196028582726,249.56102102406717
2024-07-26 14:27:07+00:00,AAL1347,31.718181028204448,-93.12072143554684,11277.6,97.46196028582726,249.56102102406717
2024-07-26 14:27:08+00:00,AAL1347,31.717855162539724,-93.11786499023437,11277.6,97.46196028582726,249.56102102406717
2024-07-26 14:27:09+00:00,AAL1347,31.717529296875,-93.11500100528492,11269.98,97.46196028582726,249.56102102406717
2024-07-26 14:27:10+00:00,AAL1347,31.717254638671875,-93.11236213235291,11269.98,97.46196028582726,249.56102102406717
2024-07-26 14:27:11+00:00,AAL1347,31.716970670021183,-93.10973510742184,11277.6,97.46196028582726,249.56102102406717
2024-07-26 14:27:12+00:00,AAL1347,31.716737908832098,-93.10770263671871,11269.98,97.46196028582726,249.56102102406717
2024-07-26 14:27:13+00:00,AAL1347,31.716384887695312,-93.1048224954044,11277.6,97.46196028582726,249.56102102406717
2024-07-26 14:27:14+00:00,AAL1347,31.716132729740465,-93.10248413085937,11269.98,97.46196028582726,249.56102102406717
2024-07-26 14:27:15+00:00,AAL1347,31.715835571289062,-93.09986787683825,11269.98,97.46196028582726,249.56102102406717
2024-07-26 14:27:16+00:00,AAL1347,31.715527550648837,-93.09699096679684,11269.98,97.5790378182452,249.6283519524077
2024-07-26 14:27:17+00:00,AAL1347,31.71519470214844,-93.0941054400276,11277.6,97.5790378182452,249.6283519524077
2024-07-26 14:27:18+00:00,AAL1347,31.714874267578125,-93.09125114889709,11277.6,97.5790378182452,249.6283519524077
2024-07-26 14:27:19+00:00,AAL1347,31.714645385742188,-93.08915082146144,11277.6,97.5790378182452,249.6283519524077
2024-07-26 14:27:26+00:00,AAL1347,31.71254820742849,-93.0706787109375,11277.6,97.5790378182452,249.6283519524077
2024-07-26 14:27:28+00:00,AAL1347,31.711898803710938,-93.065185546875,11277.6,97.5790378182452,249.6283519524077
2024-07-26 14:27:30+00:00,AAL1347,31.711349487304688,-93.06023092830884,11277.6,97.5790378182452,249.6283519524077
2024-07-26 14:27:31+00:00,AAL1347,31.711105088056144,-93.05787963867186,11277.6,97.5790378182452,249.6283519524077
2024-07-26 14:27:32+00:00,AAL1347,31.71077922239142,-93.05502319335938,11277.6,97.5790378182452,249.6283519524077
2024-07-26 14:27:34+00:00,AAL1347,31.710174043299787,-93.0498046875,11277.6,97.5790378182452,249.6283519524077
2024-07-26 14:27:40+00:00,AAL1347,31.708311953787074,-93.03365478515622,11277.6,97.5790378182452,249.6283519524077
2024-07-26 14:27:46+00:00,AAL1347,31.706589520987816,-93.01854858398434,11277.6,97.5790378182452,249.6283519524077
2024-07-26 14:27:47+00:00,AAL1347,31.70649641651218,-93.01755981445314,11277.6,97.5790378182452,249.6283519524077
2024-07-26 14:27:48+00:00,AAL1347,31.706222534179688,-93.01520852481616,11277.6,97.5790378182452,249.6283519524077
2024-07-26 14:27:49+00:00,AAL1347,31.705937789658368,-93.01283569335936,11277.6,97.5790378182452,249.6283519524077
2024-07-26 14:27:52+00:00,AAL1347,31.704849243164062,-93.00319896024814,11277.6,97.5790378182452,249.6283519524077
2024-07-26 14:27:53+00:00,AAL1347,31.704757690429688,-93.00217572380518,11277.6,97.5790378182452,249.6283519524077
2024-07-26 14:27:55+00:00,AAL1347,31.70416259765625,-92.99695183249082,11277.6,97.5790378182452,249.6283519524077
2024-07-26 14:27:56+00:00,AAL1347,31.70370483398437,-92.99307430491729,11277.6,97.5790378182452,249.6283519524077
2024-07-26 14:27:57+00:00,AAL1347,31.703521728515625,-92.99151252297791,11277.6,97.5790378182452,249.6283519524077
2024-07-26 14:28:01+00:00,AAL1347,31.70233154296875,-92.98079546760113,11277.6,97.46196028582726,249.56102102406717
2024-07-26 14:28:03+00:00,AAL1347,31.701701536016948,-92.97509765625,11277.6,97.5790378182452,249.6283519524077
2024-07-26 14:28:05+00:00,AAL1347,31.701141357421875,-92.97013226677392,11277.6,97.5790378182452,249.6283519524077
2024-07-26 14:28:08+00:00,AAL1347,31.700180053710938,-92.96178481158093,11277.6,97.46196028582726,249.56102102406717
2024-07-26 14:28:11+00:00,AAL1347,31.699280819650426,-92.95345458984372,11277.6,97.46196028582726,249.56102102406717
2024-07-26 14:28:12+00:00,AAL1347,31.698989868164062,-92.95112161075366,11277.6,97.46196028582726,249.56102102406717
2024-07-26 14:28:13+00:00,AAL1347,31.6988525390625,-92.94955982881436,11277.6,97.46196028582726,249.56102102406717
2024-07-26 14:28:14+00:00,AAL1347,31.69867564055879,-92.94823608398434,11277.6,97.46196028582726,249.56102102406717
2024-07-26 14:28:22+00:00,AAL1347,31.696060180664062,-92.92484059053312,11277.6,97.4773303066608,249.050942656267
2024-07-26 14:28:25+00:00,AAL1347,31.695144653320312,-92.91676240808825,11277.6,97.4773303066608,249.050942656267
2024-07-26 14:28:26+00:00,AAL1347,31.694869995117188,-92.91417738970588,11277.6,97.4773303066608,249.050942656267
2024-07-26 14:28:28+00:00,AAL1347,31.69427490234375,-92.90868422564338,11277.6,97.4773303066608,249.050942656267
2024-07-26 14:28:30+00:00,AAL1347,31.693927312301376,-92.90582885742184,11277.6,97.4773303066608,249.050942656267
2024-07-26 14:28:33+00:00,AAL1347,31.69299626754502,-92.89775390625,11277.6,97.59464336859143,249.11841144699736
2024-07-26 14:28:36+00:00,AAL1347,31.69189453125,-92.8878963694853,11277.6,97.59464336859143,249.11841144699736
2024-07-26 14:28:42+00:00,AAL1347,31.690200805664062,-92.87335564108456,11269.98,97.59464336859143,249.11841144699736
2024-07-26 14:28:43+00:00,AAL1347,31.68988037109375,-92.87050134995404,11269.98,97.59464336859143,249.11841144699736
2024-07-26 14:28:44+00:00,AAL1347,31.68959795418432,-92.86820068359371,11269.98,97.59464336859143,249.11841144699736
2024-07-26 14:28:48+00:00,AAL1347,31.688294491525426,-92.8565002441406,11269.98,97.61031293732783,248.60848949811435
2024-07-26 14:28:49+00:00,AAL1347,31.687957763671875,-92.85391414866729,11269.98,97.7277980505016,248.67714257585592
2024-07-26 14:28:50+00:00,AAL1347,31.68768931243379,-92.85155639648434,11269.98,97.7277980505016,248.67714257585592
2024-07-26 14:28:51+00:00,AAL1347,31.68745422363281,-92.84922880284928,11269.98,97.7277980505016,248.67714257585592
2024-07-26 14:28:52+00:00,AAL1347,31.68727034229343,-92.84793090820312,11269.98,97.7277980505016,248.67714257585592
2024-07-26 14:28:53+00:00,AAL1347,31.68685913085937,-92.84427418428312,11269.98,97.7277980505016,248.67714257585592
2024-07-26 14:28:54+00:00,AAL1347,31.68658447265625,-92.84195843864892,11277.6,97.7277980505016,248.67714257585592
2024-07-26 14:28:55+00:00,AAL1347,31.686339297537074,-92.83963623046871,11269.98,97.7277980505016,248.67714257585592
2024-07-26 14:28:56+00:00,AAL1347,31.68598937988281,-92.83678840188418,11277.6,97.7277980505016,248.67714257585592
2024-07-26 14:28:57+00:00,AAL1347,31.685687566207623,-92.83392333984376,11269.98,97.7277980505016,248.67714257585592
2024-07-26 14:28:59+00:00,AAL1347,31.685028076171875,-92.82822552849268,11269.98,97.61031293732783,248.60848949811435
2024-07-26 14:29:00+00:00,AAL1347,31.68470996921345,-92.82535400390624,11277.6,97.61031293732783,248.60848949811435
2024-07-26 14:29:01+00:00,AAL1347,31.68452453613281,-92.8238094554228,11277.6,97.61031293732783,248.60848949811435
2024-07-26 14:29:02+00:00,AAL1347,31.684158325195312,-92.82068589154414,11277.6,97.61031293732783,248.60848949811435
2024-07-26 14:29:03+00:00,AAL1347,31.68402099609375,-92.81966265510113,11277.6,97.61031293732783,248.60848949811435
2024-07-26 14:29:04+00:00,AAL1347,31.683563232421875,-92.8157851275276,11277.6,97.61031293732783,248.60848949811435
2024-07-26 14:29:05+00:00,AAL1347,31.68331340207892,-92.8134338378906,11277.6,97.61031293732783,248.60848949811435
2024-07-26 14:29:06+00:00,AAL1347,31.68303408865201,-92.81085205078124,11277.6,97.61031293732783,248.60848949811435
2024-07-26 14:29:07+00:00,AAL1347,31.682647705078125,-92.80776079963238,11269.98,97.61031293732783,248.60848949811435
2024-07-26 14:29:08+00:00,AAL1347,31.68255615234375,-92.8066837086397,11269.98,97.61031293732783,248.60848949811435
2024-07-26 14:29:09+00:00,AAL1347,31.68223571777344,-92.80409869025738,11269.98,97.61031293732783,248.60848949811435
2024-07-26 14:29:10+00:00,AAL1347,31.681961059570312,-92.801513671875,11277.6,97.61031293732783,248.60848949811435
2024-07-26 14:29:11+00:00,AAL1347,31.681451312566207,-92.79733886718748,11269.98,97.61031293732783,248.60848949811435
2024-07-26 14:29:12+00:00,AAL1347,31.681320190429688,-92.79607436236216,11277.6,97.61031293732783,248.60848949811435
2024-07-26 14:29:13+00:00,AAL1347,31.68104553222656,-92.7934893439798,11277.6,97.61031293732783,248.60848949811435
2024-07-26 14:29:14+00:00,AAL1347,31.68075302899894,-92.79113159179684,11269.98,97.7277980505016,248.67714257585592
2024-07-26 14:29:15+00:00,AAL1347,31.68026733398437,-92.78697294347428,11269.98,97.7277980505016,248.67714257585592
2024-07-26 14:29:17+00:00,AAL1347,31.67999267578125,-92.78438792509188,11269.98,97.7277980505016,248.67714257585592
2024-07-26 14:29:19+00:00,AAL1347,31.6790771484375,-92.77690214269302,11269.98,97.7277980505016,248.67714257585592
2024-07-26 14:29:21+00:00,AAL1347,31.678658178297137,-92.77327880859372,11269.98,97.7277980505016,248.67714257585592
2024-07-26 14:29:22+00:00,AAL1347,31.678207397460938,-92.76936250574448,11269.98,97.84521781923266,248.7468406515134
2024-07-26 14:29:23+00:00,AAL1347,31.677886962890625,-92.76650821461396,11269.98,97.84521781923266,248.7468406515134
2024-07-26 14:29:24+00:00,AAL1347,31.67754092458951,-92.76366577148434,11269.98,97.84521781923266,248.7468406515134
2024-07-26 14:29:27+00:00,AAL1347,31.676842641022244,-92.75745849609376,11269.98,97.8614254043611,248.23722156039824
2024-07-26 14:29:28+00:00,AAL1347,31.67633056640625,-92.75331384995404,11269.98,97.8614254043611,248.23722156039824
2024-07-26 14:29:30+00:00,AAL1347,31.675689697265625,-92.74787454044116,11269.98,97.8614254043611,248.23722156039824
2024-07-26 14:29:31+00:00,AAL1347,31.675399521649894,-92.74553833007808,11269.98,97.8614254043611,248.23722156039824
2024-07-26 14:29:32+00:00,AAL1347,31.675277709960938,-92.74426628561582,11269.98,97.8614254043611,248.23722156039824
2024-07-26 14:29:33+00:00,AAL1347,31.675120208222985,-92.74295654296871,11269.98,97.8614254043611,248.23722156039824
2024-07-26 14:29:34+00:00,AAL1347,31.674468476893537,-92.73751831054688,11269.98,97.74376903332607,248.16738035771223
2024-07-26 14:29:35+00:00,AAL1347,31.67431640625,-92.73618810317096,11269.98,97.74376903332607,248.16738035771223
2024-07-26 14:29:37+00:00,AAL1347,31.67377019332627,-92.73153076171872,11269.98,97.74376903332607,248.16738035771223
2024-07-26 14:29:39+00:00,AAL1347,31.6732177734375,-92.72665584788604,11277.6,97.74376903332607,248.16738035771223
2024-07-26 14:29:40+00:00,AAL1347,31.67274604409428,-92.7224670410156,11269.98,97.74376903332607,248.16738035771223
2024-07-26 14:29:41+00:00,AAL1347,31.67246673066737,-92.71988525390624,11269.98,97.62604691683794,248.0985862201776
2024-07-26 14:29:44+00:00,AAL1347,31.671535685911017,-92.711865234375,11269.98,97.61031293732783,248.60848949811435
2024-07-26 14:29:45+00:00,AAL1347,31.67120982024629,-92.7092834472656,11277.6,97.62604691683794,248.0985862201776
2024-07-26 14:29:46+00:00,AAL1347,31.671066284179688,-92.70796831916364,11277.6,97.62604691683794,248.0985862201776
2024-07-26 14:29:47+00:00,AAL1347,31.670654296875,-92.70409079159008,11269.98,97.62604691683794,248.0985862201776
2024-07-26 14:29:48+00:00,AAL1347,31.670511536679022,-92.70280151367189,11269.98,97.62604691683794,248.0985862201776
2024-07-26 14:29:49+00:00,AAL1347,31.670092566538663,-92.6991760253906,11269.98,97.62604691683794,248.0985862201776
2024-07-26 14:29:51+00:00,AAL1347,31.669464111328125,-92.69401999080884,11277.6,97.62604691683794,248.0985862201776
2024-07-26 14:29:52+00:00,AAL1347,31.66934773073358,-92.69269409179684,11277.6,97.62604691683794,248.0985862201776
2024-07-26 14:29:53+00:00,AAL1347,31.6688822083554,-92.68879394531253,11277.6,97.62604691683794,248.0985862201776
2024-07-26 14:29:54+00:00,AAL1347,31.668649447166317,-92.68676147460934,11277.6,97.62604691683794,248.0985862201776
2024-07-26 14:29:55+00:00,AAL1347,31.668365478515625,-92.68438002642466,11277.6,97.62604691683794,248.0985862201776
2024-07-26 14:29:57+00:00,AAL1347,31.66767883300781,-92.67845602596508,11269.98,97.62604691683794,248.0985862201776
2024-07-26 14:29:58+00:00,AAL1347,31.667392536745236,-92.67561035156253,11277.6,97.62604691683794,248.0985862201776
2024-07-26 14:29:59+00:00,AAL1347,31.66708374023437,-92.6732859892004,11277.6,97.62604691683794,248.0985862201776
2024-07-26 14:30:01+00:00,AAL1347,31.66650804422669,-92.66808471679684,11277.6,97.74376903332607,248.16738035771223
2024-07-26 14:30:02+00:00,AAL1347,31.66621398925781,-92.66574635225186,11277.6,97.74376903332607,248.16738035771223
2024-07-26 14:30:03+00:00,AAL1347,31.66594941737288,-92.66319580078124,11277.6,97.74376903332607,248.16738035771223
2024-07-26 14:30:04+00:00,AAL1347,31.66552734375,-92.65982235179229,11277.6,97.74376903332607,248.16738035771223
2024-07-26 14:30:05+00:00,AAL1347,31.66529768604343,-92.65748291015626,11277.6,97.74376903332607,248.16738035771223
2024-07-26 14:30:06+00:00,AAL1347,31.66497802734375,-92.65486773322613,11277.6,97.74376903332607,248.16738035771223
2024-07-26 14:30:07+00:00,AAL1347,31.6646925069518,-92.6525390625,11277.6,97.74376903332607,248.16738035771223
2024-07-26 14:30:08+00:00,AAL1347,31.6644287109375,-92.65023624195771,11277.6,97.74376903332607,248.16738035771223
2024-07-26 14:30:09+00:00,AAL1347,31.664108276367188,-92.6473819508272,11277.6,97.74376903332607,248.16738035771223
2024-07-26 14:30:10+00:00,AAL1347,31.66380801443326,-92.645068359375,11269.98,97.74376903332607,248.16738035771223
2024-07-26 14:30:11+00:00,AAL1347,31.663558959960938,-92.64269660500918,11277.6,97.74376903332607,248.16738035771223
2024-07-26 14:30:12+00:00,AAL1347,31.663238525390625,-92.63989616842832,11277.6,97.74376903332607,248.16738035771223
2024-07-26 14:30:13+00:00,AAL1347,31.66297007415254,-92.63754272460938,11277.6,97.74376903332607,248.16738035771223
2024-07-26 14:30:14+00:00,AAL1347,31.66268920898437,-92.6352108226103,11277.6,97.8614254043611,248.23722156039824
2024-07-26 14:30:15+00:00,AAL1347,31.6622314453125,-92.63133329503675,11269.98,97.8614254043611,248.23722156039824
2024-07-26 14:30:16+00:00,AAL1347,31.66194592492055,-92.62897338867184,11269.98,97.8614254043611,248.23722156039824
2024-07-26 14:30:17+00:00,AAL1347,31.661666611493644,-92.62639160156247,11269.98,97.8614254043611,248.23722156039824
2024-07-26 14:30:18+00:00,AAL1347,31.661361694335938,-92.62406293083644,11277.6,97.8614254043611,248.23722156039824
2024-07-26 14:30:19+00:00,AAL1347,31.661201089115465,-92.62276611328122,11269.98,97.8614254043611,248.23722156039824
2024-07-26 14:30:20+00:00,AAL1347,31.66087522345074,-92.61996459960938,11269.98,97.8614254043611,248.23722156039824
2024-07-26 14:30:21+00:00,AAL1347,31.6605028055482,-92.61683349609376,11269.98,97.8614254043611,248.23722156039824
2024-07-26 14:30:22+00:00,AAL1347,31.6600341796875,-92.61269962086396,11269.98,97.8614254043611,248.23722156039824
2024-07-26 14:30:23+00:00,AAL1347,31.65989762645657,-92.61139526367184,11269.98,97.74376903332607,248.16738035771223
2024-07-26 14:30:24+00:00,AAL1347,31.659713745117188,-92.61011460248164,11269.98,97.74376903332607,248.16738035771223
2024-07-26 14:30:25+00:00,AAL1347,31.65924589512712,-92.60595703125,11269.98,97.74376903332607,248.16738035771223
2024-07-26 14:30:26+00:00,AAL1347,31.65896658170021,-92.60337524414064,11269.98,97.74376903332607,248.16738035771223
2024-07-26 14:30:27+00:00,AAL1347,31.658640716035485,-92.60079345703122,11269.98,97.74376903332607,248.16738035771223
2024-07-26 14:30:28+00:00,AAL1347,31.65836140260858,-92.59821166992184,11269.98,97.74376903332607,248.16738035771223
2024-07-26 14:30:29+00:00,AAL1347,31.658203125,-92.59692023782168,11277.6,97.74376903332607,248.16738035771223
2024-07-26 14:30:30+00:00,AAL1347,31.6578958802304,-92.59431152343753,11269.98,97.74376903332607,248.16738035771223
2024-07-26 14:30:31+00:00,AAL1347,31.657516479492188,-92.5909423828125,11269.98,97.74376903332607,248.16738035771223
2024-07-26 14:30:32+00:00,AAL1347,31.65733337402344,-92.58938060087314,11269.98,97.74376903332607,248.16738035771223
2024-07-26 14:30:33+00:00,AAL1347,31.65677862652277,-92.58475341796871,11269.98,97.74376903332607,248.16738035771223
2024-07-26 14:30:34+00:00,AAL1347,31.656592417571503,-92.58316040039062,11269.98,97.74376903332607,248.16738035771223
2024-07-26 14:30:35+00:00,AAL1347,31.656173447431144,-92.57931518554688,11269.98,97.74376903332607,248.16738035771223
2024-07-26 14:30:36+00:00,AAL1347,31.656005859375,-92.57801729090072,11269.98,97.74376903332607,248.16738035771223
2024-07-26 14:30:37+00:00,AAL1347,31.655707925052965,-92.57514038085937,11269.98,97.74376903332607,248.16738035771223
2024-07-26 14:30:38+00:00,AAL1347,31.655548095703125,-92.57387049057904,11269.98,97.74376903332607,248.16738035771223
2024-07-26 14:30:39+00:00,AAL1347,31.65509033203125,-92.56999296300552,11269.98,97.74376903332607,248.16738035771223
2024-07-26 14:30:40+00:00,AAL1347,31.65467834472656,-92.56633085363052,11269.98,97.74376903332607,248.16738035771223
2024-07-26 14:30:44+00:00,AAL1347,31.653566522113348,-92.55673828124998,11269.98,97.62604691683794,248.0985862201776
2024-07-26 14:30:46+00:00,AAL1347,31.65310099973517,-92.5526184082031,11269.98,97.62604691683794,248.0985862201776
2024-07-26 14:30:47+00:00,AAL1347,31.6527099609375,-92.54925896139709,11277.6,97.62604691683794,248.0985862201776
2024-07-26 14:30:48+00:00,AAL1347,31.652389526367188,-92.54640467026655,11277.6,97.62604691683794,248.0985862201776
2024-07-26 14:30:49+00:00,AAL1347,31.65216064453125,-92.54435819738052,11277.6,97.62604691683794,248.0985862201776
2024-07-26 14:30:50+00:00,AAL1347,31.65198374602754,-92.54306030273438,11277.6,97.62604691683794,248.0985862201776
2024-07-26 14:30:51+00:00,AAL1347,31.65156477588718,-92.53916015624998,11277.6,97.62604691683794,248.0985862201776
2024-07-26 14:30:52+00:00,AAL1347,31.6512451171875,-92.5363338694853,11277.6,97.62604691683794,248.0985862201776
2024-07-26 14:30:53+00:00,AAL1347,31.650924682617188,-92.53369499655332,11277.6,97.62604691683794,248.0985862201776
2024-07-26 14:30:54+00:00,AAL1347,31.650604248046875,-92.5308945599724,11277.6,97.62604691683794,248.0985862201776
2024-07-26 14:30:55+00:00,AAL1347,31.65028381347656,-92.52830954159008,11277.6,97.74376903332607,248.16738035771223
2024-07-26 14:30:56+00:00,AAL1347,31.65000915527344,-92.52567066865812,11277.6,97.74376903332607,248.16738035771223
2024-07-26 14:30:57+00:00,AAL1347,31.64984234308792,-92.52438354492188,11277.6,97.74376903332607,248.16738035771223
2024-07-26 14:30:58+00:00,AAL1347,31.6494140625,-92.52076990464155,11277.6,97.74376903332607,248.16738035771223
2024-07-26 14:30:59+00:00,AAL1347,31.649322509765625,-92.51974666819854,11277.6,97.74376903332607,248.16738035771223
2024-07-26 14:31:00+00:00,AAL1347,31.64877164161811,-92.51510009765622,11277.6,97.74376903332607,248.16738035771223
2024-07-26 14:31:01+00:00,AAL1347,31.64849853515625,-92.51274557674634,11277.6,97.74376903332607,248.16738035771223
2024-07-26 14:31:02+00:00,AAL1347,31.6482130147643,-92.51043090820308,11277.6,97.74376903332607,248.16738035771223
2024-07-26 14:31:03+00:00,AAL1347,31.647857666015625,-92.50730626723345,11277.6,97.74376903332607,248.16738035771223
2024-07-26 14:31:04+00:00,AAL1347,31.64760783567267,-92.50499267578124,11277.6,97.74376903332607,248.16738035771223
2024-07-26 14:31:05+00:00,AAL1347,31.647262573242188,-92.50213623046876,11277.6,97.7277980505016,248.67714257585592
2024-07-26 14:31:06+00:00,AAL1347,31.646942138671875,-92.49928193933825,11277.6,97.7277980505016,248.67714257585592
2024-07-26 14:31:07+00:00,AAL1347,31.64662170410156,-92.49669692095593,11269.98,97.7277980505016,248.67714257585592
2024-07-26 14:31:08+00:00,AAL1347,31.646530151367188,-92.4956736845129,11269.98,97.7277980505016,248.67714257585592
2024-07-26 14:31:09+00:00,AAL1347,31.6461181640625,-92.4920115751379,11269.98,97.7277980505016,248.67714257585592
2024-07-26 14:31:10+00:00,AAL1347,31.64574574615996,-92.4888977050781,11269.98,97.7277980505016,248.67714257585592
2024-07-26 14:31:11+00:00,AAL1347,31.64561462402344,-92.48759550206802,11277.6,97.7277980505016,248.67714257585592
2024-07-26 14:31:12+00:00,AAL1347,31.64528022378178,-92.48477783203124,11269.98,97.61031293732783,248.60848949811435
2024-07-26 14:31:13+00:00,AAL1347,31.64504746259269,-92.48269042968748,11269.98,97.61031293732783,248.60848949811435
2024-07-26 14:31:17+00:00,AAL1347,31.64369201660156,-92.47100830078124,11269.98,97.7277980505016,248.67714257585592
2024-07-26 14:31:18+00:00,AAL1347,31.6435546875,-92.46998506433825,11269.98,97.7277980505016,248.67714257585592
2024-07-26 14:31:19+00:00,AAL1347,31.64327847755561,-92.46763916015624,11269.98,97.7277980505016,248.67714257585592
2024-07-26 14:31:20+00:00,AAL1347,31.6427198507018,-92.46275024414064,11269.98,97.7277980505016,248.67714257585592
2024-07-26 14:31:21+00:00,AAL1347,31.64248708951271,-92.46066284179688,11269.98,97.7277980505016,248.67714257585592
2024-07-26 14:31:22+00:00,AAL1347,31.64230088056144,-92.45912475585936,11269.98,97.7277980505016,248.67714257585592
2024-07-26 14:31:23+00:00,AAL1347,31.641815185546875,-92.45495964499082,11269.98,97.7277980505016,248.67714257585592
2024-07-26 14:31:24+00:00,AAL1347,31.641556044756356,-92.452587890625,11269.98,97.7277980505016,248.67714257585592
2024-07-26 14:31:25+00:00,AAL1347,31.641369835805083,-92.4510498046875,11269.98,97.7277980505016,248.67714257585592
2024-07-26 14:31:26+00:00,AAL1347,31.64104397014036,-92.448193359375,11269.98,97.7277980505016,248.67714257585592
2024-07-26 14:31:27+00:00,AAL1347,31.64076232910156,-92.44585822610291,11269.98,97.7277980505016,248.67714257585592
2024-07-26 14:31:28+00:00,AAL1347,31.64034568657309,-92.44198608398438,11269.98,97.7277980505016,248.67714257585592
2024-07-26 14:31:29+00:00,AAL1347,31.640167236328125,-92.44068818933825,11269.98,97.7277980505016,248.67714257585592
2024-07-26 14:31:30+00:00,AAL1347,31.640019820908368,-92.439404296875,11269.98,97.7277980505016,248.67714257585592
2024-07-26 14:31:31+00:00,AAL1347,31.639461194054554,-92.43446044921876,11277.6,97.7277980505016,248.67714257585592
2024-07-26 14:31:34+00:00,AAL1347,31.638809462725103,-92.42902221679684,11269.98,97.7277980505016,248.67714257585592
2024-07-26 14:31:35+00:00,AAL1347,31.6385301492982,-92.42644042968747,11269.98,97.7277980505016,248.67714257585592
2024-07-26 14:31:36+00:00,AAL1347,31.638204283633478,-92.42385864257812,11277.6,97.7277980505016,248.67714257585592
2024-07-26 14:31:37+00:00,AAL1347,31.637924194335938,-92.42124669692096,11277.6,97.84521781923266,248.7468406515134
2024-07-26 14:31:40+00:00,AAL1347,31.63680771649894,-92.41193847656253,11269.98,97.84521781923266,248.7468406515134
2024-07-26 14:31:41+00:00,AAL1347,31.636459350585938,-92.40907556870404,11277.6,97.84521781923266,248.7468406515134
2024-07-26 14:31:42+00:00,AAL1347,31.63636779785156,-92.40805233226104,11269.98,97.84521781923266,248.7468406515134
2024-07-26 14:31:43+00:00,AAL1347,31.636062880693853,-92.40545654296876,11269.98,97.84521781923266,248.7468406515134
2024-07-26 14:31:44+00:00,AAL1347,31.63573701502913,-92.40281982421874,11269.98,97.84521781923266,248.7468406515134
2024-07-26 14:31:45+00:00,AAL1347,31.635177612304688,-92.39819694967832,11277.6,97.84521781923266,248.7468406515134
2024-07-26 14:31:46+00:00,AAL1347,31.635040283203125,-92.39711985868564,11277.6,97.84521781923266,248.7468406515134
2024-07-26 14:31:47+00:00,AAL1347,31.63458251953125,-92.39297305836396,11277.6,97.84521781923266,248.7468406515134
2024-07-26 14:31:50+00:00,AAL1347,31.63385009765625,-92.3870490579044,11277.6,97.84521781923266,248.7468406515134
2024-07-26 14:31:51+00:00,AAL1347,31.63340940313824,-92.38315429687498,11277.6,97.96257131255412,248.8175828469212
2024-07-26 14:31:52+00:00,AAL1347,31.63325500488281,-92.38182516659008,11277.6,97.96257131255412,248.8175828469212
2024-07-26 14:31:53+00:00,AAL1347,31.632943880760063,-92.37925415039064,11277.6,97.96257131255412,248.8175828469212
2024-07-26 14:31:54+00:00,AAL1347,31.63238525390625,-92.37458496093753,11277.6,97.96257131255412,248.8175828469212
2024-07-26 14:31:56+00:00,AAL1347,31.63205938824152,-92.37172851562497,11277.6,97.96257131255412,248.8175828469212
2024-07-26 14:31:57+00:00,AAL1347,31.6317335225768,-92.3691467285156,11277.6,97.96257131255412,248.8175828469212
2024-07-26 14:32:00+00:00,AAL1347,31.6307373046875,-92.36082189223345,11277.6,97.96257131255412,248.8175828469212
2024-07-26 14:32:01+00:00,AAL1347,31.63047661215572,-92.35848999023438,11277.6,97.96257131255412,248.8175828469212
2024-07-26 14:32:02+00:00,AAL1347,31.630104194253175,-92.35563354492189,11277.6,97.96257131255412,248.8175828469212
2024-07-26 14:32:09+00:00,AAL1347,31.627853393554688,-92.33669505399814,11277.6,97.94619473519217,249.3270771599545
2024-07-26 14:32:10+00:00,AAL1347,31.62753295898437,-92.33411003561582,11277.6,97.94619473519217,249.3270771599545
2024-07-26 14:32:12+00:00,AAL1347,31.62693864208157,-92.32893676757811,11277.6,97.94619473519217,249.3270771599545
2024-07-26 14:32:13+00:00,AAL1347,31.62666320800781,-92.32657039866729,11277.6,97.94619473519217,249.3270771599545
2024-07-26 14:32:14+00:00,AAL1347,31.626380015227756,-92.32421264648434,11277.6,97.94619473519217,249.3270771599545
2024-07-26 14:32:15+00:00,AAL1347,31.62611389160156,-92.32188505284928,11277.6,97.94619473519217,249.3270771599545
2024-07-26 14:32:16+00:00,AAL1347,31.62577483613612,-92.31926879882808,11277.6,97.94619473519217,249.3270771599545
2024-07-26 14:32:17+00:00,AAL1347,31.62542724609375,-92.31644574333644,11277.6,97.94619473519217,249.3270771599545
2024-07-26 14:32:18+00:00,AAL1347,31.62516965704449,-92.31410522460936,11277.6,97.94619473519217,249.3270771599545
2024-07-26 14:32:20+00:00,AAL1347,31.62437438964844,-92.30734432444854,11269.98,97.94619473519217,249.3270771599545
2024-07-26 14:32:21+00:00,AAL1347,31.62400585109905,-92.30421752929686,11269.98,97.94619473519217,249.3270771599545
2024-07-26 14:32:22+00:00,AAL1347,31.62373352050781,-92.30185116038604,11269.98,97.94619473519217,249.3270771599545
2024-07-26 14:32:23+00:00,AAL1347,31.623550415039062,-92.30034323299634,11269.98,97.92988495300467,249.8365917589447
2024-07-26 14:32:24+00:00,AAL1347,31.623167910818324,-92.29746093749998,11269.98,97.92988495300467,249.8365917589447
2024-07-26 14:32:25+00:00,AAL1347,31.62307480634269,-92.29641723632812,11269.98,97.92988495300467,249.8365917589447
2024-07-26 14:32:26+00:00,AAL1347,31.622589111328125,-92.29226505055146,11269.98,97.92988495300467,249.8365917589447
2024-07-26 14:32:27+00:00,AAL1347,31.62226867675781,-92.28962617761948,11269.98,97.92988495300467,249.8365917589447
2024-07-26 14:32:28+00:00,AAL1347,31.621902465820312,-92.28677188648896,11277.6,97.92988495300467,249.8365917589447
2024-07-26 14:32:30+00:00,AAL1347,31.62130582130561,-92.2818603515625,11269.98,97.92988495300467,249.8365917589447
2024-07-26 14:32:31+00:00,AAL1347,31.62094116210937,-92.27869370404414,11269.98,97.92988495300467,249.8365917589447
2024-07-26 14:32:32+00:00,AAL1347,31.620607537738348,-92.27587280273434,11277.6,97.92988495300467,249.8365917589447
2024-07-26 14:32:34+00:00,AAL1347,31.620025634765625,-92.2708847943474,11277.6,98.0467024428789,249.90808447639097
2024-07-26 14:32:36+00:00,AAL1347,31.61949028403072,-92.26675415039062,11269.98,98.0467024428789,249.90808447639097
2024-07-26 14:32:37+00:00,AAL1347,31.619155883789062,-92.2638837028952,11277.6,98.0467024428789,249.90808447639097
2024-07-26 14:32:38+00:00,AAL1347,31.61883544921875,-92.2610294117647,11269.98,98.0467024428789,249.90808447639097
2024-07-26 14:32:39+00:00,AAL1347,31.61855923927436,-92.25867919921876,11269.98,98.0467024428789,249.90808447639097
2024-07-26 14:32:40+00:00,AAL1347,31.618240356445312,-92.25634406594668,11277.6,98.0467024428789,249.90808447639097
2024-07-26 14:32:41+00:00,AAL1347,31.617919921875,-92.2537051930147,11277.6,98.0467024428789,249.90808447639097
2024-07-26 14:32:42+00:00,AAL1347,31.617599487304688,-92.25085090188418,11269.98,98.0467024428789,249.90808447639097
2024-07-26 14:32:43+00:00,AAL1347,31.61744198556673,-92.249560546875,11269.98,98.0467024428789,249.90808447639097
2024-07-26 14:32:44+00:00,AAL1347,31.616958618164062,-92.24562701056988,11277.6,98.0467024428789,249.90808447639097
2024-07-26 14:32:45+00:00,AAL1347,31.61651094081038,-92.24197998046871,11277.6,98.03022602386098,250.41747376833936
2024-07-26 14:32:46+00:00,AAL1347,31.616363525390625,-92.24067239200366,11277.6,98.03022602386098,250.41747376833936
2024-07-26 14:32:47+00:00,AAL1347,31.61618507514565,-92.23939819335936,11277.6,98.03022602386098,250.41747376833936
2024-07-26 14:32:48+00:00,AAL1347,31.61558532714844,-92.23415599149814,11277.6,98.03022602386098,250.41747376833936
2024-07-26 14:32:49+00:00,AAL1347,31.615264892578125,-92.23157097311582,11277.6,98.03022602386098,250.41747376833936
2024-07-26 14:32:50+00:00,AAL1347,31.61494445800781,-92.22893210018384,11277.6,98.03022602386098,250.41747376833936
2024-07-26 14:32:51+00:00,AAL1347,31.61464885129767,-92.2263244628906,11277.6,98.03022602386098,250.41747376833936
2024-07-26 14:32:53+00:00,AAL1347,31.614028930664062,-92.2213924632353,11277.6,98.03022602386098,250.41747376833936
2024-07-26 14:32:54+00:00,AAL1347,31.613717806541317,-92.218798828125,11277.6,98.03022602386098,250.41747376833936
2024-07-26 14:32:55+00:00,AAL1347,31.613485045352224,-92.21671142578124,11277.6,98.03022602386098,250.41747376833936
2024-07-26 14:32:56+00:00,AAL1347,31.613204956054688,-92.21433751723345,11277.6,98.03022602386098,250.41747376833936
2024-07-26 14:32:57+00:00,AAL1347,31.612838745117188,-92.21148322610291,11277.6,98.03022602386098,250.41747376833936
2024-07-26 14:32:58+00:00,AAL1347,31.612518310546875,-92.20884435317096,11277.6,97.91364156079403,250.3461265200314
2024-07-26 14:32:59+00:00,AAL1347,31.61224365234375,-92.20625933478864,11277.6,97.91364156079403,250.3461265200314
2024-07-26 14:33:00+00:00,AAL1347,31.612106323242188,-92.20518224379596,11277.6,97.89746415661205,250.8556813203556
2024-07-26 14:33:01+00:00,AAL1347,31.61162295583951,-92.2010559082031,11277.6,97.89746415661205,250.8556813203556
2024-07-26 14:33:02+00:00,AAL1347,31.611236572265625,-92.19818115234376,11277.6,97.89746415661205,250.8556813203556
2024-07-26 14:33:04+00:00,AAL1347,31.610595703125,-92.19268798828124,11277.6,98.01381650147393,250.92688368453705
2024-07-26 14:33:05+00:00,AAL1347,31.61031949318061,-92.19034423828124,11277.6,98.01381650147393,250.92688368453705
2024-07-26 14:33:06+00:00,AAL1347,31.61017983646716,-92.18930053710938,11277.6,98.01381650147393,250.92688368453705
2024-07-26 14:33:07+00:00,AAL1347,31.609714314088983,-92.1853454589844,11277.6,98.01381650147393,250.92688368453705
2024-07-26 14:33:08+00:00,AAL1347,31.609481552899894,-92.18325805664062,11277.6,98.01381650147393,250.92688368453705
2024-07-26 14:33:09+00:00,AAL1347,31.60908508300781,-92.18013987821688,11277.6,98.01381650147393,250.92688368453705
2024-07-26 14:33:10+00:00,AAL1347,31.60899353027344,-92.17906278722428,11277.6,98.01381650147393,250.92688368453705
2024-07-26 14:33:11+00:00,AAL1347,31.60864361261917,-92.1762268066406,11277.6,97.89746415661205,250.8556813203556
2024-07-26 14:33:12+00:00,AAL1347,31.608178090240997,-92.17227172851562,11277.6,98.01381650147393,250.92688368453705
2024-07-26 14:33:13+00:00,AAL1347,31.607894897460938,-92.16996136833644,11277.6,98.01381650147393,250.92688368453705
2024-07-26 14:33:16+00:00,AAL1347,31.60688781738281,-92.16182933134188,11277.6,98.01381650147393,250.92688368453705
2024-07-26 14:33:17+00:00,AAL1347,31.606613159179688,-92.15919045840992,11277.6,98.01381650147393,250.92688368453705
2024-07-26 14:33:18+00:00,AAL1347,31.606246948242188,-92.1563361672794,11277.6,98.01381650147393,250.92688368453705
2024-07-26 14:33:21+00:00,AAL1347,31.60529185149629,-92.148486328125,11277.6,98.13010235415598,250.9991202491053
2024-07-26 14:33:22+00:00,AAL1347,31.60496598583157,-92.14590454101562,11277.6,98.13010235415598,250.9991202491053
2024-07-26 14:33:23+00:00,AAL1347,31.60469055175781,-92.14351878446688,11277.6,98.13010235415598,250.9991202491053
2024-07-26 14:33:24+00:00,AAL1347,31.6043701171875,-92.14093376608456,11277.6,98.13010235415598,250.9991202491053
2024-07-26 14:33:25+00:00,AAL1347,31.60400390625,-92.1380256204044,11277.6,98.13010235415598,250.9991202491053
2024-07-26 14:33:26+00:00,AAL1347,31.603709075410485,-92.13568725585937,11277.6,98.11352851038538,251.50840434903824
2024-07-26 14:33:27+00:00,AAL1347,31.60342976198358,-92.13305053710934,11277.6,98.11352851038538,251.50840434903824
2024-07-26 14:33:28+00:00,AAL1347,31.60308837890625,-92.13043212890624,11269.98,98.11352851038538,251.50840434903824
2024-07-26 14:33:29+00:00,AAL1347,31.602767944335938,-92.12779325597428,11277.6,97.99747347180384,251.43631409962975
2024-07-26 14:33:30+00:00,AAL1347,31.602447509765625,-92.12520823759188,11269.98,97.99747347180384,251.43631409962975
2024-07-26 14:33:31+00:00,AAL1347,31.602127075195312,-92.12230009191175,11269.98,97.99747347180384,251.43631409962975
2024-07-26 14:33:32+00:00,AAL1347,31.60184698589777,-92.11997680664064,11269.98,97.99747347180384,251.43631409962975
2024-07-26 14:33:33+00:00,AAL1347,31.60152112023305,-92.11734008789062,11269.98,97.99747347180384,251.43631409962975
2024-07-26 14:33:34+00:00,AAL1347,31.60121154785156,-92.11497587316175,11269.98,97.99747347180384,251.43631409962975
2024-07-26 14:33:35+00:00,AAL1347,31.60091594114142,-92.11234130859371,11269.98,97.99747347180384,251.43631409962975
2024-07-26 14:33:36+00:00,AAL1347,31.600570678710938,-92.10948270909928,11269.98,97.99747347180384,251.43631409962975
2024-07-26 14:33:37+00:00,AAL1347,31.600250244140625,-92.10684383616729,11269.98,97.99747347180384,251.43631409962975
2024-07-26 14:33:38+00:00,AAL1347,31.599929809570312,-92.10425881778492,11269.98,98.11352851038538,251.50840434903824
2024-07-26 14:33:39+00:00,AAL1347,31.59956359863281,-92.1013506721048,11269.98,98.11352851038538,251.50840434903824
2024-07-26 14:33:40+00:00,AAL1347,31.5992866128178,-92.09899291992184,11269.98,98.11352851038538,251.50840434903824
2024-07-26 14:33:41+00:00,AAL1347,31.598960747153072,-92.09635620117189,11269.98,98.11352851038538,251.50840434903824
2024-07-26 14:33:42+00:00,AAL1347,31.598634881488348,-92.09349975585934,11277.6,98.11352851038538,251.50840434903824
2024-07-26 14:33:43+00:00,AAL1347,31.59828186035156,-92.09063361672791,11269.98,98.11352851038538,251.50840434903824
2024-07-26 14:33:44+00:00,AAL1347,31.597983150158896,-92.08828124999997,11277.6,98.11352851038538,251.50840434903824
2024-07-26 14:33:45+00:00,AAL1347,31.59765728449417,-92.08564453125,11277.6,98.11352851038538,251.50840434903824
2024-07-26 14:33:46+00:00,AAL1347,31.59736633300781,-92.0830401252298,11277.6,98.11352851038538,251.50840434903824
2024-07-26 14:33:47+00:00,AAL1347,31.597091674804688,-92.08093979779414,11277.6,98.11352851038538,251.50840434903824
2024-07-26 14:33:48+00:00,AAL1347,31.596726239737816,-92.07806396484376,11277.6,98.11352851038538,251.50840434903824
2024-07-26 14:33:49+00:00,AAL1347,31.596405029296875,-92.07544663373164,11277.6,98.11352851038538,251.50840434903824
2024-07-26 14:33:50+00:00,AAL1347,31.59602795617055,-92.072021484375,11277.6,98.11352851038538,251.50840434903824
2024-07-26 14:33:51+00:00,AAL1347,31.595855712890625,-92.07070743336396,11277.6,98.11352851038538,251.50840434903824
2024-07-26 14:33:52+00:00,AAL1347,31.595489501953125,-92.06785314223345,11277.6,98.11352851038538,251.50840434903824
2024-07-26 14:33:53+00:00,AAL1347,31.59514346365201,-92.06493530273434,11277.6,98.11352851038538,251.50840434903824
2024-07-26 14:33:54+00:00,AAL1347,31.594817597987287,-92.06235351562498,11277.6,98.11352851038538,251.50840434903824
2024-07-26 14:33:55+00:00,AAL1347,31.594631389036017,-92.06076049804688,11277.6,98.11352851038538,251.50840434903824
2024-07-26 14:33:56+00:00,AAL1347,31.594070434570312,-92.05605899586396,11277.6,98.11352851038538,251.50840434903824
2024-07-26 14:33:58+00:00,AAL1347,31.59356689453125,-92.05185834099268,11277.6,98.11352851038538,251.50840434903824
2024-07-26 14:33:59+00:00,AAL1347,31.593234821901483,-92.04922485351562,11277.6,98.11352851038538,251.50840434903824
2024-07-26 14:34:00+00:00,AAL1347,31.59297180175781,-92.04690372242646,11277.6,98.11352851038538,251.50840434903824
2024-07-26 14:34:01+00:00,AAL1347,31.59258309057203,-92.04400634765624,11277.6,98.11352851038538,251.50840434903824
2024-07-26 14:34:02+00:00,AAL1347,31.592303777145126,-92.04136962890624,11277.6,98.11352851038538,251.50840434903824
2024-07-26 14:34:03+00:00,AAL1347,31.591931359242583,-92.03851318359376,11277.6,98.11352851038538,251.50840434903824
2024-07-26 14:34:04+00:00,AAL1347,31.59165204581568,-92.03642578125,11277.6,98.11352851038538,251.50840434903824
2024-07-26 14:34:05+00:00,AAL1347,31.59137273238877,-92.03378906249998,11277.6,98.11352851038538,251.50840434903824
2024-07-26 14:34:06+00:00,AAL1347,31.591000314486227,-92.03087768554684,11277.6,98.09702165372497,252.0177094091447
2024-07-26 14:34:07+00:00,AAL1347,31.590728759765625,-92.02853932100186,11277.6,98.09702165372497,252.0177094091447
2024-07-26 14:34:08+00:00,AAL1347,31.59034858315678,-92.02565917968748,11277.6,98.2127801892859,252.09068322982904
2024-07-26 14:34:09+00:00,AAL1347,31.59004211425781,-92.02304615693936,11277.6,98.2127801892859,252.09068322982904
2024-07-26 14:34:10+00:00,AAL1347,31.58969685182733,-92.02016601562497,11277.6,98.2127801892859,252.09068322982904
2024-07-26 14:34:11+00:00,AAL1347,31.58953857421875,-92.01884550206802,11277.6,98.2127801892859,252.09068322982904
2024-07-26 14:34:12+00:00,AAL1347,31.58904512049788,-92.014892578125,11277.6,98.2127801892859,252.09068322982904
2024-07-26 14:34:13+00:00,AAL1347,31.588905463784428,-92.01384887695308,11277.6,98.2127801892859,252.09068322982904
2024-07-26 14:34:14+00:00,AAL1347,31.58843994140625,-92.0098937988281,11277.6,98.2127801892859,252.09068322982904
2024-07-26 14:34:15+00:00,AAL1347,31.58811407574152,-92.00725708007808,11277.6,98.2127801892859,252.09068322982904
2024-07-26 14:34:16+00:00,AAL1347,31.587927866790253,-92.00571899414064,11277.6,98.2127801892859,252.09068322982904
2024-07-26 14:34:17+00:00,AAL1347,31.58741579217426,-92.0017639160156,11277.6,98.2127801892859,252.09068322982904
2024-07-26 14:34:18+00:00,AAL1347,31.587276135460804,-92.00072021484374,11277.6,98.2127801892859,252.09068322982904
2024-07-26 14:34:19+00:00,AAL1347,31.586746215820312,-91.9965497185202,11277.6,98.2127801892859,252.09068322982904
2024-07-26 14:34:20+00:00,AAL1347,31.58642578125,-91.99391084558825,11277.6,98.2127801892859,252.09068322982904
2024-07-26 14:34:21+00:00,AAL1347,31.586105346679688,-91.99127197265624,11269.98,98.2127801892859,252.09068322982904
2024-07-26 14:34:22+00:00,AAL1347,31.585972672801905,-91.98995361328122,11277.6,98.2127801892859,252.09068322982904
2024-07-26 14:34:23+00:00,AAL1347,31.58546059818591,-91.98599853515624,11277.6,98.2127801892859,252.09068322982904
2024-07-26 14:34:24+00:00,AAL1347,31.58527438923464,-91.98446044921872,11277.6,98.2127801892859,252.09068322982904
2024-07-26 14:34:25+00:00,AAL1347,31.584948523569917,-91.98182373046876,11277.6,98.08058138160108,252.52703530260507
2024-07-26 14:34:26+00:00,AAL1347,31.584686279296875,-91.97947782628675,11277.6,98.08058138160108,252.52703530260507
2024-07-26 14:34:27+00:00,AAL1347,31.58425024000265,-91.97578125,11269.98,98.08058138160108,252.52703530260507
2024-07-26 14:34:28+00:00,AAL1347,31.583953857421875,-91.97339226217832,11269.98,98.08058138160108,252.52703530260507
2024-07-26 14:34:29+00:00,AAL1347,31.5835985086732,-91.9705078125,11269.98,98.08058138160108,252.52703530260507
2024-07-26 14:34:30+00:00,AAL1347,31.58317953853284,-91.96710205078124,11269.98,98.08058138160108,252.52703530260507
2024-07-26 14:34:31+00:00,AAL1347,31.582992553710938,-91.96579877068018,11269.98,98.08058138160108,252.52703530260507
2024-07-26 14:34:32+00:00,AAL1347,31.582574359441207,-91.96237792968748,11269.98,98.08058138160108,252.52703530260507
2024-07-26 14:34:33+00:00,AAL1347,31.582248493776483,-91.95946655273434,11269.98,98.08058138160108,252.52703530260507
2024-07-26 14:34:34+00:00,AAL1347,31.582077026367188,-91.95815142463238,11269.98,98.08058138160108,252.52703530260507
2024-07-26 14:34:35+00:00,AAL1347,31.581573486328125,-91.95395076976104,11269.98,98.08058138160108,252.52703530260507
2024-07-26 14:34:36+00:00,AAL1347,31.581364001257946,-91.95238037109374,11269.98,98.08058138160108,252.52703530260507
2024-07-26 14:34:37+00:00,AAL1347,31.581024169921875,-91.94948084214155,11269.98,98.08058138160108,252.52703530260507
2024-07-26 14:34:38+00:00,AAL1347,31.58071226992849,-91.94710693359372,11269.98,98.08058138160108,252.52703530260507
2024-07-26 14:34:39+00:00,AAL1347,31.58038640426377,-91.94419555664064,11269.98,98.08058138160108,252.52703530260507
2024-07-26 14:34:40+00:00,AAL1347,31.580108642578125,-91.94183349609376,11269.98,98.08058138160108,252.52703530260507
2024-07-26 14:34:41+00:00,AAL1347,31.57973467293432,-91.93897705078126,11277.6,98.08058138160108,252.52703530260507
2024-07-26 14:34:42+00:00,AAL1347,31.57931570279396,-91.93551635742188,11269.98,98.08058138160108,252.52703530260507
2024-07-26 14:34:43+00:00,AAL1347,31.578989837129235,-91.93293457031253,11269.98,98.08058138160108,252.52703530260507
2024-07-26 14:34:44+00:00,AAL1347,31.578643798828125,-91.93003934972428,11269.98,98.08058138160108,252.52703530260507
2024-07-26 14:34:45+00:00,AAL1347,31.578384658037603,-91.92766113281247,11269.98,98.08058138160108,252.52703530260507
2024-07-26 14:34:46+00:00,AAL1347,31.57815189684852,-91.92579345703126,11269.98,98.08058138160108,252.52703530260507
2024-07-26 14:34:47+00:00,AAL1347,31.57782603118379,-91.92315673828124,11269.98,98.08058138160108,252.52703530260507
2024-07-26 14:34:48+00:00,AAL1347,31.577500165519066,-91.92057495117189,11269.98,98.08058138160108,252.52703530260507
2024-07-26 14:34:49+00:00,AAL1347,31.57708740234375,-91.91684498506436,11269.98,98.08058138160108,252.52703530260507
2024-07-26 14:34:50+00:00,AAL1347,31.5768018819518,-91.91447753906247,11269.98,98.08058138160108,252.52703530260507
2024-07-26 14:34:51+00:00,AAL1347,31.576476016287074,-91.91184082031248,11269.98,98.08058138160108,252.52703530260507
2024-07-26 14:34:52+00:00,AAL1347,31.576289807335804,-91.91030273437497,11269.98,98.08058138160108,252.52703530260507
2024-07-26 14:34:53+00:00,AAL1347,31.57591738943326,-91.90739135742189,11277.6,98.08058138160108,252.52703530260507
2024-07-26 14:34:54+00:00,AAL1347,31.57557678222656,-91.90451229319854,11269.98,98.08058138160108,252.52703530260507
2024-07-26 14:34:55+00:00,AAL1347,31.57530212402344,-91.9024119657629,11269.98,98.08058138160108,252.52703530260507
2024-07-26 14:34:56+00:00,AAL1347,31.574986344676905,-91.89948120117184,11269.98,98.08058138160108,252.52703530260507
2024-07-26 14:34:57+00:00,AAL1347,31.57466125488281,-91.89686494715072,11269.98,98.08058138160108,252.52703530260507
2024-07-26 14:34:58+00:00,AAL1347,31.574381165585272,-91.894482421875,11269.98,98.08058138160108,252.52703530260507
2024-07-26 14:34:59+00:00,AAL1347,31.57405529992055,-91.8919006347656,11277.6,98.08058138160108,252.52703530260507
2024-07-26 14:35:00+00:00,AAL1347,31.573654174804688,-91.88873291015624,11269.98,98.08058138160108,252.52703530260507
2024-07-26 14:35:01+00:00,AAL1347,31.57333374023437,-91.88609403722428,11277.6,97.96498529104493,252.455235930118
2024-07-26 14:35:02+00:00,AAL1347,31.57305908203125,-91.88345516429229,11277.6,97.96498529104493,252.455235930118
2024-07-26 14:35:03+00:00,AAL1347,31.572658732786017,-91.88031005859376,11269.98,97.96498529104493,252.455235930118
2024-07-26 14:35:04+00:00,AAL1347,31.572509765625,-91.8789852366728,11277.6,97.96498529104493,252.455235930118
2024-07-26 14:35:05+00:00,AAL1347,31.57219321040784,-91.87662963867189,11277.6,97.96498529104493,252.455235930118
2024-07-26 14:35:07+00:00,AAL1347,31.571502685546875,-91.87085319967832,11277.6,97.96498529104493,252.455235930118
2024-07-26 14:35:08+00:00,AAL1347,31.57135527012712,-91.86948852539064,11277.6,97.96498529104493,252.455235930118
2024-07-26 14:35:09+00:00,AAL1347,31.570724487304688,-91.86422909007354,11277.6,97.96498529104493,252.455235930118
2024-07-26 14:35:11+00:00,AAL1347,31.570220947265625,-91.8600284352022,11277.6,97.96498529104493,252.455235930118
2024-07-26 14:35:12+00:00,AAL1347,31.570083618164062,-91.85900519875918,11277.6,98.08058138160108,252.52703530260507
2024-07-26 14:35:13+00:00,AAL1347,31.56972594180349,-91.8560852050781,11277.6,98.08058138160108,252.52703530260507
2024-07-26 14:35:14+00:00,AAL1347,31.5692138671875,-91.85189639820771,11277.6,98.08058138160108,252.52703530260507
2024-07-26 14:35:15+00:00,AAL1347,31.56893455376059,-91.84954833984376,11277.6,98.08058138160108,252.52703530260507
2024-07-26 14:35:16+00:00,AAL1347,31.568572998046875,-91.8463493795956,11277.6,98.08058138160108,252.52703530260507
2024-07-26 14:35:17+00:00,AAL1347,31.56820678710937,-91.84376436121325,11277.6,98.19611128752469,252.59986198367776
2024-07-26 14:35:18+00:00,AAL1347,31.56797790527344,-91.84161017922791,11277.6,98.19611128752469,252.59986198367776
2024-07-26 14:35:19+00:00,AAL1347,31.56758453886388,-91.8385070800781,11277.6,98.19611128752469,252.59986198367776
2024-07-26 14:35:20+00:00,AAL1347,31.567428588867188,-91.83714025160845,11277.6,98.19611128752469,252.59986198367776
2024-07-26 14:35:21+00:00,AAL1347,31.566970825195312,-91.83347814223345,11277.6,98.19611128752469,252.59986198367776
2024-07-26 14:35:22+00:00,AAL1347,31.566650390625,-91.83083926930146,11277.6,98.19611128752469,252.59986198367776
2024-07-26 14:35:23+00:00,AAL1347,31.5662841796875,-91.82798497817096,11277.6,98.19611128752469,252.59986198367776
2024-07-26 14:35:24+00:00,AAL1347,31.566001762778072,-91.82559814453124,11277.6,98.19611128752469,252.59986198367776
2024-07-26 14:35:25+00:00,AAL1347,31.565826416015625,-91.82426901424634,11277.6,98.19611128752469,252.59986198367776
2024-07-26 14:35:26+00:00,AAL1347,31.56527709960937,-91.81979908662686,11277.6,98.19611128752469,252.59986198367776
2024-07-26 14:35:27+00:00,AAL1347,31.56497761354608,-91.81746826171872,11277.6,98.19611128752469,252.59986198367776
2024-07-26 14:35:28+00:00,AAL1347,31.56463623046875,-91.81479061351104,11277.6,98.19611128752469,252.59986198367776
2024-07-26 14:35:29+00:00,AAL1347,31.56454467773437,-91.81376737706802,11277.6,98.19611128752469,252.59986198367776
2024-07-26 14:35:30+00:00,AAL1347,31.564046568789724,-91.80983276367186,11277.6,98.17950945272877,253.1090620312169
2024-07-26 14:35:31+00:00,AAL1347,31.563720703125,-91.8071971220129,11277.6,98.17950945272877,253.1090620312169
2024-07-26 14:35:32+00:00,AAL1347,31.56330173298464,-91.80373535156248,11277.6,98.17950945272877,253.1090620312169
2024-07-26 14:35:33+00:00,AAL1347,31.56312561035156,-91.8024579216452,11277.6,98.17950945272877,253.1090620312169
2024-07-26 14:35:34+00:00,AAL1347,31.56280517578125,-91.79981904871325,11277.6,98.17950945272877,253.1090620312169
2024-07-26 14:35:35+00:00,AAL1347,31.56243896484375,-91.79691090303312,11277.6,98.17950945272877,253.1090620312169
2024-07-26 14:35:36+00:00,AAL1347,31.56211853027344,-91.79427203010113,11277.6,98.17950945272877,253.1090620312169
2024-07-26 14:35:37+00:00,AAL1347,31.561858613612287,-91.79192504882808,11277.6,98.17950945272877,253.1090620312169
2024-07-26 14:35:38+00:00,AAL1347,31.561486195709744,-91.789013671875,11277.6,98.17950945272877,253.1090620312169
2024-07-26 14:35:39+00:00,AAL1347,31.56116033004502,-91.786376953125,11277.6,98.17950945272877,253.1090620312169
2024-07-26 14:35:40+00:00,AAL1347,31.560791015625,-91.78350112017466,11277.6,98.17950945272877,253.1090620312169
2024-07-26 14:35:41+00:00,AAL1347,31.560648255429022,-91.78220214843748,11277.6,98.17950945272877,253.1090620312169
2024-07-26 14:35:42+00:00,AAL1347,31.56015014648437,-91.7779541015625,11277.6,98.17950945272877,253.1090620312169
2024-07-26 14:35:43+00:00,AAL1347,31.55985686738612,-91.77561035156248,11277.6,98.17950945272877,253.1090620312169
2024-07-26 14:35:44+00:00,AAL1347,31.55946350097656,-91.7724609375,11277.6,98.17950945272877,253.1090620312169
2024-07-26 14:35:45+00:00,AAL1347,31.55911203158104,-91.76951293945314,11277.6,98.17950945272877,253.1090620312169
2024-07-26 14:35:46+00:00,AAL1347,31.55883271815413,-91.76742553710938,11277.6,98.17950945272877,253.1090620312169
2024-07-26 14:35:47+00:00,AAL1347,31.55854797363281,-91.7650828642004,11277.6,98.17950945272877,253.1090620312169
2024-07-26 14:35:48+00:00,AAL1347,31.55818098682468,-91.76187744140624,11277.6,98.17950945272877,253.1090620312169
2024-07-26 14:35:49+00:00,AAL1347,31.558041330111227,-91.76083374023438,11277.6,98.17950945272877,253.1090620312169
2024-07-26 14:35:50+00:00,AAL1347,31.557622359970868,-91.75770263671876,11277.6,98.17950945272877,253.1090620312169
2024-07-26 14:35:51+00:00,AAL1347,31.55726623535156,-91.7545273724724,11277.6,98.17950945272877,253.1090620312169
2024-07-26 14:35:52+00:00,AAL1347,31.55694580078125,-91.75188849954044,11277.6,98.17950945272877,253.1090620312169
2024-07-26 14:35:53+00:00,AAL1347,31.556625366210938,-91.74924962660845,11277.6,98.17950945272877,253.1090620312169
2024-07-26 14:35:54+00:00,AAL1347,31.556318897311968,-91.7468811035156,11277.6,98.17950945272877,253.1090620312169
2024-07-26 14:35:55+00:00,AAL1347,31.555984497070312,-91.74424115349268,11277.6,98.17950945272877,253.1090620312169
2024-07-26 14:35:56+00:00,AAL1347,31.55571371822034,-91.74188232421876,11277.6,98.17950945272877,253.1090620312169
2024-07-26 14:35:57+00:00,AAL1347,31.555389404296875,-91.739501953125,11277.6,98.17950945272877,253.1090620312169
2024-07-26 14:35:58+00:00,AAL1347,31.55506896972656,-91.73664766199448,11269.98,98.17950945272877,253.1090620312169
2024-07-26 14:35:59+00:00,AAL1347,31.554689568988348,-91.73375244140624,11277.6,98.17950945272877,253.1090620312169
2024-07-26 14:36:01+00:00,AAL1347,31.554037837658896,-91.72820434570308,11277.6,98.17950945272877,253.1090620312169
2024-07-26 14:36:02+00:00,AAL1347,31.55375852423199,-91.72606201171874,11277.6,98.06420729463738,253.03638190361576
2024-07-26 14:36:03+00:00,AAL1347,31.553432658567267,-91.72348022460938,11269.98,98.06420729463738,253.03638190361576
2024-07-26 14:36:04+00:00,AAL1347,31.553054809570312,-91.72027587890624,11269.98,98.06420729463738,253.03638190361576
2024-07-26 14:36:05+00:00,AAL1347,31.552780927237816,-91.71793212890624,11269.98,98.17950945272877,253.1090620312169
2024-07-26 14:36:06+00:00,AAL1347,31.55245506157309,-91.71529541015622,11269.98,98.17950945272877,253.1090620312169
2024-07-26 14:36:07+00:00,AAL1347,31.55209350585937,-91.71268238740812,11277.6,98.17950945272877,253.1090620312169
2024-07-26 14:36:08+00:00,AAL1347,31.551773071289062,-91.71004351447613,11269.98,98.17950945272877,253.1090620312169
2024-07-26 14:36:09+00:00,AAL1347,31.55147746457892,-91.70765991210936,11277.6,98.17950945272877,253.1090620312169
2024-07-26 14:36:10+00:00,AAL1347,31.55108642578125,-91.70449649586396,11277.6,98.29474494556344,253.182766599606
2024-07-26 14:36:11+00:00,AAL1347,31.550765991210938,-91.70185762293198,11277.6,98.29474494556344,253.182766599606
2024-07-26 14:36:12+00:00,AAL1347,31.550445556640625,-91.69921875,11277.6,98.29474494556344,253.182766599606
2024-07-26 14:36:13+00:00,AAL1347,31.5501708984375,-91.69711842256436,11277.6,98.29474494556344,253.182766599606
2024-07-26 14:36:14+00:00,AAL1347,31.549850463867188,-91.69421027688418,11277.6,98.29474494556344,253.182766599606
2024-07-26 14:36:15+00:00,AAL1347,31.549484252929688,-91.69162525850186,11277.6,98.29474494556344,253.182766599606
2024-07-26 14:36:16+00:00,AAL1347,31.549196404925848,-91.6892578125,11277.6,98.29474494556344,253.182766599606
2024-07-26 14:36:17+00:00,AAL1347,31.548823987023304,-91.68634643554684,11277.6,98.29474494556344,253.182766599606
2024-07-26 14:36:19+00:00,AAL1347,31.548172255693853,-91.68107299804689,11277.6,98.31157412701675,252.6737150850504
2024-07-26 14:36:20+00:00,AAL1347,31.547986046742583,-91.67947998046871,11277.6,98.31157412701675,252.6737150850504
2024-07-26 14:36:22+00:00,AAL1347,31.54714810646186,-91.67294311523438,11277.6,98.31157412701675,252.6737150850504
2024-07-26 14:36:23+00:00,AAL1347,31.54691534527277,-91.6708557128906,11277.6,98.31157412701675,252.6737150850504
2024-07-26 14:36:24+00:00,AAL1347,31.546600341796875,-91.66819852941175,11277.6,98.31157412701675,252.6737150850504
2024-07-26 14:36:25+00:00,AAL1347,31.546263613943324,-91.66585693359372,11277.6,98.31157412701675,252.6737150850504
2024-07-26 14:36:26+00:00,AAL1347,31.5457763671875,-91.6618975471048,11277.6,98.31157412701675,252.6737150850504
2024-07-26 14:36:28+00:00,AAL1347,31.545181274414062,-91.65688907398896,11269.98,98.31157412701675,252.6737150850504
2024-07-26 14:36:29+00:00,AAL1347,31.5450439453125,-91.65581198299634,11277.6,98.31157412701675,252.6737150850504
2024-07-26 14:36:30+00:00,AAL1347,31.54449462890625,-91.651611328125,11277.6,98.31157412701675,252.6737150850504
2024-07-26 14:36:31+00:00,AAL1347,31.54412841796875,-91.64875703699448,11277.6,98.31157412701675,252.6737150850504
2024-07-26 14:36:32+00:00,AAL1347,31.54380798339844,-91.6461181640625,11277.6,98.31157412701675,252.6737150850504
2024-07-26 14:36:33+00:00,AAL1347,31.543517031912074,-91.64377441406248,11277.6,98.31157412701675,252.6737150850504
2024-07-26 14:36:34+00:00,AAL1347,31.54314461400953,-91.64086303710934,11277.6,98.31157412701675,252.6737150850504
2024-07-26 14:36:35+00:00,AAL1347,31.542892456054688,-91.6384708180147,11277.6,98.31157412701675,252.6737150850504
2024-07-26 14:36:36+00:00,AAL1347,31.542526245117188,-91.63588579963238,11277.6,98.31157412701675,252.6737150850504
2024-07-26 14:36:37+00:00,AAL1347,31.54229736328125,-91.6340008903952,11277.6,98.31157412701675,252.6737150850504
2024-07-26 14:36:38+00:00,AAL1347,31.542027360301905,-91.6316345214844,11277.6,98.31157412701675,252.6737150850504
2024-07-26 14:36:39+00:00,AAL1347,31.54170149463718,-91.62905273437497,11277.6,98.31157412701675,252.6737150850504
2024-07-26 14:36:40+00:00,AAL1347,31.541336059570312,-91.62640739889709,11277.6,98.31157412701675,252.6737150850504
2024-07-26 14:36:41+00:00,AAL1347,31.54086355435646,-91.62246093749997,11277.6,98.31157412701675,252.6737150850504
2024-07-26 14:36:42+00:00,AAL1347,31.54072389764301,-91.62141723632811,11277.6,98.31157412701675,252.6737150850504
2024-07-26 14:36:43+00:00,AAL1347,31.54037475585937,-91.61854463465072,11277.6,98.31157412701675,252.6737150850504
2024-07-26 14:36:44+00:00,AAL1347,31.54002561407574,-91.6159240722656,11277.6,98.31157412701675,252.6737150850504
2024-07-26 14:36:45+00:00,AAL1347,31.539560091697563,-91.61224365234376,11277.6,98.32847125403802,252.16468545771863
2024-07-26 14:36:46+00:00,AAL1347,31.539466987221928,-91.61119995117184,11277.6,98.32847125403802,252.16468545771863
2024-07-26 14:36:47+00:00,AAL1347,31.539047241210938,-91.6080429974724,11277.6,98.44409396441036,252.2397151876695
2024-07-26 14:36:48+00:00,AAL1347,31.538589477539062,-91.6043808880974,11277.6,98.44409396441036,252.2397151876695
2024-07-26 14:36:49+00:00,AAL1347,31.53839628575212,-91.6030700683594,11277.6,98.44409396441036,252.2397151876695
2024-07-26 14:36:50+00:00,AAL1347,31.53804016113281,-91.60018023322613,11269.98,98.44409396441036,252.2397151876695
2024-07-26 14:36:51+00:00,AAL1347,31.53753662109375,-91.59624885110291,11277.6,98.32847125403802,252.16468545771863
2024-07-26 14:36:52+00:00,AAL1347,31.53721618652344,-91.59360997817096,11277.6,98.32847125403802,252.16468545771863
2024-07-26 14:36:53+00:00,AAL1347,31.537078857421875,-91.59258674172791,11277.6,98.32847125403802,252.16468545771863
2024-07-26 14:36:54+00:00,AAL1347,31.536580748477224,-91.58840332031248,11269.98,98.34543673598422,251.65567785042603
2024-07-26 14:36:55+00:00,AAL1347,31.53639453952595,-91.58681030273436,11269.98,98.34543673598422,251.65567785042603
2024-07-26 14:36:56+00:00,AAL1347,31.53602600097656,-91.58391615923716,11269.98,98.2295165623949,251.58152589896028
2024-07-26 14:36:57+00:00,AAL1347,31.535742808196503,-91.581591796875,11269.98,98.2295165623949,251.58152589896028
2024-07-26 14:36:58+00:00,AAL1347,31.535568237304688,-91.58025404986216,11277.6,98.2295165623949,251.58152589896028
2024-07-26 14:36:59+00:00,AAL1347,31.535044524629235,-91.57609863281247,11269.98,98.2295165623949,251.58152589896028
2024-07-26 14:37:00+00:00,AAL1347,31.53471865896451,-91.57346191406248,11269.98,98.2295165623949,251.58152589896028
2024-07-26 14:37:01+00:00,AAL1347,31.534346241061968,-91.57060546875,11277.6,98.2295165623949,251.58152589896028
2024-07-26 14:37:03+00:00,AAL1347,31.533737182617188,-91.56560561236216,11269.98,98.2295165623949,251.58152589896028
2024-07-26 14:37:04+00:00,AAL1347,31.53355407714844,-91.5640438304228,11269.98,98.2295165623949,251.58152589896028
2024-07-26 14:37:05+00:00,AAL1347,31.5333686440678,-91.56247558593748,11277.6,98.11352851038538,251.50840434903824
2024-07-26 14:37:06+00:00,AAL1347,31.532716912738348,-91.5572570800781,11277.6,98.11352851038538,251.50840434903824
2024-07-26 14:37:07+00:00,AAL1347,31.53239104707362,-91.5544006347656,11277.6,98.11352851038538,251.50840434903824
2024-07-26 14:37:08+00:00,AAL1347,31.53208923339844,-91.5520342658548,11277.6,98.11352851038538,251.50840434903824
2024-07-26 14:37:09+00:00,AAL1347,31.531768798828125,-91.5493953929228,11269.98,98.13010235415598,250.9991202491053
2024-07-26 14:37:10+00:00,AAL1347,31.531460002317267,-91.54682006835937,11269.98,98.13010235415598,250.9991202491053
2024-07-26 14:37:11+00:00,AAL1347,31.531173706054688,-91.54444077435664,11277.6,98.01381650147393,250.92688368453705
2024-07-26 14:37:12+00:00,AAL1347,31.530990600585938,-91.54287899241729,11269.98,98.01381650147393,250.92688368453705
2024-07-26 14:37:13+00:00,AAL1347,31.530532836914062,-91.53894761029414,11269.98,98.01381650147393,250.92688368453705
2024-07-26 14:37:14+00:00,AAL1347,31.530203091896183,-91.53660278320314,11269.98,98.01381650147393,250.92688368453705
2024-07-26 14:37:15+00:00,AAL1347,31.529937744140625,-91.53426226447613,11269.98,98.13010235415598,250.9991202491053
2024-07-26 14:37:17+00:00,AAL1347,31.529342651367188,-91.52930764590992,11269.98,98.13010235415598,250.9991202491053
2024-07-26 14:37:18+00:00,AAL1347,31.529067993164062,-91.52720731847428,11269.98,98.24632081446856,251.07239012140445
2024-07-26 14:37:19+00:00,AAL1347,31.528573763572563,-91.52303466796872,11269.98,98.24632081446856,251.07239012140445
2024-07-26 14:37:20+00:00,AAL1347,31.52824789790784,-91.52045288085937,11269.98,98.24632081446856,251.07239012140445
2024-07-26 14:37:21+00:00,AAL1347,31.528060913085938,-91.5191291360294,11269.98,98.24632081446856,251.07239012140445
2024-07-26 14:37:22+00:00,AAL1347,31.527740478515625,-91.51654411764709,11269.98,98.14674359083968,250.48985723719147
2024-07-26 14:37:23+00:00,AAL1347,31.52740995762712,-91.513916015625,11269.98,98.14674359083968,250.48985723719147
2024-07-26 14:37:25+00:00,AAL1347,31.52696228027344,-91.51002771714155,11269.98,98.14674359083968,250.48985723719147
2024-07-26 14:37:26+00:00,AAL1347,31.52629270391949,-91.50479736328124,11269.98,98.14674359083968,250.48985723719147
2024-07-26 14:37:27+00:00,AAL1347,31.525966838254767,-91.50221557617186,11269.98,98.14674359083968,250.48985723719147
2024-07-26 14:37:28+00:00,AAL1347,31.52577209472656,-91.50060317095593,11269.98,98.14674359083968,250.48985723719147
2024-07-26 14:37:29+00:00,AAL1347,31.52536165916313,-91.49721679687497,11269.98,98.14674359083968,250.48985723719147
2024-07-26 14:37:30+00:00,AAL1347,31.525222778320312,-91.4959178251379,11269.98,98.14674359083968,250.48985723719147
2024-07-26 14:37:31+00:00,AAL1347,31.52485656738281,-91.49306353400738,11269.98,98.14674359083968,250.48985723719147
2024-07-26 14:37:32+00:00,AAL1347,31.52443061440678,-91.48969116210937,11269.98,98.14674359083968,250.48985723719147
2024-07-26 14:37:33+00:00,AAL1347,31.524169921875,-91.48735495174634,11269.98,98.26319335639,250.56327602854827
2024-07-26 14:37:34+00:00,AAL1347,31.523825435315143,-91.4847473144531,11277.6,98.26319335639,250.56327602854827
2024-07-26 14:37:35+00:00,AAL1347,31.52363922636388,-91.483154296875,11269.98,98.26319335639,250.56327602854827
2024-07-26 14:37:36+00:00,AAL1347,31.523173703985695,-91.4792541503906,11277.6,98.26319335639,250.56327602854827
2024-07-26 14:37:37+00:00,AAL1347,31.52284240722656,-91.47690716911768,11269.98,98.26319335639,250.56327602854827
2024-07-26 14:37:38+00:00,AAL1347,31.52252197265625,-91.4743221507353,11269.98,98.26319335639,250.56327602854827
2024-07-26 14:37:39+00:00,AAL1347,31.52219610699152,-91.471728515625,11269.98,98.26319335639,250.56327602854827
2024-07-26 14:37:40+00:00,AAL1347,31.52206420898437,-91.47039076861216,11269.98,98.26319335639,250.56327602854827
2024-07-26 14:37:41+00:00,AAL1347,31.521469116210938,-91.46570542279414,11269.98,98.26319335639,250.56327602854827
2024-07-26 14:37:42+00:00,AAL1347,31.521125405521715,-91.46310424804688,11269.98,98.37957441846562,250.6377292325851
2024-07-26 14:37:43+00:00,AAL1347,31.52079953985699,-91.46052246093753,11269.98,98.37957441846562,250.6377292325851
2024-07-26 14:37:44+00:00,AAL1347,31.520659883143537,-91.4594787597656,11269.98,98.37957441846562,250.6377292325851
2024-07-26 14:37:45+00:00,AAL1347,31.520187377929688,-91.45558076746325,11277.6,98.37957441846562,250.6377292325851
2024-07-26 14:37:46+00:00,AAL1347,31.51991271972656,-91.4532111672794,11269.98,98.37957441846562,250.6377292325851
2024-07-26 14:37:47+00:00,AAL1347,31.51954262943591,-91.45036010742189,11269.98,98.37957441846562,250.6377292325851
2024-07-26 14:37:48+00:00,AAL1347,31.51922607421875,-91.44798727596508,11277.6,98.37957441846562,250.6377292325851
2024-07-26 14:37:49+00:00,AAL1347,31.51885986328125,-91.44513298483456,11269.98,98.26319335639,250.56327602854827
2024-07-26 14:37:50+00:00,AAL1347,31.518539428710938,-91.4425479664522,11269.98,98.26319335639,250.56327602854827
2024-07-26 14:37:51+00:00,AAL1347,31.51817321777344,-91.43969367532168,11277.6,98.26319335639,250.56327602854827
2024-07-26 14:37:52+00:00,AAL1347,31.517913301112287,-91.43734130859372,11269.98,98.26319335639,250.56327602854827
2024-07-26 14:37:53+00:00,AAL1347,31.517587435447563,-91.43470458984376,11269.98,98.37957441846562,250.6377292325851
2024-07-26 14:37:54+00:00,AAL1347,31.51726156978284,-91.43212280273434,11277.6,98.37957441846562,250.6377292325851
2024-07-26 14:37:56+00:00,AAL1347,31.516702942929022,-91.42767333984376,11269.98,98.37957441846562,250.6377292325851
2024-07-26 14:37:57+00:00,AAL1347,31.516342163085938,-91.42482981962314,11269.98,98.37957441846562,250.6377292325851
2024-07-26 14:37:58+00:00,AAL1347,31.51619086831303,-91.42349853515624,11269.98,98.26319335639,250.56327602854827
2024-07-26 14:37:59+00:00,AAL1347,31.515818450410485,-91.42064208984374,11269.98,98.26319335639,250.56327602854827
2024-07-26 14:38:00+00:00,AAL1347,31.51551818847656,-91.41831341911768,11269.98,98.26319335639,250.56327602854827
2024-07-26 14:38:01+00:00,AAL1347,31.514933957891948,-91.41361083984371,11269.98,98.26319335639,250.56327602854827
2024-07-26 14:38:02+00:00,AAL1347,31.51474774894068,-91.41207275390622,11269.98,98.26319335639,250.56327602854827
2024-07-26 14:38:03+00:00,AAL1347,31.51442188327595,-91.40943603515626,11269.98,98.26319335639,250.56327602854827
2024-07-26 14:38:04+00:00,AAL1347,31.514236450195312,-91.40813490923716,11269.98,98.37957441846562,250.6377292325851
2024-07-26 14:38:05+00:00,AAL1347,31.51373291015625,-91.40425738166364,11269.98,98.37957441846562,250.6377292325851
2024-07-26 14:38:06+00:00,AAL1347,31.513412475585938,-91.40161850873164,11269.98,98.37957441846562,250.6377292325851
2024-07-26 14:38:07+00:00,AAL1347,31.513092041015625,-91.39903349034928,11269.98,98.37957441846562,250.6377292325851
2024-07-26 14:38:08+00:00,AAL1347,31.512954711914062,-91.39801025390624,11269.98,98.37957441846562,250.6377292325851
2024-07-26 14:38:09+00:00,AAL1347,31.512359619140625,-91.39305563534008,11277.6,98.37957441846562,250.6377292325851
2024-07-26 14:38:10+00:00,AAL1347,31.512039184570312,-91.39047061695771,11277.6,98.37957441846562,250.6377292325851
2024-07-26 14:38:11+00:00,AAL1347,31.51167297363281,-91.3875624712776,11269.98,98.37957441846562,250.6377292325851
2024-07-26 14:38:12+00:00,AAL1347,31.51153564453125,-91.38653923483456,11269.98,98.39674745419892,250.12878849306543
2024-07-26 14:38:13+00:00,AAL1347,31.510986328125,-91.3823924345129,11277.6,98.39674745419892,250.12878849306543
2024-07-26 14:38:14+00:00,AAL1347,31.510790808726163,-91.3808166503906,11277.6,98.39674745419892,250.12878849306543
2024-07-26 14:38:15+00:00,AAL1347,31.51046494306144,-91.37823486328124,11277.6,98.39674745419892,250.12878849306543
2024-07-26 14:38:16+00:00,AAL1347,31.51023218187235,-91.37614746093747,11277.6,98.39674745419892,250.12878849306543
2024-07-26 14:38:17+00:00,AAL1347,31.50976665949417,-91.37274169921876,11277.6,98.39674745419892,250.12878849306543
2024-07-26 14:38:18+00:00,AAL1347,31.509440793829448,-91.3701599121094,11277.6,98.39674745419892,250.12878849306543
2024-07-26 14:38:19+00:00,AAL1347,31.509301137115997,-91.36911621093748,11277.6,98.39674745419892,250.12878849306543
2024-07-26 14:38:20+00:00,AAL1347,31.509017944335938,-91.36677461511948,11277.6,98.39674745419892,250.12878849306543
2024-07-26 14:38:21+00:00,AAL1347,31.50865173339844,-91.36392032398896,11277.6,98.39674745419892,250.12878849306543
2024-07-26 14:38:22+00:00,AAL1347,31.50814819335937,-91.35971966911768,11277.6,98.39674745419892,250.12878849306543
2024-07-26 14:38:23+00:00,AAL1347,31.507781982421875,-91.35686537798716,11277.6,98.39674745419892,250.12878849306543
2024-07-26 14:38:24+00:00,AAL1347,31.5074855998411,-91.35455932617184,11277.6,98.37957441846562,250.6377292325851
2024-07-26 14:38:25+00:00,AAL1347,31.50718688964844,-91.35218003216914,11277.6,98.39674745419892,250.12878849306543
2024-07-26 14:38:26+00:00,AAL1347,31.506880420749468,-91.3496154785156,11277.6,98.39674745419892,250.12878849306543
2024-07-26 14:38:27+00:00,AAL1347,31.50664765956038,-91.3480224609375,11277.6,98.39674745419892,250.12878849306543
2024-07-26 14:38:28+00:00,AAL1347,31.506362915039062,-91.34566363166364,11277.6,98.51329028123637,250.20442873573427
2024-07-26 14:38:29+00:00,AAL1347,31.50585627151748,-91.34181518554686,11277.6,98.51329028123637,250.20442873573427
2024-07-26 14:38:30+00:00,AAL1347,31.50557695809057,-91.33945312499998,11277.6,98.51329028123637,250.20442873573427
2024-07-26 14:38:31+00:00,AAL1347,31.505251092425848,-91.3368713378906,11277.6,98.39674745419892,250.12878849306543
2024-07-26 14:38:32+00:00,AAL1347,31.50478557004767,-91.33319091796876,11277.6,98.39674745419892,250.12878849306543
2024-07-26 14:38:33+00:00,AAL1347,31.50457763671875,-91.33166144875918,11277.6,98.39674745419892,250.12878849306543
2024-07-26 14:38:34+00:00,AAL1347,31.5040872864804,-91.32775268554684,11277.6,98.39674745419892,250.12878849306543
2024-07-26 14:38:35+00:00,AAL1347,31.503890991210938,-91.32643755744488,11277.6,98.51329028123637,250.20442873573427
2024-07-26 14:38:36+00:00,AAL1347,31.50352865962659,-91.32357788085938,11277.6,98.51329028123637,250.20442873573427
2024-07-26 14:38:37+00:00,AAL1347,31.50306313724841,-91.31967773437498,11277.6,98.51329028123637,250.20442873573427
2024-07-26 14:38:38+00:00,AAL1347,31.50288391113281,-91.318359375,11277.6,98.51329028123637,250.20442873573427
2024-07-26 14:38:39+00:00,AAL1347,31.5025045103946,-91.31550292968753,11277.6,98.51329028123637,250.20442873573427
2024-07-26 14:38:40+00:00,AAL1347,31.502085540254235,-91.31215209960936,11277.6,98.51329028123637,250.20442873573427
2024-07-26 14:38:41+00:00,AAL1347,31.50175967458951,-91.30951538085937,11277.6,98.51329028123637,250.20442873573427
2024-07-26 14:38:42+00:00,AAL1347,31.50155639648437,-91.30823471966914,11277.6,98.6297621830197,250.28110354199703
2024-07-26 14:38:44+00:00,AAL1347,31.501052856445312,-91.3043571920956,11277.6,98.6297621830197,250.28110354199703
2024-07-26 14:38:45+00:00,AAL1347,31.5004096596928,-91.29940795898438,11277.6,98.6297621830197,250.28110354199703
2024-07-26 14:38:46+00:00,AAL1347,31.500274658203125,-91.29811006433825,11277.6,98.51329028123637,250.20442873573427
2024-07-26 14:38:47+00:00,AAL1347,31.499908447265625,-91.29525577320771,11277.6,98.51329028123637,250.20442873573427
2024-07-26 14:38:48+00:00,AAL1347,31.499571719412074,-91.29287109374997,11277.6,98.51329028123637,250.20442873573427
2024-07-26 14:38:49+00:00,AAL1347,31.499106197033896,-91.28924560546876,11277.6,98.51329028123637,250.20442873573427
2024-07-26 14:38:50+00:00,AAL1347,31.498809814453125,-91.2869083180147,11277.6,98.51329028123637,250.20442873573427
2024-07-26 14:38:51+00:00,AAL1347,31.49840791346663,-91.28380737304684,11277.6,98.51329028123637,250.20442873573427
2024-07-26 14:38:52+00:00,AAL1347,31.498082047801905,-91.28117065429689,11277.6,98.51329028123637,250.20442873573427
2024-07-26 14:38:54+00:00,AAL1347,31.49752342094809,-91.27677612304689,11277.6,98.51329028123637,250.20442873573427
2024-07-26 14:38:55+00:00,AAL1347,31.497197555283368,-91.27419433593748,11277.6,98.51329028123637,250.20442873573427
2024-07-26 14:38:56+00:00,AAL1347,31.496871689618644,-91.27155761718753,11277.6,98.51329028123637,250.20442873573427
2024-07-26 14:38:57+00:00,AAL1347,31.496383666992188,-91.26789766199448,11277.6,98.51329028123637,250.20442873573427
2024-07-26 14:38:58+00:00,AAL1347,31.496246337890625,-91.26687442555146,11277.6,98.51329028123637,250.20442873573427
2024-07-26 14:38:59+00:00,AAL1347,31.49578857421875,-91.26326617072613,11269.98,98.51329028123637,250.20442873573427
2024-07-26 14:39:00+00:00,AAL1347,31.49546813964844,-91.26062729779414,11277.6,98.51329028123637,250.20442873573427
2024-07-26 14:39:01+00:00,AAL1347,31.495101928710938,-91.25777300666364,11277.6,98.51329028123637,250.20442873573427
2024-07-26 14:39:02+00:00,AAL1347,31.49477683891684,-91.25546264648438,11277.6,98.51329028123637,250.20442873573427
2024-07-26 14:39:03+00:00,AAL1347,31.49445097325212,-91.25282592773436,11277.6,98.51329028123637,250.20442873573427
2024-07-26 14:39:04+00:00,AAL1347,31.49409484863281,-91.24969482421876,11277.6,98.51329028123637,250.20442873573427
2024-07-26 14:39:05+00:00,AAL1347,31.49370613744703,-91.24683837890626,11277.6,98.39674745419892,250.12878849306543
2024-07-26 14:39:06+00:00,AAL1347,31.49354553222656,-91.24554802389709,11277.6,98.37957441846562,250.6377292325851
2024-07-26 14:39:07+00:00,AAL1347,31.49322509765625,-91.2432322782629,11277.6,98.37957441846562,250.6377292325851
2024-07-26 14:39:08+00:00,AAL1347,31.492868197166317,-91.2403564453125,11277.6,98.37957441846562,250.6377292325851
2024-07-26 14:39:09+00:00,AAL1347,31.49240267478813,-91.23667602539064,11277.6,98.37957441846562,250.6377292325851
2024-07-26 14:39:10+00:00,AAL1347,31.492218017578125,-91.23515409581802,11277.6,98.37957441846562,250.6377292325851
2024-07-26 14:39:11+00:00,AAL1347,31.49193715240996,-91.23277587890624,11277.6,98.37957441846562,250.6377292325851
2024-07-26 14:39:12+00:00,AAL1347,31.491485595703125,-91.22939165900738,11277.6,98.37957441846562,250.6377292325851
2024-07-26 14:39:13+00:00,AAL1347,31.49139404296875,-91.22836842256436,11277.6,98.37957441846562,250.6377292325851
2024-07-26 14:39:14+00:00,AAL1347,31.490890502929688,-91.22449089499082,11277.6,98.37957441846562,250.6377292325851
2024-07-26 14:39:15+00:00,AAL1347,31.490447480799787,-91.2210754394531,11277.6,98.37957441846562,250.6377292325851
2024-07-26 14:39:16+00:00,AAL1347,31.4901123046875,-91.21845918543198,11277.6,98.37957441846562,250.6377292325851
2024-07-26 14:39:17+00:00,AAL1347,31.489791870117188,-91.21587416704966,11277.6,98.37957441846562,250.6377292325851
2024-07-26 14:39:19+00:00,AAL1347,31.489242553710938,-91.2114580939798,11277.6,98.37957441846562,250.6377292325851
2024-07-26 14:39:20+00:00,AAL1347,31.488864704713983,-91.20860595703124,11277.6,98.37957441846562,250.6377292325851
2024-07-26 14:39:21+00:00,AAL1347,31.48853883904926,-91.20596923828124,11269.98,98.37957441846562,250.6377292325851
2024-07-26 14:39:22+00:00,AAL1347,31.48823547363281,-91.20337991153492,11269.98,98.37957441846562,250.6377292325851
2024-07-26 14:39:23+00:00,AAL1347,31.487869262695312,-91.2007948931526,11269.98,98.37957441846562,250.6377292325851
2024-07-26 14:39:24+00:00,AAL1347,31.487548828125,-91.1981560202206,11269.98,98.37957441846562,250.6377292325851
2024-07-26 14:39:25+00:00,AAL1347,31.48723537639036,-91.19558715820312,11269.98,98.37957441846562,250.6377292325851
2024-07-26 14:39:26+00:00,AAL1347,31.486862182617188,-91.19271671070771,11269.98,98.37957441846562,250.6377292325851
2024-07-26 14:39:27+00:00,AAL1347,31.486541748046875,-91.19007783777572,11269.98,98.37957441846562,250.6377292325851
2024-07-26 14:39:28+00:00,AAL1347,31.486404418945312,-91.18905460133271,11269.98,98.37957441846562,250.6377292325851
2024-07-26 14:39:29+00:00,AAL1347,31.48603820800781,-91.1862003102022,11269.98,98.37957441846562,250.6377292325851
2024-07-26 14:39:30+00:00,AAL1347,31.4857177734375,-91.18361529181988,11269.98,98.37957441846562,250.6377292325851
2024-07-26 14:39:31+00:00,AAL1347,31.485233630164192,-91.17971191406248,11269.98,98.37957441846562,250.6377292325851
2024-07-26 14:39:32+00:00,AAL1347,31.48509397345074,-91.1786682128906,11269.98,98.37957441846562,250.6377292325851
2024-07-26 14:39:33+00:00,AAL1347,31.484664916992188,-91.175537109375,11269.98,98.37957441846562,250.6377292325851
2024-07-26 14:39:34+00:00,AAL1347,31.484207153320312,-91.171875,11277.6,98.37957441846562,250.6377292325851
2024-07-26 14:39:35+00:00,AAL1347,31.48388361526748,-91.16927490234372,11277.6,98.37957441846562,250.6377292325851
2024-07-26 14:39:36+00:00,AAL1347,31.483557749602756,-91.16669311523437,11277.6,98.37957441846562,250.6377292325851
2024-07-26 14:39:38+00:00,AAL1347,31.482906018273304,-91.16147460937498,11277.6,98.37957441846562,250.6377292325851
2024-07-26 14:39:39+00:00,AAL1347,31.482673257084212,-91.15966186523434,11277.6,98.37957441846562,250.6377292325851
2024-07-26 14:39:40+00:00,AAL1347,31.48234739141949,-91.1570251464844,11277.6,98.37957441846562,250.6377292325851
2024-07-26 14:39:41+00:00,AAL1347,31.482021525754767,-91.15444335937497,11277.6,98.37957441846562,250.6377292325851
2024-07-26 14:39:42+00:00,AAL1347,31.48169566009004,-91.151806640625,11277.6,98.37957441846562,250.6377292325851
2024-07-26 14:39:43+00:00,AAL1347,31.481277465820312,-91.14871754365812,11269.98,98.37957441846562,250.6377292325851
2024-07-26 14:39:44+00:00,AAL1347,31.48099737652277,-91.1463684082031,11269.98,98.49588587835204,250.713215927747
2024-07-26 14:39:45+00:00,AAL1347,31.48067151085805,-91.14378662109374,11269.98,98.49588587835204,250.713215927747
2024-07-26 14:39:46+00:00,AAL1347,31.480270385742188,-91.14063936121325,11269.98,98.49588587835204,250.713215927747
2024-07-26 14:39:47+00:00,AAL1347,31.479926675052965,-91.13829345703124,11269.98,98.49588587835204,250.713215927747
2024-07-26 14:39:48+00:00,AAL1347,31.47960080938824,-91.13571166992188,11269.98,98.49588587835204,250.713215927747
2024-07-26 14:39:49+00:00,AAL1347,31.479368048199152,-91.13362426757811,11269.98,98.49588587835204,250.713215927747
2024-07-26 14:39:50+00:00,AAL1347,31.478855973583155,-91.12972412109372,11269.98,98.49588587835204,250.713215927747
2024-07-26 14:39:51+00:00,AAL1347,31.478668212890625,-91.12841437844668,11269.98,98.49588587835204,250.713215927747
2024-07-26 14:39:52+00:00,AAL1347,31.478390451204977,-91.12604370117184,11277.6,98.49588587835204,250.713215927747
2024-07-26 14:39:53+00:00,AAL1347,31.478018033302437,-91.12318725585936,11277.6,98.49588587835204,250.713215927747
2024-07-26 14:39:54+00:00,AAL1347,31.47755251092426,-91.11956176757808,11269.98,98.49588587835204,250.713215927747
2024-07-26 14:39:55+00:00,AAL1347,31.477412854210804,-91.11851806640624,11269.98,98.49588587835204,250.713215927747
2024-07-26 14:39:56+00:00,AAL1347,31.477020263671875,-91.11565085018384,11269.98,98.61212684070392,250.78973518080403
2024-07-26 14:39:57+00:00,AAL1347,31.47665405273437,-91.11279655905332,11269.98,98.61212684070392,250.78973518080403
2024-07-26 14:39:58+00:00,AAL1347,31.47637939453125,-91.11069623161768,11269.98,98.61212684070392,250.78973518080403
2024-07-26 14:39:59+00:00,AAL1347,31.47601628707627,-91.107861328125,11269.98,98.61212684070392,250.78973518080403
2024-07-26 14:40:00+00:00,AAL1347,31.475643869173727,-91.10500488281248,11277.6,98.61212684070392,250.78973518080403
2024-07-26 14:40:01+00:00,AAL1347,31.47517834679555,-91.1013244628906,11277.6,98.61212684070392,250.78973518080403
2024-07-26 14:40:02+00:00,AAL1347,31.474852481130824,-91.09874267578124,11277.6,98.61212684070392,250.78973518080403
2024-07-26 14:40:03+00:00,AAL1347,31.474666272179554,-91.09742431640626,11277.6,98.61212684070392,250.78973518080403
2024-07-26 14:40:04+00:00,AAL1347,31.474200749801376,-91.093798828125,11277.6,98.61212684070392,250.78973518080403
2024-07-26 14:40:06+00:00,AAL1347,31.473541259765625,-91.08856201171876,11277.6,98.61212684070392,250.78973518080403
2024-07-26 14:40:07+00:00,AAL1347,31.4732231528072,-91.08621826171871,11277.6,98.61212684070392,250.78973518080403
2024-07-26 14:40:08+00:00,AAL1347,31.47308349609375,-91.0849537568934,11277.6,98.61212684070392,250.78973518080403
2024-07-26 14:40:09+00:00,AAL1347,31.472524869239933,-91.08078002929688,11277.6,98.61212684070392,250.78973518080403
2024-07-26 14:40:10+00:00,AAL1347,31.472385212526483,-91.07973632812497,11277.6,98.61212684070392,250.78973518080403
2024-07-26 14:40:11+00:00,AAL1347,31.47205934686176,-91.077099609375,11277.6,98.61212684070392,250.78973518080403
2024-07-26 14:40:12+00:00,AAL1347,31.47154727224576,-91.0731994628906,11277.6,98.61212684070392,250.78973518080403
2024-07-26 14:40:13+00:00,AAL1347,31.47125244140625,-91.07089771943936,11269.98,98.61212684070392,250.78973518080403
2024-07-26 14:40:14+00:00,AAL1347,31.47088623046875,-91.06825884650738,11269.98,98.61212684070392,250.78973518080403
2024-07-26 14:40:15+00:00,AAL1347,31.47052001953125,-91.06540455537686,11269.98,98.61212684070392,250.78973518080403
2024-07-26 14:40:16+00:00,AAL1347,31.47024380958686,-91.063037109375,11277.6,98.61212684070392,250.78973518080403
2024-07-26 14:40:17+00:00,AAL1347,31.46987139168432,-91.06045532226562,11277.6,98.61212684070392,250.78973518080403
2024-07-26 14:40:18+00:00,AAL1347,31.46949897378178,-91.05759887695314,11277.6,98.61212684070392,250.78973518080403
2024-07-26 14:40:19+00:00,AAL1347,31.469146728515625,-91.05474135454966,11277.6,98.61212684070392,250.78973518080403
2024-07-26 14:40:20+00:00,AAL1347,31.468826293945312,-91.05210248161768,11277.6,98.61212684070392,250.78973518080403
2024-07-26 14:40:21+00:00,AAL1347,31.468474824549787,-91.04952392578122,11277.6,98.61212684070392,250.78973518080403
2024-07-26 14:40:22+00:00,AAL1347,31.468148958885063,-91.04688720703126,11277.6,98.61212684070392,250.78973518080403
2024-07-26 14:40:23+00:00,AAL1347,31.467869645458155,-91.0447998046875,11277.6,98.61212684070392,250.78973518080403
2024-07-26 14:40:24+00:00,AAL1347,31.467544555664062,-91.0421932444853,11277.6,98.49588587835204,250.713215927747
2024-07-26 14:40:25+00:00,AAL1347,31.46717834472656,-91.03960822610291,11277.6,98.49588587835204,250.713215927747
2024-07-26 14:40:26+00:00,AAL1347,31.46675239175053,-91.03623046874998,11277.6,98.49588587835204,250.713215927747
2024-07-26 14:40:27+00:00,AAL1347,31.46644592285156,-91.03389964384188,11277.6,98.49588587835204,250.713215927747
2024-07-26 14:40:28+00:00,AAL1347,31.46624031713453,-91.03233032226564,11277.6,98.49588587835204,250.713215927747
2024-07-26 14:40:29+00:00,AAL1347,31.465896606445312,-91.0294297162224,11277.6,98.49588587835204,250.713215927747
2024-07-26 14:40:30+00:00,AAL1347,31.465542033567267,-91.0265625,11277.6,98.49588587835204,250.713215927747
2024-07-26 14:40:31+00:00,AAL1347,31.465164184570312,-91.02372113396144,11277.6,98.49588587835204,250.713215927747
2024-07-26 14:40:32+00:00,AAL1347,31.46484375,-91.0211242675781,11277.6,98.49588587835204,250.713215927747
2024-07-26 14:40:33+00:00,AAL1347,31.4644775390625,-91.01822796989892,11277.6,98.49588587835204,250.713215927747
2024-07-26 14:40:34+00:00,AAL1347,31.464098914194917,-91.01535644531248,11277.6,98.49588587835204,250.713215927747
2024-07-26 14:40:35+00:00,AAL1347,31.4637451171875,-91.01278866038604,11277.6,98.47855197356996,251.22202616002707
2024-07-26 14:40:36+00:00,AAL1347,31.463447182865465,-91.01041259765624,11277.6,98.47855197356996,251.22202616002707
2024-07-26 14:40:37+00:00,AAL1347,31.463150024414062,-91.0080494600184,11277.6,98.47855197356996,251.22202616002707
2024-07-26 14:40:38+00:00,AAL1347,31.46278381347656,-91.0051951688879,11277.6,98.47855197356996,251.22202616002707
2024-07-26 14:40:39+00:00,AAL1347,31.462609242584744,-91.00387573242188,11277.6,98.47855197356996,251.22202616002707
2024-07-26 14:40:40+00:00,AAL1347,31.46214372020657,-91.0002502441406,11277.6,98.47855197356996,251.22202616002707
2024-07-26 14:40:41+00:00,AAL1347,31.46181785454184,-90.9976135253906,11277.6,98.47855197356996,251.22202616002707
2024-07-26 14:40:42+00:00,AAL1347,31.4614454366393,-90.9947570800781,11277.6,98.47855197356996,251.22202616002707
2024-07-26 14:40:43+00:00,AAL1347,31.46113586425781,-90.992431640625,11277.6,98.47855197356996,251.22202616002707
2024-07-26 14:40:44+00:00,AAL1347,31.46084025754767,-90.99008789062498,11277.6,98.47855197356996,251.22202616002707
2024-07-26 14:40:45+00:00,AAL1347,31.46054077148437,-90.98774629480698,11277.6,98.47855197356996,251.22202616002707
2024-07-26 14:40:46+00:00,AAL1347,31.4601419739804,-90.98459472656248,11277.6,98.47855197356996,251.22202616002707
2024-07-26 14:40:47+00:00,AAL1347,31.459762573242188,-90.98171458524814,11277.6,98.47855197356996,251.22202616002707
2024-07-26 14:40:48+00:00,AAL1347,31.45949024265095,-90.9793762207031,11277.6,98.47855197356996,251.22202616002707
2024-07-26 14:40:49+00:00,AAL1347,31.45911782474841,-90.9765197753906,11277.6,98.47855197356996,251.22202616002707
2024-07-26 14:40:50+00:00,AAL1347,31.45880126953125,-90.97417494829966,11277.6,98.47855197356996,251.22202616002707
2024-07-26 14:40:51+00:00,AAL1347,31.458663940429688,-90.97309785730698,11277.6,98.47855197356996,251.22202616002707
2024-07-26 14:40:52+00:00,AAL1347,31.45818677999205,-90.96943359375,11277.6,98.5945628884355,251.2983904826572
2024-07-26 14:40:53+00:00,AAL1347,31.4578857421875,-90.9671200022978,11277.6,98.5945628884355,251.2983904826572
2024-07-26 14:40:54+00:00,AAL1347,31.457348839711333,-90.96295166015624,11277.6,98.5945628884355,251.2983904826572
2024-07-26 14:40:55+00:00,AAL1347,31.45720918299788,-90.96190795898434,11277.6,98.5945628884355,251.2983904826572
2024-07-26 14:40:56+00:00,AAL1347,31.456883317333155,-90.9592712402344,11277.6,98.5945628884355,251.2983904826572
2024-07-26 14:40:57+00:00,AAL1347,31.45637124271716,-90.95537109375,11277.6,98.5945628884355,251.2983904826572
2024-07-26 14:40:58+00:00,AAL1347,31.456138481528072,-90.95328369140624,11277.6,98.5945628884355,251.2983904826572
2024-07-26 14:40:59+00:00,AAL1347,31.45576606362553,-90.95064697265622,11277.6,98.5945628884355,251.2983904826572
2024-07-26 14:41:00+00:00,AAL1347,31.455393645722985,-90.94779052734371,11277.6,98.5945628884355,251.2983904826572
2024-07-26 14:41:01+00:00,AAL1347,31.455093383789062,-90.94541661879596,11277.6,98.5945628884355,251.2983904826572
2024-07-26 14:41:02+00:00,AAL1347,31.45477294921875,-90.94283160041364,11277.6,98.5945628884355,251.2983904826572
2024-07-26 14:41:03+00:00,AAL1347,31.45440673828125,-90.94019272748164,11277.6,98.5945628884355,251.2983904826572
2024-07-26 14:41:04+00:00,AAL1347,31.454132080078125,-90.9378769818474,11277.6,98.5945628884355,251.2983904826572
2024-07-26 14:41:05+00:00,AAL1347,31.45381164550781,-90.93523810891544,11277.6,98.5945628884355,251.2983904826572
2024-07-26 14:41:06+00:00,AAL1347,31.45367431640625,-90.9342148724724,11277.6,98.5945628884355,251.2983904826572
2024-07-26 14:41:07+00:00,AAL1347,31.453170776367188,-90.9305527630974,11269.98,98.5945628884355,251.2983904826572
2024-07-26 14:41:08+00:00,AAL1347,31.452667236328125,-90.92662138097428,11277.6,98.5945628884355,251.2983904826572
2024-07-26 14:41:09+00:00,AAL1347,31.45234680175781,-90.92403636259188,11277.6,98.5945628884355,251.2983904826572
2024-07-26 14:41:10+00:00,AAL1347,31.45218154131356,-90.92274169921876,11277.6,98.5945628884355,251.2983904826572
2024-07-26 14:41:11+00:00,AAL1347,31.451669466697563,-90.91878662109372,11277.6,98.5945628884355,251.2983904826572
2024-07-26 14:41:12+00:00,AAL1347,31.451339721679688,-90.91644287109376,11277.6,98.5945628884355,251.2983904826572
2024-07-26 14:41:13+00:00,AAL1347,31.45101928710937,-90.91385785271144,11277.6,98.57706989687756,251.80706930415707
2024-07-26 14:41:14+00:00,AAL1347,31.45083152641684,-90.91224975585936,11277.6,98.57706989687756,251.80706930415707
2024-07-26 14:41:15+00:00,AAL1347,31.450366004038663,-90.90862426757808,11277.6,98.57706989687756,251.80706930415707
2024-07-26 14:41:16+00:00,AAL1347,31.45013324284957,-90.90703125,11277.6,98.57706989687756,251.80706930415707
2024-07-26 14:41:17+00:00,AAL1347,31.44964599609375,-90.90341007008271,11277.6,98.5945628884355,251.2983904826572
2024-07-26 14:41:18+00:00,AAL1347,31.449481511520126,-90.90208740234374,11277.6,98.5945628884355,251.2983904826572
2024-07-26 14:41:19+00:00,AAL1347,31.449050903320312,-90.89867086971508,11277.6,98.5945628884355,251.2983904826572
2024-07-26 14:41:20+00:00,AAL1347,31.44873046875,-90.89608585133271,11277.6,98.71050284315876,251.37578442574184
2024-07-26 14:41:21+00:00,AAL1347,31.448318481445312,-90.8932315602022,11277.6,98.71050284315876,251.37578442574184
2024-07-26 14:41:22+00:00,AAL1347,31.44803839214777,-90.89088134765626,11277.6,98.71050284315876,251.37578442574184
2024-07-26 14:41:24+00:00,AAL1347,31.447433213056144,-90.88615722656247,11277.6,98.71050284315876,251.37578442574184
2024-07-26 14:41:25+00:00,AAL1347,31.44708251953125,-90.8835377412684,11277.6,98.71050284315876,251.37578442574184
2024-07-26 14:41:26+00:00,AAL1347,31.446548720537603,-90.87962036132814,11277.6,98.71050284315876,251.37578442574184
2024-07-26 14:41:27+00:00,AAL1347,31.446409063824152,-90.87857666015624,11277.6,98.71050284315876,251.37578442574184
2024-07-26 14:41:28+00:00,AAL1347,31.446029663085938,-90.87545955882354,11277.6,98.71050284315876,251.37578442574184
2024-07-26 14:41:29+00:00,AAL1347,31.445526123046875,-90.87179744944854,11277.6,98.71050284315876,251.37578442574184
2024-07-26 14:41:30+00:00,AAL1347,31.445388793945312,-90.87077421300552,11277.6,98.71050284315876,251.37578442574184
2024-07-26 14:41:31+00:00,AAL1347,31.44502258300781,-90.8678660673254,11277.6,98.71050284315876,251.37578442574184
2024-07-26 14:41:32+00:00,AAL1347,31.44473318326271,-90.86555786132811,11277.6,98.71050284315876,251.37578442574184
2024-07-26 14:41:33+00:00,AAL1347,31.444221108646715,-90.86187744140624,11277.6,98.71050284315876,251.37578442574184
2024-07-26 14:41:34+00:00,AAL1347,31.44384869074417,-90.85902099609376,11277.6,98.71050284315876,251.37578442574184
2024-07-26 14:41:35+00:00,AAL1347,31.443662481792902,-90.8574279785156,11277.6,98.71050284315876,251.37578442574184
2024-07-26 14:41:36+00:00,AAL1347,31.443196959414724,-90.8538024902344,11277.6,98.71050284315876,251.37578442574184
2024-07-26 14:41:37+00:00,AAL1347,31.44282531738281,-90.85117115693936,11277.6,98.69278111696352,251.88430695069425
2024-07-26 14:41:38+00:00,AAL1347,31.442545228085272,-90.84880371093747,11277.6,98.69278111696352,251.88430695069425
2024-07-26 14:41:39+00:00,AAL1347,31.442138671875,-90.845947265625,11277.6,98.69278111696352,251.88430695069425
2024-07-26 14:41:40+00:00,AAL1347,31.44184694451801,-90.84358520507811,11277.6,98.69278111696352,251.88430695069425
2024-07-26 14:41:41+00:00,AAL1347,31.441680908203125,-90.84228515625,11277.6,98.69278111696352,251.88430695069425
2024-07-26 14:41:42+00:00,AAL1347,31.44133486990201,-90.83968505859372,11277.6,98.69278111696352,251.88430695069425
2024-07-26 14:41:43+00:00,AAL1347,31.441009004237287,-90.83704833984376,11277.6,98.69278111696352,251.88430695069425
2024-07-26 14:41:44+00:00,AAL1347,31.440582275390625,-90.83393770105698,11277.6,98.69278111696352,251.88430695069425
2024-07-26 14:41:45+00:00,AAL1347,31.4402641684322,-90.83155517578126,11277.6,98.69278111696352,251.88430695069425
2024-07-26 14:41:46+00:00,AAL1347,31.439849853515625,-90.82844453699448,11277.6,98.69278111696352,251.88430695069425
2024-07-26 14:41:47+00:00,AAL1347,31.439529418945312,-90.82585951861216,11277.6,98.69278111696352,251.88430695069425
2024-07-26 14:41:48+00:00,AAL1347,31.43910036248676,-90.82243652343747,11277.6,98.69278111696352,251.88430695069425
2024-07-26 14:41:50+00:00,AAL1347,31.438522338867188,-90.81826602711396,11277.6,98.69278111696352,251.88430695069425
2024-07-26 14:41:51+00:00,AAL1347,31.438201904296875,-90.81562715418198,11277.6,98.69278111696352,251.88430695069425
2024-07-26 14:41:52+00:00,AAL1347,31.43769836425781,-90.81196504480698,11277.6,98.69278111696352,251.88430695069425
2024-07-26 14:41:53+00:00,AAL1347,31.43761069087659,-90.81117553710936,11277.6,98.69278111696352,251.88430695069425
2024-07-26 14:41:54+00:00,AAL1347,31.43700551178496,-90.80678100585936,11277.6,98.69278111696352,251.88430695069425
2024-07-26 14:41:55+00:00,AAL1347,31.436691284179688,-90.80442540785845,11277.6,98.8084209242656,251.96257128742917
2024-07-26 14:41:56+00:00,AAL1347,31.436400332693324,-90.8020568847656,11277.6,98.8084209242656,251.96257128742917
2024-07-26 14:41:57+00:00,AAL1347,31.436004638671875,-90.79893224379596,11277.6,98.8084209242656,251.96257128742917
2024-07-26 14:41:58+00:00,AAL1347,31.43565549688824,-90.79656372070308,11277.6,98.8084209242656,251.96257128742917
2024-07-26 14:41:59+00:00,AAL1347,31.43536376953125,-90.79424689797791,11277.6,98.8084209242656,251.96257128742917
2024-07-26 14:42:00+00:00,AAL1347,31.435089111328125,-90.79214657054229,11277.6,98.8084209242656,251.96257128742917
2024-07-26 14:42:01+00:00,AAL1347,31.434724452131885,-90.78953247070314,11277.6,98.8084209242656,251.96257128742917
2024-07-26 14:42:02+00:00,AAL1347,31.43439858646716,-90.78689575195312,11277.6,98.8084209242656,251.96257128742917
2024-07-26 14:42:03+00:00,AAL1347,31.434165825278072,-90.7853576660156,11277.6,98.8084209242656,251.96257128742917
2024-07-26 14:42:04+00:00,AAL1347,31.433670043945312,-90.78169878791364,11277.6,98.8084209242656,251.96257128742917
2024-07-26 14:42:05+00:00,AAL1347,31.433188228283896,-90.77777709960937,11277.6,98.8084209242656,251.96257128742917
2024-07-26 14:42:06+00:00,AAL1347,31.432769258143537,-90.77492065429686,11277.6,98.8084209242656,251.96257128742917
2024-07-26 14:42:07+00:00,AAL1347,31.4326171875,-90.77356675091914,11277.6,98.8084209242656,251.96257128742917
2024-07-26 14:42:08+00:00,AAL1347,31.432210631289724,-90.77069091796876,11269.98,98.8084209242656,251.96257128742917
2024-07-26 14:42:09+00:00,AAL1347,31.431884765625,-90.7681091308594,11277.6,98.8084209242656,251.96257128742917
2024-07-26 14:42:10+00:00,AAL1347,31.431564331054688,-90.7657578412224,11277.6,98.8084209242656,251.96257128742917
2024-07-26 14:42:11+00:00,AAL1347,31.431372691009003,-90.76442871093748,11277.6,98.8084209242656,251.96257128742917
2024-07-26 14:42:12+00:00,AAL1347,31.431060791015625,-90.76182645909928,11269.98,98.8084209242656,251.96257128742917
2024-07-26 14:42:13+00:00,AAL1347,31.43053475072828,-90.75789184570311,11269.98,98.8084209242656,251.96257128742917
2024-07-26 14:42:15+00:00,AAL1347,31.42982482910156,-90.75267118566175,11277.6,98.8084209242656,251.96257128742917
2024-07-26 14:42:16+00:00,AAL1347,31.429458618164062,-90.7500861672794,11277.6,98.8084209242656,251.96257128742917
2024-07-26 14:42:17+00:00,AAL1347,31.42909240722656,-90.74717802159928,11277.6,98.8084209242656,251.96257128742917
2024-07-26 14:42:18+00:00,AAL1347,31.42890930175781,-90.74561623965992,11269.98,98.92398844363142,252.04186135793464
2024-07-26 14:42:19+00:00,AAL1347,31.42840576171875,-90.74195413028492,11269.98,98.92398844363142,252.04186135793464
2024-07-26 14:42:20+00:00,AAL1347,31.427974377648304,-90.73883056640624,11277.6,98.92398844363142,252.04186135793464
2024-07-26 14:42:21+00:00,AAL1347,31.42767333984375,-90.73651482077209,11277.6,98.92398844363142,252.04186135793464
2024-07-26 14:42:22+00:00,AAL1347,31.427508855270126,-90.73520507812498,11277.6,98.92398844363142,252.04186135793464
2024-07-26 14:42:23+00:00,AAL1347,31.42694091796875,-90.73102165670956,11277.6,98.92398844363142,252.04186135793464
2024-07-26 14:42:24+00:00,AAL1347,31.42657470703125,-90.7283827837776,11277.6,98.92398844363142,252.04186135793464
2024-07-26 14:42:25+00:00,AAL1347,31.426300048828125,-90.72633631089155,11277.6,98.94216634157624,251.533657359006
2024-07-26 14:42:26+00:00,AAL1347,31.425879526946503,-90.72317504882812,11277.6,98.94216634157624,251.533657359006
2024-07-26 14:42:27+00:00,AAL1347,31.42550710904396,-90.72059326171876,11277.6,98.94216634157624,251.533657359006
2024-07-26 14:42:29+00:00,AAL1347,31.425018310546875,-90.71664249195771,11277.6,98.94216634157624,251.533657359006
2024-07-26 14:42:31+00:00,AAL1347,31.42425019862288,-90.71092529296874,11277.6,98.94216634157624,251.533657359006
2024-07-26 14:42:32+00:00,AAL1347,31.42387778072034,-90.70828857421871,11277.6,98.92398844363142,252.04186135793464
2024-07-26 14:42:33+00:00,AAL1347,31.4235053628178,-90.70543212890624,11277.6,98.92398844363142,252.04186135793464
2024-07-26 14:42:34+00:00,AAL1347,31.423132944915253,-90.70279541015624,11277.6,98.92398844363142,252.04186135793464
2024-07-26 14:42:35+00:00,AAL1347,31.422821044921875,-90.70048612706802,11277.6,98.92398844363142,252.04186135793464
2024-07-26 14:42:36+00:00,AAL1347,31.422434661347985,-90.69757690429684,11277.6,98.92398844363142,252.04186135793464
2024-07-26 14:42:37+00:00,AAL1347,31.422248452396715,-90.69603881835934,11277.6,98.92398844363142,252.04186135793464
2024-07-26 14:42:38+00:00,AAL1347,31.42172241210937,-90.69235409007354,11277.6,98.92398844363142,252.04186135793464
2024-07-26 14:42:39+00:00,AAL1347,31.421550168829448,-90.6910400390625,11277.6,98.92398844363142,252.04186135793464
2024-07-26 14:42:40+00:00,AAL1347,31.42103809421345,-90.6871398925781,11269.98,98.92398844363142,252.04186135793464
2024-07-26 14:42:41+00:00,AAL1347,31.42066567631091,-90.68455810546874,11269.98,98.92398844363142,252.04186135793464
2024-07-26 14:42:42+00:00,AAL1347,31.420526019597457,-90.68345947265624,11269.98,98.92398844363142,252.04186135793464
2024-07-26 14:42:43+00:00,AAL1347,31.419967392743644,-90.67928466796872,11269.98,98.92398844363142,252.04186135793464
2024-07-26 14:42:44+00:00,AAL1347,31.4195949748411,-90.67642822265624,11269.98,98.92398844363142,252.04186135793464
2024-07-26 14:42:45+00:00,AAL1347,31.41943359375,-90.67512063419116,11269.98,98.92398844363142,252.04186135793464
2024-07-26 14:42:46+00:00,AAL1347,31.418896691273837,-90.67120971679684,11269.98,98.92398844363142,252.04186135793464
2024-07-26 14:42:47+00:00,AAL1347,31.418472290039062,-90.66806568818936,11269.98,98.92398844363142,252.04186135793464
2024-07-26 14:42:48+00:00,AAL1347,31.41815185546875,-90.66571655273437,11269.98,98.92398844363142,252.04186135793464
2024-07-26 14:42:49+00:00,AAL1347,31.41783142089844,-90.66338034237134,11269.98,98.92398844363142,252.04186135793464
2024-07-26 14:42:50+00:00,AAL1347,31.417556762695312,-90.6610107421875,11269.98,98.92398844363142,252.04186135793464
2024-07-26 14:42:51+00:00,AAL1347,31.417360467425848,-90.65972900390624,11277.6,98.82637095422793,251.4542070385745
2024-07-26 14:42:52+00:00,AAL1347,31.416778564453125,-90.65530215992646,11277.6,98.82637095422793,251.4542070385745
2024-07-26 14:42:53+00:00,AAL1347,31.416412353515625,-90.65266328699448,11269.98,98.82637095422793,251.4542070385745
2024-07-26 14:42:54+00:00,AAL1347,31.416046142578125,-90.64980899586396,11269.98,98.94216634157624,251.533657359006
2024-07-26 14:42:55+00:00,AAL1347,31.415731139102224,-90.64747924804686,11269.98,98.94216634157624,251.533657359006
2024-07-26 14:42:56+00:00,AAL1347,31.4154052734375,-90.64512365004596,11277.6,98.94216634157624,251.533657359006
2024-07-26 14:42:57+00:00,AAL1347,31.4150390625,-90.64248477711396,11277.6,98.94216634157624,251.533657359006
2024-07-26 14:42:58+00:00,AAL1347,31.4146728515625,-90.63963048598345,11277.6,98.94216634157624,251.533657359006
2024-07-26 14:42:59+00:00,AAL1347,31.41433457196769,-90.6372619628906,11269.98,98.94216634157624,251.533657359006
2024-07-26 14:43:00+00:00,AAL1347,31.414031982421875,-90.63494514016544,11269.98,98.94216634157624,251.533657359006
2024-07-26 14:43:01+00:00,AAL1347,31.41386904958951,-90.63363647460938,11269.98,98.94216634157624,251.533657359006
2024-07-26 14:43:02+00:00,AAL1347,31.41352844238281,-90.63101375804229,11269.98,98.94216634157624,251.533657359006
2024-07-26 14:43:03+00:00,AAL1347,31.41303110930879,-90.62737426757808,11269.98,98.94216634157624,251.533657359006
2024-07-26 14:43:04+00:00,AAL1347,31.41265869140625,-90.62449735753675,11269.98,98.94216634157624,251.533657359006
2024-07-26 14:43:05+00:00,AAL1347,31.41233282574152,-90.62215576171872,11269.98,98.94216634157624,251.533657359006
2024-07-26 14:43:06+00:00,AAL1347,31.411834716796875,-90.61846564797791,11269.98,98.94216634157624,251.533657359006
2024-07-26 14:43:07+00:00,AAL1347,31.411605834960938,-90.61690386603864,11269.98,98.94216634157624,251.533657359006
2024-07-26 14:43:08+00:00,AAL1347,31.41112246755826,-90.61325683593748,11269.98,98.94216634157624,251.533657359006
2024-07-26 14:43:09+00:00,AAL1347,31.410964965820312,-90.6119492474724,11269.98,98.94216634157624,251.533657359006
2024-07-26 14:43:10+00:00,AAL1347,31.410563840704448,-90.60908203125,11269.98,98.94216634157624,251.533657359006
2024-07-26 14:43:11+00:00,AAL1347,31.410232543945312,-90.60677921070771,11269.98,98.94216634157624,251.533657359006
2024-07-26 14:43:12+00:00,AAL1347,31.41009831832627,-90.60545654296874,11269.98,98.94216634157624,251.533657359006
2024-07-26 14:43:13+00:00,AAL1347,31.409400034759003,-90.60051269531247,11269.98,98.94216634157624,251.533657359006
2024-07-26 14:43:14+00:00,AAL1347,31.40907416909428,-90.59787597656248,11269.98,98.94216634157624,251.533657359006
2024-07-26 14:43:15+00:00,AAL1347,31.408934512380824,-90.59683227539062,11269.98,98.94216634157624,251.533657359006
2024-07-26 14:43:16+00:00,AAL1347,31.408493041992188,-90.59374640969668,11269.98,98.94216634157624,251.533657359006
2024-07-26 14:43:17+00:00,AAL1347,31.407989501953125,-90.59008430032168,11269.98,98.94216634157624,251.533657359006
2024-07-26 14:43:18+00:00,AAL1347,31.407677601959744,-90.58743896484371,11269.98,98.94216634157624,251.533657359006
2024-07-26 14:43:19+00:00,AAL1347,31.407485961914062,-90.58615291819854,11277.6,98.94216634157624,251.533657359006
2024-07-26 14:43:20+00:00,AAL1347,31.406982421875,-90.58249080882354,11269.98,98.94216634157624,251.533657359006
2024-07-26 14:43:21+00:00,AAL1347,31.406606900489933,-90.579638671875,11277.6,98.94216634157624,251.533657359006
2024-07-26 14:43:22+00:00,AAL1347,31.40628103482521,-90.5772766113281,11277.6,98.82637095422793,251.4542070385745
2024-07-26 14:43:23+00:00,AAL1347,31.405955169160485,-90.57469482421874,11277.6,98.82637095422793,251.4542070385745
2024-07-26 14:43:24+00:00,AAL1347,31.405792236328125,-90.57338938993564,11277.6,98.82637095422793,251.4542070385745
2024-07-26 14:43:25+00:00,AAL1347,31.405242919921875,-90.5694580078125,11269.98,98.82637095422793,251.4542070385745
2024-07-26 14:43:26+00:00,AAL1347,31.40492248535156,-90.56687298943018,11269.98,98.82637095422793,251.4542070385745
2024-07-26 14:43:27+00:00,AAL1347,31.40460515426377,-90.56453247070311,11269.98,98.82637095422793,251.4542070385745
2024-07-26 14:43:28+00:00,AAL1347,31.40419006347656,-90.56137982536768,11277.6,98.82637095422793,251.4542070385745
2024-07-26 14:43:29+00:00,AAL1347,31.403860318458683,-90.5590393066406,11277.6,98.82637095422793,251.4542070385745
2024-07-26 14:43:30+00:00,AAL1347,31.40345764160156,-90.55620978860291,11277.6,98.82637095422793,251.4542070385745
2024-07-26 14:43:31+00:00,AAL1347,31.4031154826536,-90.55360107421876,11277.6,98.82637095422793,251.4542070385745
2024-07-26 14:43:32+00:00,AAL1347,31.402816772460938,-90.55125517003675,11269.98,98.82637095422793,251.4542070385745
2024-07-26 14:43:33+00:00,AAL1347,31.402417199086333,-90.5483825683594,11277.6,98.82637095422793,251.4542070385745
2024-07-26 14:43:34+00:00,AAL1347,31.402084350585938,-90.54576200597428,11277.6,98.82637095422793,251.4542070385745
2024-07-26 14:43:35+00:00,AAL1347,31.401765467756885,-90.54343872070314,11269.98,98.82637095422793,251.4542070385745
2024-07-26 14:43:36+00:00,AAL1347,31.401397705078125,-90.54053811465992,11277.6,98.82637095422793,251.4542070385745
2024-07-26 14:43:37+00:00,AAL1347,31.401160288665253,-90.53898925781247,11277.6,98.82637095422793,251.4542070385745
2024-07-26 14:43:38+00:00,AAL1347,31.400665283203125,-90.53509880514709,11269.98,98.94216634157624,251.533657359006
2024-07-26 14:43:39+00:00,AAL1347,31.40032234838453,-90.53272705078126,11269.98,98.94216634157624,251.533657359006
2024-07-26 14:43:40+00:00,AAL1347,31.39994993048199,-90.52987060546872,11269.98,98.94216634157624,251.533657359006
2024-07-26 14:43:41+00:00,AAL1347,31.39961242675781,-90.52750531364892,11269.98,98.94216634157624,251.533657359006
2024-07-26 14:43:42+00:00,AAL1347,31.3992919921875,-90.52492029526655,11269.98,98.94216634157624,251.533657359006
2024-07-26 14:43:43+00:00,AAL1347,31.39911199020127,-90.52360839843747,11269.98,98.94216634157624,251.533657359006
2024-07-26 14:43:44+00:00,AAL1347,31.398696899414062,-90.52050422219668,11269.98,98.94216634157624,251.533657359006
2024-07-26 14:43:45+00:00,AAL1347,31.398367154396183,-90.518115234375,11269.98,98.94216634157624,251.533657359006
2024-07-26 14:43:46+00:00,AAL1347,31.397994736493644,-90.5152587890625,11269.98,98.94216634157624,251.533657359006
2024-07-26 14:43:47+00:00,AAL1347,31.3978271484375,-90.51398782169116,11269.98,98.94216634157624,251.533657359006
2024-07-26 14:43:48+00:00,AAL1347,31.39732360839844,-90.51032571231616,11269.98,98.94216634157624,251.533657359006
2024-07-26 14:43:49+00:00,AAL1347,31.3968309305482,-90.50668945312498,11269.98,98.94216634157624,251.533657359006
2024-07-26 14:43:50+00:00,AAL1347,31.39659816935911,-90.50509643554688,11269.98,98.94216634157624,251.533657359006
2024-07-26 14:43:51+00:00,AAL1347,31.396272303694385,-90.50251464843753,11269.98,98.94216634157624,251.533657359006
2024-07-26 14:43:52+00:00,AAL1347,31.39581298828125,-90.49912396599268,11269.98,98.82637095422793,251.4542070385745
2024-07-26 14:43:53+00:00,AAL1347,31.39544677734375,-90.49626967486216,11269.98,98.82637095422793,251.4542070385745
2024-07-26 14:43:54+00:00,AAL1347,31.39510849774894,-90.49389038085934,11269.98,98.82637095422793,251.4542070385745
2024-07-26 14:43:55+00:00,AAL1347,31.394760131835938,-90.4910457835478,11277.6,98.82637095422793,251.4542070385745
2024-07-26 14:43:56+00:00,AAL1347,31.39434814453125,-90.48819149241729,11277.6,98.82637095422793,251.4542070385745
2024-07-26 14:43:57+00:00,AAL1347,31.393991244041317,-90.48532104492188,11269.98,98.82637095422793,251.4542070385745
2024-07-26 14:43:58+00:00,AAL1347,31.39366149902344,-90.48296760110291,11269.98,98.82637095422793,251.4542070385745
2024-07-26 14:43:59+00:00,AAL1347,31.393478393554688,-90.48140581916364,11277.6,98.82637095422793,251.4542070385745
2024-07-26 14:44:00+00:00,AAL1347,31.39315795898437,-90.4790900735294,11277.6,98.84439370849122,250.94586756964557
2024-07-26 14:44:01+00:00,AAL1347,31.39278088585805,-90.4762023925781,11277.6,98.84439370849122,250.94586756964557
2024-07-26 14:44:02+00:00,AAL1347,31.39240846795551,-90.47362060546874,11277.6,98.84439370849122,250.94586756964557
2024-07-26 14:44:03+00:00,AAL1347,31.392013549804688,-90.47047334558825,11277.6,98.84439370849122,250.94586756964557
2024-07-26 14:44:04+00:00,AAL1347,31.391647338867188,-90.46788832720593,11277.6,98.84439370849122,250.94586756964557
2024-07-26 14:44:05+00:00,AAL1347,31.391337766485695,-90.46554565429688,11277.6,98.84439370849122,250.94586756964557
2024-07-26 14:44:06+00:00,AAL1347,31.39101190082097,-90.46318359375,11277.6,98.84439370849122,250.94586756964557
2024-07-26 14:44:07+00:00,AAL1347,31.39068603515625,-90.46060180664062,11277.6,98.960417840414,251.0254787811022
2024-07-26 14:44:08+00:00,AAL1347,31.390313617253707,-90.4579650878906,11277.6,98.960417840414,251.0254787811022
2024-07-26 14:44:09+00:00,AAL1347,31.389862060546875,-90.45458625344668,11277.6,98.960417840414,251.0254787811022
2024-07-26 14:44:10+00:00,AAL1347,31.38966188592426,-90.45302124023436,11277.6,98.960417840414,251.0254787811022
2024-07-26 14:44:11+00:00,AAL1347,31.389129638671875,-90.44914694393384,11277.6,98.960417840414,251.0254787811022
2024-07-26 14:44:12+00:00,AAL1347,31.388823945643537,-90.44681396484371,11277.6,98.960417840414,251.0254787811022
2024-07-26 14:44:13+00:00,AAL1347,31.388442993164062,-90.44419232536768,11277.6,98.960417840414,251.0254787811022
2024-07-26 14:44:14+00:00,AAL1347,31.38807910983845,-90.44132080078124,11277.6,98.960417840414,251.0254787811022
2024-07-26 14:44:15+00:00,AAL1347,31.387799796411542,-90.43923339843748,11277.6,98.960417840414,251.0254787811022
2024-07-26 14:44:16+00:00,AAL1347,31.387435913085938,-90.43665268841914,11277.6,98.960417840414,251.0254787811022
2024-07-26 14:44:17+00:00,AAL1347,31.387115478515625,-90.43406767003675,11277.6,98.960417840414,251.0254787811022
2024-07-26 14:44:18+00:00,AAL1347,31.386775647179554,-90.43170776367184,11277.6,98.84439370849122,250.94586756964557
2024-07-26 14:44:19+00:00,AAL1347,31.38640322927701,-90.42885131835936,11277.6,98.960417840414,251.0254787811022
2024-07-26 14:44:20+00:00,AAL1347,31.3861083984375,-90.42652803308825,11277.6,98.960417840414,251.0254787811022
2024-07-26 14:44:21+00:00,AAL1347,31.385751497947563,-90.42418212890624,11277.6,98.960417840414,251.0254787811022
2024-07-26 14:44:22+00:00,AAL1347,31.385421752929688,-90.42157341452209,11277.6,98.960417840414,251.0254787811022
2024-07-26 14:44:23+00:00,AAL1347,31.385055541992188,-90.4189883961397,11277.6,98.960417840414,251.0254787811022
2024-07-26 14:44:24+00:00,AAL1347,31.38472734871557,-90.41660156249998,11277.6,98.960417840414,251.0254787811022
2024-07-26 14:44:25+00:00,AAL1347,31.384401483050848,-90.4140197753906,11277.6,98.960417840414,251.0254787811022
2024-07-26 14:44:26+00:00,AAL1347,31.38388940843485,-90.41011962890622,11277.6,98.960417840414,251.0254787811022
2024-07-26 14:44:27+00:00,AAL1347,31.3837497517214,-90.40907592773436,11277.6,98.960417840414,251.0254787811022
2024-07-26 14:44:28+00:00,AAL1347,31.38336181640625,-90.40622486787686,11277.6,98.97874338433115,250.51732577892415
2024-07-26 14:44:29+00:00,AAL1347,31.38295836367849,-90.4033630371094,11277.6,98.97874338433115,250.51732577892415
2024-07-26 14:44:30+00:00,AAL1347,31.382583618164062,-90.40078555836396,11277.6,98.97874338433115,250.51732577892415
2024-07-26 14:44:31+00:00,AAL1347,31.38221352787341,-90.39792480468748,11277.6,98.97874338433115,250.51732577892415
2024-07-26 14:44:32+00:00,AAL1347,31.38189697265625,-90.39556166704966,11277.6,98.97874338433115,250.51732577892415
2024-07-26 14:44:33+00:00,AAL1347,31.381515244306144,-90.3927062988281,11277.6,98.97874338433115,250.51732577892415
2024-07-26 14:44:34+00:00,AAL1347,31.38116455078125,-90.39012235753675,11277.6,98.97874338433115,250.51732577892415
2024-07-26 14:44:35+00:00,AAL1347,31.38079833984375,-90.3875373391544,11277.6,98.97874338433115,250.51732577892415
2024-07-26 14:44:36+00:00,AAL1347,31.38047790527344,-90.3848984662224,11277.6,98.97874338433115,250.51732577892415
2024-07-26 14:44:37+00:00,AAL1347,31.38006591796875,-90.38204417509188,11277.6,98.86248962632656,250.43755303153736
2024-07-26 14:44:38+00:00,AAL1347,31.379791259765625,-90.37999770220593,11277.6,98.86248962632656,250.43755303153736
2024-07-26 14:44:39+00:00,AAL1347,31.37946694584216,-90.37765502929688,11277.6,98.86248962632656,250.43755303153736
2024-07-26 14:44:40+00:00,AAL1347,31.379058837890625,-90.37455839269302,11277.6,98.86248962632656,250.43755303153736
2024-07-26 14:44:41+00:00,AAL1347,31.378738403320312,-90.37191951976104,11277.6,98.86248962632656,250.43755303153736
2024-07-26 14:44:42+00:00,AAL1347,31.37837219238281,-90.36933450137866,11277.6,98.86248962632656,250.43755303153736
2024-07-26 14:44:43+00:00,AAL1347,31.378005981445312,-90.36648021024814,11277.6,98.86248962632656,250.43755303153736
2024-07-26 14:44:44+00:00,AAL1347,31.377837617518537,-90.365185546875,11277.6,98.74616226255522,250.3588119613185
2024-07-26 14:44:45+00:00,AAL1347,31.37737209514036,-90.36156005859374,11277.6,98.7282964135823,250.86728604690728
2024-07-26 14:44:46+00:00,AAL1347,31.376953125,-90.35870361328124,11277.6,98.7282964135823,250.86728604690728
2024-07-26 14:44:47+00:00,AAL1347,31.376580707097457,-90.35557250976564,11277.6,98.74616226255522,250.3588119613185
2024-07-26 14:44:48+00:00,AAL1347,31.37630139367055,-90.35348510742188,11277.6,98.74616226255522,250.3588119613185
2024-07-26 14:44:49+00:00,AAL1347,31.37592897576801,-90.3506286621094,11277.6,98.74616226255522,250.3588119613185
2024-07-26 14:44:50+00:00,AAL1347,31.375556557865465,-90.34804687499997,11277.6,98.74616226255522,250.3588119613185
2024-07-26 14:44:51+00:00,AAL1347,31.375259399414062,-90.34569235409008,11269.98,98.74616226255522,250.3588119613185
2024-07-26 14:44:52+00:00,AAL1347,31.374904826536017,-90.3428283691406,11277.6,98.74616226255522,250.3588119613185
2024-07-26 14:44:53+00:00,AAL1347,31.374526977539062,-90.3402530445772,11269.98,98.74616226255522,250.3588119613185
2024-07-26 14:44:54+00:00,AAL1347,31.37420654296875,-90.3376141716452,11269.98,98.74616226255522,250.3588119613185
2024-07-26 14:44:55+00:00,AAL1347,31.373880677304022,-90.33530273437498,11269.98,98.74616226255522,250.3588119613185
2024-07-26 14:44:56+00:00,AAL1347,31.373461707163663,-90.33217163085936,11269.98,98.74616226255522,250.3588119613185
2024-07-26 14:44:57+00:00,AAL1347,31.37310791015625,-90.32958984375,11269.98,98.86248962632656,250.43755303153736
2024-07-26 14:44:59+00:00,AAL1347,31.37265014648437,-90.325927734375,11277.6,98.86248962632656,250.43755303153736
2024-07-26 14:45:00+00:00,AAL1347,31.372204796742583,-90.32283325195311,11277.6,98.86248962632656,250.43755303153736
2024-07-26 14:45:01+00:00,AAL1347,31.37191772460937,-90.32048842486216,11277.6,98.86248962632656,250.43755303153736
2024-07-26 14:45:02+00:00,AAL1347,31.371414184570312,-90.31688017003675,11269.98,98.86248962632656,250.43755303153736
2024-07-26 14:45:03+00:00,AAL1347,31.37118530273437,-90.31504911534928,11269.98,98.86248962632656,250.43755303153736
2024-07-26 14:45:04+00:00,AAL1347,31.370715125132413,-90.31168212890624,11277.6,98.86248962632656,250.43755303153736
2024-07-26 14:45:05+00:00,AAL1347,31.37038925946769,-90.30910034179686,11277.6,98.86248962632656,250.43755303153736
2024-07-26 14:45:06+00:00,AAL1347,31.370040893554688,-90.30648624195771,11277.6,98.86248962632656,250.43755303153736
2024-07-26 14:45:07+00:00,AAL1347,31.369674682617188,-90.3039012235754,11277.6,98.86248962632656,250.43755303153736
2024-07-26 14:45:08+00:00,AAL1347,31.369504766949152,-90.3026184082031,11277.6,98.86248962632656,250.43755303153736
2024-07-26 14:45:09+00:00,AAL1347,31.36898803710937,-90.2984619140625,11277.6,98.86248962632656,250.43755303153736
2024-07-26 14:45:10+00:00,AAL1347,31.368806483381885,-90.29718017578124,11277.6,98.88065915052024,249.92926357636557
2024-07-26 14:45:11+00:00,AAL1347,31.36834716796875,-90.29377656824448,11277.6,98.88065915052024,249.92926357636557
2024-07-26 14:45:12+00:00,AAL1347,31.368015095338983,-90.29146728515622,11277.6,98.88065915052024,249.92926357636557
2024-07-26 14:45:13+00:00,AAL1347,31.367706298828125,-90.28887580422791,11277.6,98.88065915052024,249.92926357636557
2024-07-26 14:45:14+00:00,AAL1347,31.367340087890625,-90.2862907858456,11277.6,98.88065915052024,249.92926357636557
2024-07-26 14:45:15+00:00,AAL1347,31.366973876953125,-90.28370576746325,11277.6,98.88065915052024,249.92926357636557
2024-07-26 14:45:16+00:00,AAL1347,31.36680473715572,-90.28240356445308,11277.6,98.88065915052024,249.92926357636557
2024-07-26 14:45:17+00:00,AAL1347,31.366287231445312,-90.27821260340072,11277.6,98.88065915052024,249.92926357636557
2024-07-26 14:45:18+00:00,AAL1347,31.365875244140625,-90.27541216681988,11277.6,98.88065915052024,249.92926357636557
2024-07-26 14:45:19+00:00,AAL1347,31.365554809570312,-90.2727732938879,11277.6,98.88065915052024,249.92926357636557
2024-07-26 14:45:20+00:00,AAL1347,31.365221961069917,-90.27048339843748,11277.6,98.88065915052024,249.92926357636557
2024-07-26 14:45:21+00:00,AAL1347,31.3648681640625,-90.26787252987134,11277.6,98.88065915052024,249.92926357636557
2024-07-26 14:45:22+00:00,AAL1347,31.364547729492188,-90.26528751148896,11277.6,98.88065915052024,249.92926357636557
2024-07-26 14:45:23+00:00,AAL1347,31.364151259600103,-90.26246337890626,11277.6,98.88065915052024,249.92926357636557
2024-07-26 14:45:24+00:00,AAL1347,31.363778841697563,-90.25960693359372,11277.6,98.88065915052024,249.92926357636557
2024-07-26 14:45:25+00:00,AAL1347,31.363546080508478,-90.2580139160156,11277.6,98.88065915052024,249.92926357636557
2024-07-26 14:45:26+00:00,AAL1347,31.363265991210938,-90.2557014016544,11277.6,98.88065915052024,249.92926357636557
2024-07-26 14:45:27+00:00,AAL1347,31.36285400390625,-90.2526316923254,11277.6,98.88065915052024,249.92926357636557
2024-07-26 14:45:28+00:00,AAL1347,31.362428826800848,-90.24949951171874,11277.6,98.88065915052024,249.92926357636557
2024-07-26 14:45:29+00:00,AAL1347,31.36212158203125,-90.2471923828125,11277.6,98.88065915052024,249.92926357636557
2024-07-26 14:45:30+00:00,AAL1347,31.36175537109375,-90.24460736443018,11277.6,98.88065915052024,249.92926357636557
2024-07-26 14:45:31+00:00,AAL1347,31.361404677568853,-90.24197387695312,11277.6,98.88065915052024,249.92926357636557
2024-07-26 14:45:32+00:00,AAL1347,31.36107881190413,-90.23939208984376,11277.6,98.88065915052024,249.92926357636557
2024-07-26 14:45:33+00:00,AAL1347,31.36070639400159,-90.23681030273434,11277.6,98.88065915052024,249.92926357636557
2024-07-26 14:45:34+00:00,AAL1347,31.36033397609905,-90.23395385742184,11277.6,98.898902727409,249.42099935747788
2024-07-26 14:45:35+00:00,AAL1347,31.36000811043432,-90.23137207031247,11277.6,98.898902727409,249.42099935747788
2024-07-26 14:45:36+00:00,AAL1347,31.359695434570312,-90.22904339958644,11277.6,98.898902727409,249.42099935747788
2024-07-26 14:45:37+00:00,AAL1347,31.359263274629235,-90.22593383789064,11277.6,98.898902727409,249.42099935747788
2024-07-26 14:45:38+00:00,AAL1347,31.35893740896451,-90.22335205078122,11269.98,98.898902727409,249.42099935747788
2024-07-26 14:45:39+00:00,AAL1347,31.35859680175781,-90.22101907169116,11277.6,98.898902727409,249.42099935747788
2024-07-26 14:45:40+00:00,AAL1347,31.358230590820312,-90.21816478056064,11277.6,98.898902727409,249.42099935747788
2024-07-26 14:45:41+00:00,AAL1347,31.35786437988281,-90.21557976217832,11269.98,98.898902727409,249.42099935747788
2024-07-26 14:45:42+00:00,AAL1347,31.357681274414062,-90.21407183478864,11269.98,98.898902727409,249.42099935747788
2024-07-26 14:45:43+00:00,AAL1347,31.357308080640887,-90.21148681640624,11269.98,98.898902727409,249.42099935747788
2024-07-26 14:45:44+00:00,AAL1347,31.356948852539062,-90.20863252527572,11269.98,98.898902727409,249.42099935747788
2024-07-26 14:45:45+00:00,AAL1347,31.35647014036017,-90.2052795410156,11269.98,98.898902727409,249.42099935747788
2024-07-26 14:45:46+00:00,AAL1347,31.35630798339844,-90.20394717945771,11269.98,98.898902727409,249.42099935747788
2024-07-26 14:45:47+00:00,AAL1347,31.35581840903072,-90.20033569335936,11269.98,98.898902727409,249.42099935747788
2024-07-26 14:45:48+00:00,AAL1347,31.355492543365997,-90.19775390625,11269.98,98.898902727409,249.42099935747788
2024-07-26 14:45:49+00:00,AAL1347,31.35521322993909,-90.19572143554689,11269.98,98.898902727409,249.42099935747788
2024-07-26 14:45:50+00:00,AAL1347,31.354840812036542,-90.19313964843748,11269.98,98.898902727409,249.42099935747788
2024-07-26 14:45:51+00:00,AAL1347,31.354476928710938,-90.19053739659928,11269.98,99.01561840193908,249.5010971268113
2024-07-26 14:45:52+00:00,AAL1347,31.354189080707098,-90.18819580078122,11269.98,99.01561840193908,249.5010971268113
2024-07-26 14:45:53+00:00,AAL1347,31.3538818359375,-90.18590590533093,11269.98,99.01561840193908,249.5010971268113
2024-07-26 14:45:54+00:00,AAL1347,31.35349079713983,-90.1833068847656,11277.6,99.01561840193908,249.5010971268113
2024-07-26 14:45:55+00:00,AAL1347,31.35296630859375,-90.179443359375,11269.98,99.01561840193908,249.5010971268113
2024-07-26 14:45:56+00:00,AAL1347,31.352691650390625,-90.17734303193936,11277.6,99.01561840193908,249.5010971268113
2024-07-26 14:45:57+00:00,AAL1347,31.352325439453125,-90.17454259535845,11269.98,99.03416878189816,248.99302179257828
2024-07-26 14:45:58+00:00,AAL1347,31.351959228515625,-90.17195757697613,11269.98,99.03416878189816,248.99302179257828
2024-07-26 14:45:59+00:00,AAL1347,31.3516845703125,-90.16985724954044,11277.6,99.03416878189816,248.99302179257828
2024-07-26 14:46:00+00:00,AAL1347,31.351302841962397,-90.1670471191406,11269.98,99.03416878189816,248.99302179257828
2024-07-26 14:46:01+00:00,AAL1347,31.35113525390625,-90.1657643037684,11269.98,99.03416878189816,248.99302179257828
2024-07-26 14:46:02+00:00,AAL1347,31.350651110632946,-90.162158203125,11277.6,99.03416878189816,248.99302179257828
2024-07-26 14:46:03+00:00,AAL1347,31.3502786927304,-90.15957641601562,11277.6,99.03416878189816,248.99302179257828
2024-07-26 14:46:04+00:00,AAL1347,31.34990627482786,-90.15671997070314,11277.6,99.03416878189816,248.99302179257828
2024-07-26 14:46:05+00:00,AAL1347,31.34953385692532,-90.15413818359372,11277.6,99.03416878189816,248.99302179257828
2024-07-26 14:46:06+00:00,AAL1347,31.34925842285156,-90.15181597541364,11277.6,99.03416878189816,248.99302179257828
2024-07-26 14:46:07+00:00,AAL1347,31.34893798828125,-90.1497695025276,11277.6,99.03416878189816,248.99302179257828
2024-07-26 14:46:08+00:00,AAL1347,31.34841660321769,-90.14562377929684,11277.6,99.03416878189816,248.99302179257828
2024-07-26 14:46:09+00:00,AAL1347,31.348276946504235,-90.144580078125,11277.6,99.03416878189816,248.99302179257828
2024-07-26 14:46:11+00:00,AAL1347,31.347532110699152,-90.13919677734371,11277.6,99.03416878189816,248.99302179257828
2024-07-26 14:46:12+00:00,AAL1347,31.347152709960938,-90.13635971966914,11277.6,98.91722080691495,248.9127605294671
2024-07-26 14:46:13+00:00,AAL1347,31.34678649902344,-90.13377470128675,11277.6,98.91722080691495,248.9127605294671
2024-07-26 14:46:14+00:00,AAL1347,31.346420288085938,-90.1311896829044,11277.6,98.91722080691495,248.9127605294671
2024-07-26 14:46:15+00:00,AAL1347,31.34605407714844,-90.12833539177392,11269.98,98.91722080691495,248.9127605294671
2024-07-26 14:46:16+00:00,AAL1347,31.34567002118644,-90.12551879882812,11269.98,98.91722080691495,248.9127605294671
2024-07-26 14:46:17+00:00,AAL1347,31.345367431640625,-90.12316535500918,11269.98,98.91722080691495,248.9127605294671
2024-07-26 14:46:18+00:00,AAL1347,31.344955444335938,-90.12036491842832,11269.98,98.91722080691495,248.9127605294671
2024-07-26 14:46:19+00:00,AAL1347,31.344645871954448,-90.1180480957031,11269.98,98.91722080691495,248.9127605294671
2024-07-26 14:46:20+00:00,AAL1347,31.344320006289724,-90.11546630859374,11269.98,98.91722080691495,248.9127605294671
2024-07-26 14:46:21+00:00,AAL1347,31.34394758838718,-90.11260986328124,11269.98,98.91722080691495,248.9127605294671
2024-07-26 14:46:22+00:00,AAL1347,31.3436279296875,-90.11029411764709,11269.98,98.91722080691495,248.9127605294671
2024-07-26 14:46:23+00:00,AAL1347,31.343295857057733,-90.10799560546872,11269.98,98.91722080691495,248.9127605294671
2024-07-26 14:46:24+00:00,AAL1347,31.34292343915519,-90.10513916015624,11269.98,98.91722080691495,248.9127605294671
2024-07-26 14:46:25+00:00,AAL1347,31.34264412572828,-90.10310668945311,11269.98,98.91722080691495,248.9127605294671
2024-07-26 14:46:26+00:00,AAL1347,31.342132051112287,-90.09948120117184,11269.98,98.91722080691495,248.9127605294671
2024-07-26 14:46:27+00:00,AAL1347,31.34197998046875,-90.0981768439798,11277.6,99.03416878189816,248.99302179257828
2024-07-26 14:46:28+00:00,AAL1347,31.341573424258478,-90.09508666992184,11277.6,99.03416878189816,248.99302179257828
2024-07-26 14:46:29+00:00,AAL1347,31.34115445411811,-90.09201049804688,11277.6,99.03416878189816,248.99302179257828
2024-07-26 14:46:30+00:00,AAL1347,31.340835571289062,-90.0896678251379,11277.6,98.91722080691495,248.9127605294671
2024-07-26 14:46:31+00:00,AAL1347,31.34051513671875,-90.08735207950366,11277.6,98.91722080691495,248.9127605294671
2024-07-26 14:46:32+00:00,AAL1347,31.34013030488612,-90.08453979492184,11277.6,98.93561384258176,248.4045472481833
2024-07-26 14:46:33+00:00,AAL1347,31.339828491210938,-90.08223589728864,11277.6,98.93561384258176,248.4045472481833
2024-07-26 14:46:34+00:00,AAL1347,31.339478573556672,-90.07965087890624,11277.6,98.93561384258176,248.4045472481833
2024-07-26 14:46:35+00:00,AAL1347,31.339096069335938,-90.07679658777572,11277.6,98.93561384258176,248.4045472481833
2024-07-26 14:46:36+00:00,AAL1347,31.33872985839844,-90.0742115693934,11277.6,98.93561384258176,248.4045472481833
2024-07-26 14:46:37+00:00,AAL1347,31.33840787208686,-90.0719055175781,11277.6,99.0527950195452,248.4849726655004
2024-07-26 14:46:38+00:00,AAL1347,31.33826821537341,-90.07086181640625,11277.6,99.0527950195452,248.4849726655004
2024-07-26 14:46:39+00:00,AAL1347,31.337905883789062,-90.06834142348345,11277.6,99.0527950195452,248.4849726655004
2024-07-26 14:46:41+00:00,AAL1347,31.33701130495233,-90.06190795898436,11277.6,99.0527950195452,248.4849726655004
2024-07-26 14:46:42+00:00,AAL1347,31.336669921875,-90.05929385914521,11277.6,99.0527950195452,248.4849726655004
2024-07-26 14:46:43+00:00,AAL1347,31.336349487304688,-90.0567626953125,11277.6,99.0527950195452,248.4849726655004
2024-07-26 14:46:44+00:00,AAL1347,31.336033707958155,-90.05443725585934,11277.6,99.0527950195452,248.4849726655004
2024-07-26 14:46:45+00:00,AAL1347,31.335617065429688,-90.0515926585478,11277.6,99.0527950195452,248.4849726655004
2024-07-26 14:46:46+00:00,AAL1347,31.335250854492188,-90.04879222196689,11277.6,99.0527950195452,248.4849726655004
2024-07-26 14:46:47+00:00,AAL1347,31.334776797537074,-90.04542846679686,11277.6,99.0527950195452,248.4849726655004
2024-07-26 14:46:48+00:00,AAL1347,31.334590588585804,-90.04389038085935,11277.6,99.0527950195452,248.4849726655004
2024-07-26 14:46:49+00:00,AAL1347,31.33445093187235,-90.0428466796875,11277.6,99.0527950195452,248.4849726655004
2024-07-26 14:46:50+00:00,AAL1347,31.333740234375,-90.03769818474268,11277.6,99.0527950195452,248.4849726655004
2024-07-26 14:46:51+00:00,AAL1347,31.33360290527344,-90.03667494829966,11277.6,99.0527950195452,248.4849726655004
2024-07-26 14:46:52+00:00,AAL1347,31.3330078125,-90.03257446289064,11277.6,99.0527950195452,248.4849726655004
2024-07-26 14:46:53+00:00,AAL1347,31.332687377929688,-90.03026625689341,11269.98,99.0527950195452,248.4849726655004
2024-07-26 14:46:54+00:00,AAL1347,31.33236694335937,-90.02768123851104,11277.6,99.0527950195452,248.4849726655004
2024-07-26 14:46:55+00:00,AAL1347,31.33198366326801,-90.02510375976561,11277.6,99.16989987714555,248.5664367786453
2024-07-26 14:46:56+00:00,AAL1347,31.33168029785156,-90.02278047449448,11269.98,99.16989987714555,248.5664367786453
2024-07-26 14:46:57+00:00,AAL1347,31.33140563964844,-90.02073400160845,11269.98,99.16989987714555,248.5664367786453
2024-07-26 14:46:58+00:00,AAL1347,31.330959514036017,-90.01763305664059,11269.98,99.16989987714555,248.5664367786453
2024-07-26 14:46:59+00:00,AAL1347,31.33063364837129,-90.01505126953123,11269.98,99.16989987714555,248.5664367786453
2024-07-26 14:47:00+00:00,AAL1347,31.330307006835938,-90.0127635282629,11269.98,99.16989987714555,248.5664367786453
2024-07-26 14:47:01+00:00,AAL1347,31.32989501953125,-90.00990923713238,11269.98,99.16989987714555,248.5664367786453
2024-07-26 14:47:02+00:00,AAL1347,31.32952880859375,-90.00737807329966,11269.98,99.16989987714555,248.5664367786453
2024-07-26 14:47:03+00:00,AAL1347,31.329254150390625,-90.00527774586396,11269.98,99.16989987714555,248.5664367786453
2024-07-26 14:47:04+00:00,AAL1347,31.32879638671875,-90.00193876378677,11269.98,99.16989987714555,248.5664367786453
2024-07-26 14:47:05+00:00,AAL1347,31.328445693193853,-89.99967041015623,11269.98,99.16989987714555,248.5664367786453
2024-07-26 14:47:06+00:00,AAL1347,31.32811982752913,-89.99708862304686,11269.98,99.18883607735876,248.0585808579612
2024-07-26 14:47:07+00:00,AAL1347,31.32774740962659,-89.9945068359375,11269.98,99.18883607735876,248.0585808579612
2024-07-26 14:47:08+00:00,AAL1347,31.32737499172405,-89.9917053222656,11269.98,99.18883607735876,248.0585808579612
2024-07-26 14:47:09+00:00,AAL1347,31.327002573821503,-89.98912353515624,11269.98,99.18883607735876,248.0585808579612
2024-07-26 14:47:10+00:00,AAL1347,31.32663015591896,-89.98654174804688,11269.98,99.18883607735876,248.0585808579612
2024-07-26 14:47:11+00:00,AAL1347,31.326304290254235,-89.98423461914064,11269.98,99.18883607735876,248.0585808579612
2024-07-26 14:47:12+00:00,AAL1347,31.326004028320312,-89.98190487132354,11269.98,99.18883607735876,248.0585808579612
2024-07-26 14:47:13+00:00,AAL1347,31.325699111162603,-89.9796203613281,11269.98,99.18883607735876,248.0585808579612
2024-07-26 14:47:14+00:00,AAL1347,31.325280141022244,-89.97676391601561,11269.98,99.18883607735876,248.0585808579612
2024-07-26 14:47:15+00:00,AAL1347,31.324951171875,-89.97447294347427,11269.98,99.18883607735876,248.0585808579612
2024-07-26 14:47:16+00:00,AAL1347,31.32476806640625,-89.97291116153491,11269.98,99.18883607735876,248.0585808579612
2024-07-26 14:47:17+00:00,AAL1347,31.32417297363281,-89.9688182157629,11269.98,99.18883607735876,248.0585808579612
2024-07-26 14:47:18+00:00,AAL1347,31.323837021649894,-89.96627197265622,11277.6,99.18883607735876,248.0585808579612
2024-07-26 14:47:19+00:00,AAL1347,31.32346460374735,-89.96369018554685,11277.6,99.18883607735876,248.0585808579612
2024-07-26 14:47:20+00:00,AAL1347,31.323092185844807,-89.96110839843749,11277.6,99.18883607735876,248.0585808579612
2024-07-26 14:47:21+00:00,AAL1347,31.32275390625,-89.95853199678311,11277.6,99.18883607735876,248.0585808579612
2024-07-26 14:47:23+00:00,AAL1347,31.322021484375,-89.95341581456802,11277.6,99.18883607735876,248.0585808579612
2024-07-26 14:47:24+00:00,AAL1347,31.3216552734375,-89.9505615234375,11277.6,99.18883607735876,248.0585808579612
2024-07-26 14:47:25+00:00,AAL1347,31.3212890625,-89.94803035960479,11277.6,99.18883607735876,248.0585808579612
2024-07-26 14:47:26+00:00,AAL1347,31.32095078290519,-89.94572753906249,11277.6,99.18883607735876,248.0585808579612
2024-07-26 14:47:27+00:00,AAL1347,31.32057836500265,-89.94287109375,11277.6,99.18883607735876,248.0585808579612
2024-07-26 14:47:28+00:00,AAL1347,31.320205947100103,-89.94028930664064,11277.6,99.18883607735876,248.0585808579612
2024-07-26 14:47:29+00:00,AAL1347,31.3199266336732,-89.93825683593747,11277.6,99.18883607735876,248.0585808579612
2024-07-26 14:47:30+00:00,AAL1347,31.319595336914062,-89.93596694048716,11277.6,99.18883607735876,248.0585808579612
2024-07-26 14:47:31+00:00,AAL1347,31.31927490234375,-89.93336791992186,11277.6,99.18883607735876,248.0585808579612
2024-07-26 14:47:32+00:00,AAL1347,31.318902484441207,-89.9307861328125,11277.6,99.18883607735876,248.0585808579612
2024-07-26 14:47:33+00:00,AAL1347,31.31839040982521,-89.92721557617188,11277.6,99.18883607735876,248.0585808579612
2024-07-26 14:47:34+00:00,AAL1347,31.318111096398304,-89.92518310546876,11277.6,99.18883607735876,248.0585808579612
2024-07-26 14:47:35+00:00,AAL1347,31.31776428222656,-89.92261101217832,11277.6,99.18883607735876,248.0585808579612
2024-07-26 14:47:36+00:00,AAL1347,31.317459365068853,-89.9202941894531,11277.6,99.18883607735876,248.0585808579612
2024-07-26 14:47:37+00:00,AAL1347,31.317086947166317,-89.91771240234374,11277.6,99.18883607735876,248.0585808579612
2024-07-26 14:47:38+00:00,AAL1347,31.31671452926377,-89.91491088867184,11277.6,99.18883607735876,248.0585808579612
2024-07-26 14:47:39+00:00,AAL1347,31.316342111361227,-89.91232910156248,11277.6,99.18883607735876,248.0585808579612
2024-07-26 14:47:40+00:00,AAL1347,31.315969693458683,-89.90974731445311,11277.6,99.18883607735876,248.0585808579612
2024-07-26 14:47:41+00:00,AAL1347,31.31564382779396,-89.90716552734375,11277.6,99.18883607735876,248.0585808579612
2024-07-26 14:47:42+00:00,AAL1347,31.315475463867188,-89.90591610179229,11277.6,99.18883607735876,248.0585808579612
2024-07-26 14:47:43+00:00,AAL1347,31.31489899198888,-89.90178222656249,11277.6,99.18883607735876,248.0585808579612
2024-07-26 14:47:44+00:00,AAL1347,31.314666230799787,-89.90024414062498,11277.6,99.18883607735876,248.0585808579612
2024-07-26 14:47:45+00:00,AAL1347,31.31410217285156,-89.89611457375918,11277.6,99.18883607735876,248.0585808579612
2024-07-26 14:47:46+00:00,AAL1347,31.31396484375,-89.89509133731616,11277.6,99.18883607735876,248.0585808579612
2024-07-26 14:47:47+00:00,AAL1347,31.31350242485434,-89.89178466796875,11277.6,99.18883607735876,248.0585808579612
2024-07-26 14:47:48+00:00,AAL1347,31.313269663665253,-89.88997192382811,11277.6,99.18883607735876,248.0585808579612
2024-07-26 14:47:49+00:00,AAL1347,31.312728881835938,-89.88609762752759,11277.6,99.18883607735876,248.0585808579612
2024-07-26 14:47:50+00:00,AAL1347,31.31252482786017,-89.88486328124998,11277.6,99.18883607735876,248.0585808579612
2024-07-26 14:47:51+00:00,AAL1347,31.312088012695312,-89.88173540900738,11277.6,99.18883607735876,248.0585808579612
2024-07-26 14:47:52+00:00,AAL1347,31.311767578125,-89.87920424517466,11269.98,99.18883607735876,248.0585808579612
2024-07-26 14:47:53+00:00,AAL1347,31.31163024902344,-89.87818100873164,11269.98,99.18883607735876,248.0585808579612
2024-07-26 14:47:54+00:00,AAL1347,31.311080932617188,-89.87430348115811,11277.6,99.18883607735876,248.0585808579612
2024-07-26 14:47:55+00:00,AAL1347,31.310714721679688,-89.8717723173254,11277.6,99.18883607735876,248.0585808579612
2024-07-26 14:47:56+00:00,AAL1347,31.310336872682733,-89.86893310546873,11277.6,99.18883607735876,248.0585808579612
2024-07-26 14:47:57+00:00,AAL1347,31.310104111493644,-89.86739501953122,11269.98,99.18883607735876,248.0585808579612
2024-07-26 14:47:58+00:00,AAL1347,31.30952453613281,-89.86326329848345,11277.6,99.18883607735876,248.0585808579612
2024-07-26 14:47:59+00:00,AAL1347,31.309126514499468,-89.8604736328125,11277.6,99.18883607735876,248.0585808579612
2024-07-26 14:48:00+00:00,AAL1347,31.30879211425781,-89.85787784352021,11269.98,99.18883607735876,248.0585808579612
2024-07-26 14:48:01+00:00,AAL1347,31.30847478317002,-89.85558471679684,11269.98,99.18883607735876,248.0585808579612
2024-07-26 14:48:02+00:00,AAL1347,31.30810236526748,-89.85300292968748,11277.6,99.18883607735876,248.0585808579612
2024-07-26 14:48:03+00:00,AAL1347,31.307785034179688,-89.85071518841914,11277.6,99.30609688417393,248.14125149757297
2024-07-26 14:48:04+00:00,AAL1347,31.30740408170021,-89.84811401367188,11277.6,99.30609688417393,248.14125149757297
2024-07-26 14:48:05+00:00,AAL1347,31.307078216035485,-89.8455871582031,11277.6,99.30609688417393,248.14125149757297
2024-07-26 14:48:06+00:00,AAL1347,31.306705798132946,-89.84300537109374,11277.6,99.30609688417393,248.14125149757297
2024-07-26 14:48:07+00:00,AAL1347,31.3063333802304,-89.84042358398438,11277.6,99.18883607735876,248.0585808579612
2024-07-26 14:48:08+00:00,AAL1347,31.30596096232786,-89.83762207031248,11277.6,99.18883607735876,248.0585808579612
2024-07-26 14:48:09+00:00,AAL1347,31.30558854442532,-89.83504028320311,11269.98,99.18883607735876,248.0585808579612
2024-07-26 14:48:10+00:00,AAL1347,31.30526733398437,-89.83272776884189,11277.6,99.18883607735876,248.0585808579612
2024-07-26 14:48:11+00:00,AAL1347,31.304901123046875,-89.83014275045957,11277.6,99.18883607735876,248.0585808579612
2024-07-26 14:48:12+00:00,AAL1347,31.304443359375,-89.82680376838238,11277.6,99.18883607735876,248.0585808579612
2024-07-26 14:48:13+00:00,AAL1347,31.304168701171875,-89.82475729549634,11277.6,99.18883607735876,248.0585808579612
2024-07-26 14:48:14+00:00,AAL1347,31.30389404296875,-89.8227108226103,11277.6,99.18883607735876,248.0585808579612
2024-07-26 14:48:15+00:00,AAL1347,31.30352783203125,-89.82012580422793,11277.6,99.18883607735876,248.0585808579612
2024-07-26 14:48:16+00:00,AAL1347,31.30311584472656,-89.81732536764707,11277.6,99.18883607735876,248.0585808579612
2024-07-26 14:48:17+00:00,AAL1347,31.30279541015625,-89.81504516601564,11277.6,99.18883607735876,248.0585808579612
2024-07-26 14:48:18+00:00,AAL1347,31.30242919921875,-89.81220918543198,11277.6,99.18883607735876,248.0585808579612
2024-07-26 14:48:19+00:00,AAL1347,31.302050574351163,-89.80960693359373,11277.6,99.18883607735876,248.0585808579612
2024-07-26 14:48:20+00:00,AAL1347,31.30167815644862,-89.80708007812501,11277.6,99.18883607735876,248.0585808579612
2024-07-26 14:48:21+00:00,AAL1347,31.30137634277344,-89.80477725758271,11277.6,99.18883607735876,248.0585808579612
2024-07-26 14:48:22+00:00,AAL1347,31.30096435546875,-89.8019229664522,11277.6,99.18883607735876,248.0585808579612
2024-07-26 14:48:23+00:00,AAL1347,31.300689697265625,-89.79987649356616,11277.6,99.18883607735876,248.0585808579612
2024-07-26 14:48:24+00:00,AAL1347,31.30028158931409,-89.79702758789062,11277.6,99.18883607735876,248.0585808579612
2024-07-26 14:48:25+00:00,AAL1347,31.29991149902344,-89.79422176585479,11269.98,99.18883607735876,248.0585808579612
2024-07-26 14:48:26+00:00,AAL1347,31.299774169921875,-89.79319852941177,11269.98,99.18883607735876,248.0585808579612
2024-07-26 14:48:27+00:00,AAL1347,31.299224853515625,-89.7893748563879,11269.98,99.18883607735876,248.0585808579612
2024-07-26 14:48:28+00:00,AAL1347,31.29893157441737,-89.78703002929689,11269.98,99.18883607735876,248.0585808579612
2024-07-26 14:48:29+00:00,AAL1347,31.29851260427701,-89.78422851562499,11269.98,99.18883607735876,248.0585808579612
2024-07-26 14:48:30+00:00,AAL1347,31.29837294756356,-89.78318481445314,11269.98,99.18883607735876,248.0585808579612
2024-07-26 14:48:31+00:00,AAL1347,31.29772121623411,-89.7785705566406,11269.98,99.18883607735876,248.0585808579612
2024-07-26 14:48:32+00:00,AAL1347,31.29748845504502,-89.77675781249997,11277.6,99.18883607735876,248.0585808579612
2024-07-26 14:48:33+00:00,AAL1347,31.29711603714248,-89.77423095703125,11269.98,99.18883607735876,248.0585808579612
2024-07-26 14:48:34+00:00,AAL1347,31.296798706054688,-89.77187212775738,11277.6,99.18883607735876,248.0585808579612
2024-07-26 14:48:35+00:00,AAL1347,31.296432495117188,-89.76934096392466,11277.6,99.18883607735876,248.0585808579612
2024-07-26 14:48:36+00:00,AAL1347,31.296066284179688,-89.76648667279414,11277.6,99.18883607735876,248.0585808579612
2024-07-26 14:48:37+00:00,AAL1347,31.295700073242188,-89.76395550896143,11269.98,99.18883607735876,248.0585808579612
2024-07-26 14:48:38+00:00,AAL1347,31.295333862304688,-89.76137049057905,11277.6,99.18883607735876,248.0585808579612
2024-07-26 14:48:39+00:00,AAL1347,31.29497463420286,-89.7587951660156,11269.98,99.18883607735876,248.0585808579612
2024-07-26 14:48:40+00:00,AAL1347,31.29460221630032,-89.75626831054689,11277.6,99.18883607735876,248.0585808579612
2024-07-26 14:48:41+00:00,AAL1347,31.29427635063559,-89.75368652343747,11277.6,99.18883607735876,248.0585808579612
2024-07-26 14:48:42+00:00,AAL1347,31.29371772378178,-89.74984130859372,11277.6,99.18883607735876,248.0585808579612
2024-07-26 14:48:43+00:00,AAL1347,31.293578067068324,-89.74879760742186,11277.6,99.18883607735876,248.0585808579612
2024-07-26 14:48:44+00:00,AAL1347,31.293182373046875,-89.74596808938418,11269.98,99.18883607735876,248.0585808579612
2024-07-26 14:48:45+00:00,AAL1347,31.29283323126324,-89.7434143066406,11277.6,99.18883607735876,248.0585808579612
2024-07-26 14:48:46+00:00,AAL1347,31.2923583984375,-89.74009794347427,11269.98,99.18883607735876,248.0585808579612
2024-07-26 14:48:47+00:00,AAL1347,31.29218149993379,-89.73880004882812,11269.98,99.18883607735876,248.0585808579612
2024-07-26 14:48:48+00:00,AAL1347,31.29176252979343,-89.7357238769531,11269.98,99.18883607735876,248.0585808579612
2024-07-26 14:48:49+00:00,AAL1347,31.291250455177437,-89.73187866210935,11269.98,99.18883607735876,248.0585808579612
2024-07-26 14:48:50+00:00,AAL1347,31.291017693988348,-89.73034057617184,11277.6,99.20784997157266,247.5507521437924
2024-07-26 14:48:51+00:00,AAL1347,31.29071044921875,-89.72803452435664,11269.98,99.20784997157266,247.5507521437924
2024-07-26 14:48:52+00:00,AAL1347,31.29034423828125,-89.72544950597427,11269.98,99.20784997157266,247.5507521437924
2024-07-26 14:48:53+00:00,AAL1347,31.28990044028072,-89.72237548828122,11269.98,99.20784997157266,247.5507521437924
2024-07-26 14:48:54+00:00,AAL1347,31.28961181640625,-89.72006405101104,11269.98,99.20784997157266,247.5507521437924
2024-07-26 14:48:55+00:00,AAL1347,31.28929526118909,-89.71776123046874,11269.98,99.20784997157266,247.5507521437924
2024-07-26 14:48:56+00:00,AAL1347,31.288833618164062,-89.71473245059741,11277.6,99.20784997157266,247.5507521437924
2024-07-26 14:48:57+00:00,AAL1347,31.28846740722656,-89.71214743221509,11277.6,99.20784997157266,247.5507521437924
2024-07-26 14:48:58+00:00,AAL1347,31.288084903005824,-89.70930175781251,11277.6,99.20784997157266,247.5507521437924
2024-07-26 14:48:59+00:00,AAL1347,31.28778076171875,-89.70703125,11277.6,99.20784997157266,247.5507521437924
2024-07-26 14:49:00+00:00,AAL1347,31.287368774414062,-89.70423081341914,11277.6,99.20784997157266,247.5507521437924
2024-07-26 14:49:01+00:00,AAL1347,31.287060753773837,-89.70188598632814,11277.6,99.20784997157266,247.5507521437924
2024-07-26 14:49:02+00:00,AAL1347,31.28668833587129,-89.69935913085936,11277.6,99.20784997157266,247.5507521437924
2024-07-26 14:49:03+00:00,AAL1347,31.28631591796875,-89.69650268554688,11277.6,99.20784997157266,247.5507521437924
2024-07-26 14:49:04+00:00,AAL1347,31.28599548339844,-89.6942138671875,11277.6,99.20784997157266,247.5507521437924
2024-07-26 14:49:05+00:00,AAL1347,31.2856641866393,-89.69194335937499,11277.6,99.20784997157266,247.5507521437924
2024-07-26 14:49:06+00:00,AAL1347,31.285308837890625,-89.68936695772061,11277.6,99.20784997157266,247.5507521437924
2024-07-26 14:49:07+00:00,AAL1347,31.284942626953125,-89.68678193933823,11277.6,99.20784997157266,247.5507521437924
2024-07-26 14:49:08+00:00,AAL1347,31.284576416015625,-89.68425077550552,11277.6,99.20784997157266,247.5507521437924
2024-07-26 14:49:09+00:00,AAL1347,31.284267619504767,-89.68194580078125,11277.6,99.20784997157266,247.5507521437924
2024-07-26 14:49:10+00:00,AAL1347,31.283895201602224,-89.67914428710935,11269.98,99.20784997157266,247.5507521437924
2024-07-26 14:49:11+00:00,AAL1347,31.283477783203125,-89.67628030215991,11277.6,99.20784997157266,247.5507521437924
2024-07-26 14:49:12+00:00,AAL1347,31.283111572265625,-89.6737491383272,11277.6,99.20784997157266,247.5507521437924
2024-07-26 14:49:13+00:00,AAL1347,31.282745361328125,-89.67094870174634,11277.6,99.20784997157266,247.5507521437924
2024-07-26 14:49:14+00:00,AAL1347,31.282379150390625,-89.66836368336396,11277.6,99.20784997157266,247.5507521437924
2024-07-26 14:49:16+00:00,AAL1347,31.281800350900426,-89.66425781250001,11277.6,99.20784997157266,247.5507521437924
2024-07-26 14:49:17+00:00,AAL1347,31.281417846679688,-89.66147030101104,11277.6,99.22694203471652,247.04295080391847
2024-07-26 14:49:18+00:00,AAL1347,31.281051635742188,-89.65888528262866,11277.6,99.22694203471652,247.04295080391847
2024-07-26 14:49:19+00:00,AAL1347,31.280869306144066,-89.65761108398436,11277.6,99.22694203471652,247.04295080391847
2024-07-26 14:49:20+00:00,AAL1347,31.28022766113281,-89.65301513671875,11277.6,99.34467190209968,247.1259612008082
2024-07-26 14:49:21+00:00,AAL1347,31.279891709149894,-89.65074462890624,11277.6,99.34467190209968,247.1259612008082
2024-07-26 14:49:22+00:00,AAL1347,31.27951929124735,-89.64816284179688,11277.6,99.34467190209968,247.1259612008082
2024-07-26 14:49:23+00:00,AAL1347,31.27923997782044,-89.64585571289064,11277.6,99.34467190209968,247.1259612008082
2024-07-26 14:49:24+00:00,AAL1347,31.278867559917902,-89.64332885742186,11269.98,99.34467190209968,247.1259612008082
2024-07-26 14:49:25+00:00,AAL1347,31.27849514201536,-89.6407470703125,11277.6,99.34467190209968,247.1259612008082
2024-07-26 14:49:26+00:00,AAL1347,31.278122724112816,-89.6379455566406,11269.98,99.34467190209968,247.1259612008082
2024-07-26 14:49:27+00:00,AAL1347,31.27779685844809,-89.63591308593749,11269.98,99.34467190209968,247.1259612008082
2024-07-26 14:49:28+00:00,AAL1347,31.277377888307733,-89.63283691406247,11269.98,99.34467190209968,247.1259612008082
2024-07-26 14:49:29+00:00,AAL1347,31.27700547040519,-89.6302551269531,11269.98,99.34467190209968,247.1259612008082
2024-07-26 14:49:30+00:00,AAL1347,31.276657104492188,-89.62770349839155,11269.98,99.34467190209968,247.1259612008082
2024-07-26 14:49:31+00:00,AAL1347,31.276260634600103,-89.62492675781249,11269.98,99.34467190209968,247.1259612008082
2024-07-26 14:49:32+00:00,AAL1347,31.275924682617188,-89.62258731617646,11269.98,99.34467190209968,247.1259612008082
2024-07-26 14:49:33+00:00,AAL1347,31.275558471679688,-89.61978687959561,11269.98,99.34467190209968,247.1259612008082
2024-07-26 14:49:34+00:00,AAL1347,31.27514338089248,-89.61696166992186,11269.98,99.34467190209968,247.1259612008082
2024-07-26 14:49:35+00:00,AAL1347,31.274826049804688,-89.61467069738052,11269.98,99.22694203471652,247.04295080391847
2024-07-26 14:49:36+00:00,AAL1347,31.27449164956303,-89.61212768554685,11269.98,99.22694203471652,247.04295080391847
2024-07-26 14:49:37+00:00,AAL1347,31.274093627929688,-89.60933909696689,11269.98,99.22694203471652,247.04295080391847
2024-07-26 14:49:38+00:00,AAL1347,31.273727416992188,-89.60675407858457,11269.98,99.22694203471652,247.04295080391847
2024-07-26 14:49:39+00:00,AAL1347,31.27349853515625,-89.60524615119488,11269.98,99.22694203471652,247.04295080391847
2024-07-26 14:49:40+00:00,AAL1347,31.27300197795286,-89.60163574218751,11269.98,99.22694203471652,247.04295080391847
2024-07-26 14:49:41+00:00,AAL1347,31.27272266452595,-89.59960327148434,11269.98,99.22694203471652,247.04295080391847
2024-07-26 14:49:42+00:00,AAL1347,31.27239990234375,-89.59732953239893,11269.98,99.22694203471652,247.04295080391847
2024-07-26 14:49:43+00:00,AAL1347,31.27207946777344,-89.5950137867647,11269.98,99.22694203471652,247.04295080391847
2024-07-26 14:49:44+00:00,AAL1347,31.27169851529396,-89.59218749999997,11269.98,99.22694203471652,247.04295080391847
2024-07-26 14:49:45+00:00,AAL1347,31.27134704589844,-89.58989760454966,11269.98,99.22694203471652,247.04295080391847
2024-07-26 14:49:46+00:00,AAL1347,31.270980834960938,-89.58709716796875,11269.98,99.22694203471652,247.04295080391847
2024-07-26 14:49:47+00:00,AAL1347,31.270581261586333,-89.58427734374999,11269.98,99.22694203471652,247.04295080391847
2024-07-26 14:49:48+00:00,AAL1347,31.270301948159428,-89.58224487304688,11269.98,99.22694203471652,247.04295080391847
2024-07-26 14:49:49+00:00,AAL1347,31.269929530256885,-89.5797180175781,11269.98,99.24611274556324,246.53517700749217
2024-07-26 14:49:50+00:00,AAL1347,31.269370903403072,-89.57587280273435,11277.6,99.24611274556324,246.53517700749217
2024-07-26 14:49:51+00:00,AAL1347,31.269058227539062,-89.57357967601104,11277.6,99.24611274556324,246.53517700749217
2024-07-26 14:49:52+00:00,AAL1347,31.268905381024894,-89.57230224609373,11277.6,99.36407851227624,246.6183583183368
2024-07-26 14:49:53+00:00,AAL1347,31.268393306408896,-89.5687316894531,11277.6,99.36407851227624,246.6183583183368
2024-07-26 14:49:54+00:00,AAL1347,31.26811399298199,-89.56691894531247,11277.6,99.36407851227624,246.6183583183368
2024-07-26 14:49:55+00:00,AAL1347,31.267730712890625,-89.5641551298254,11277.6,99.36407851227624,246.6183583183368
2024-07-26 14:49:56+00:00,AAL1347,31.267415709414724,-89.56181030273439,11277.6,99.36407851227624,246.6183583183368
2024-07-26 14:49:57+00:00,AAL1347,31.26704329151218,-89.55900878906249,11277.6,99.36407851227624,246.6183583183368
2024-07-26 14:49:58+00:00,AAL1347,31.26667087360964,-89.55648193359372,11277.6,99.36407851227624,246.6183583183368
2024-07-26 14:49:59+00:00,AAL1347,31.266357421875,-89.55419203814341,11277.6,99.36407851227624,246.6183583183368
2024-07-26 14:50:00+00:00,AAL1347,31.265945434570312,-89.5513916015625,11277.6,99.36407851227624,246.6183583183368
2024-07-26 14:50:01+00:00,AAL1347,31.265533447265625,-89.54832189223345,11277.6,99.36407851227624,246.6183583183368
2024-07-26 14:50:02+00:00,AAL1347,31.265181201999468,-89.54604492187497,11277.6,99.36407851227624,246.6183583183368
2024-07-26 14:50:03+00:00,AAL1347,31.26494844081038,-89.54423217773439,11277.6,99.36407851227624,246.6183583183368
2024-07-26 14:50:04+00:00,AAL1347,31.264436366194385,-89.54066162109376,11277.6,99.36407851227624,246.6183583183368
2024-07-26 14:50:05+00:00,AAL1347,31.26411437988281,-89.53835880055146,11277.6,99.36407851227624,246.6183583183368
2024-07-26 14:50:06+00:00,AAL1347,31.26373808262712,-89.53582763671875,11277.6,99.36407851227624,246.6183583183368
2024-07-26 14:50:07+00:00,AAL1347,31.263336181640625,-89.5330272001379,11277.6,99.48196422971522,246.7025843448056
2024-07-26 14:50:08+00:00,AAL1347,31.262969970703125,-89.53049603630518,11277.6,99.48196422971522,246.7025843448056
2024-07-26 14:50:09+00:00,AAL1347,31.26262082891949,-89.52819213867184,11277.6,99.48196422971522,246.7025843448056
2024-07-26 14:50:10+00:00,AAL1347,31.262294963254767,-89.52561035156248,11277.6,99.48196422971522,246.7025843448056
2024-07-26 14:50:11+00:00,AAL1347,31.261875993114405,-89.52280883789064,11277.6,99.48196422971522,246.7025843448056
2024-07-26 14:50:12+00:00,AAL1347,31.261688232421875,-89.52155618106616,11277.6,99.48196422971522,246.7025843448056
2024-07-26 14:50:13+00:00,AAL1347,31.26113115730932,-89.5177001953125,11277.6,99.48196422971522,246.7025843448056
2024-07-26 14:50:14+00:00,AAL1347,31.26075873940678,-89.5148986816406,11277.6,99.48196422971522,246.7025843448056
2024-07-26 14:50:15+00:00,AAL1347,31.260406494140625,-89.5126163258272,11277.6,99.48196422971522,246.7025843448056
2024-07-26 14:50:16+00:00,AAL1347,31.26006045583951,-89.51033935546872,11277.6,99.48196422971522,246.7025843448056
2024-07-26 14:50:17+00:00,AAL1347,31.259734590174787,-89.50803222656248,11277.6,99.48196422971522,246.7025843448056
2024-07-26 14:50:18+00:00,AAL1347,31.259353637695312,-89.50523825252759,11277.6,99.48196422971522,246.7025843448056
2024-07-26 14:50:19+00:00,AAL1347,31.25898742675781,-89.50270708869488,11277.6,99.48196422971522,246.7025843448056
2024-07-26 14:50:20+00:00,AAL1347,31.258575439453125,-89.49990665211396,11277.6,99.48196422971522,246.7025843448056
2024-07-26 14:50:21+00:00,AAL1347,31.258151814088983,-89.49710083007812,11277.6,99.48196422971522,246.7025843448056
2024-07-26 14:50:22+00:00,AAL1347,31.25796560513771,-89.49556274414061,11277.6,99.48196422971522,246.7025843448056
2024-07-26 14:50:23+00:00,AAL1347,31.25759318723517,-89.49298095703125,11277.6,99.48196422971522,246.7025843448056
2024-07-26 14:50:24+00:00,AAL1347,31.2572021484375,-89.49042825137866,11277.6,99.48196422971522,246.7025843448056
2024-07-26 14:50:25+00:00,AAL1347,31.25669860839844,-89.48687385110293,11277.6,99.48196422971522,246.7025843448056
2024-07-26 14:50:26+00:00,AAL1347,31.256382829051905,-89.48457641601561,11277.6,99.48196422971522,246.7025843448056
2024-07-26 14:50:27+00:00,AAL1347,31.256011962890625,-89.48202694163604,11277.6,99.48196422971522,246.7025843448056
2024-07-26 14:50:28+00:00,AAL1347,31.25568454548464,-89.4797424316406,11277.6,99.48196422971522,246.7025843448056
2024-07-26 14:50:29+00:00,AAL1347,31.25532531738281,-89.47744930491729,11277.6,99.48196422971522,246.7025843448056
2024-07-26 14:50:30+00:00,AAL1347,31.2550048828125,-89.47513355928311,11277.6,99.48196422971522,246.7025843448056
2024-07-26 14:50:31+00:00,AAL1347,31.254638671875,-89.4726023954504,11277.6,99.48196422971522,246.7025843448056
2024-07-26 14:50:32+00:00,AAL1347,31.25414832163665,-89.46930541992185,11277.6,99.48196422971522,246.7025843448056
2024-07-26 14:50:33+00:00,AAL1347,31.25386047363281,-89.46700152228863,11277.6,99.48196422971522,246.7025843448056
2024-07-26 14:50:34+00:00,AAL1347,31.2534965903072,-89.46447143554684,11277.6,99.48196422971522,246.7025843448056
2024-07-26 14:50:35+00:00,AAL1347,31.25312417240466,-89.46188964843748,11269.98,99.48196422971522,246.7025843448056
2024-07-26 14:50:36+00:00,AAL1347,31.252761840820312,-89.45962344898896,11269.98,99.48196422971522,246.7025843448056
2024-07-26 14:50:37+00:00,AAL1347,31.25239562988281,-89.45682301240811,11277.6,99.48196422971522,246.7025843448056
2024-07-26 14:50:38+00:00,AAL1347,31.2520751953125,-89.45477653952207,11277.6,99.48196422971522,246.7025843448056
2024-07-26 14:50:39+00:00,AAL1347,31.251708984375,-89.45224537568936,11269.98,99.48196422971522,246.7025843448056
2024-07-26 14:50:40+00:00,AAL1347,31.2513427734375,-89.44944493910845,11269.98,99.48196422971522,246.7025843448056
2024-07-26 14:50:41+00:00,AAL1347,31.2509765625,-89.44685992072613,11269.98,99.48196422971522,246.7025843448056
2024-07-26 14:50:42+00:00,AAL1347,31.2506103515625,-89.44432875689341,11277.6,99.48196422971522,246.7025843448056
2024-07-26 14:50:43+00:00,AAL1347,31.25014482918432,-89.4412902832031,11277.6,99.48196422971522,246.7025843448056
2024-07-26 14:50:44+00:00,AAL1347,31.249832153320312,-89.43899715647979,11277.6,99.5016872169558,246.19518351883409
2024-07-26 14:50:45+00:00,AAL1347,31.24949309785487,-89.43667602539062,11277.6,99.5016872169558,246.19518351883409
2024-07-26 14:50:46+00:00,AAL1347,31.24912067995233,-89.43414916992185,11277.6,99.5016872169558,246.19518351883409
2024-07-26 14:50:47+00:00,AAL1347,31.248779296875,-89.43161908318018,11277.6,99.48196422971522,246.7025843448056
2024-07-26 14:50:48+00:00,AAL1347,31.248375844147244,-89.42876586914059,11277.6,99.48196422971522,246.7025843448056
2024-07-26 14:50:49+00:00,AAL1347,31.2480034262447,-89.42623901367188,11277.6,99.48196422971522,246.7025843448056
2024-07-26 14:50:50+00:00,AAL1347,31.247677560579977,-89.42393188476564,11277.6,99.36407851227624,246.6183583183368
2024-07-26 14:50:51+00:00,AAL1347,31.247360229492188,-89.42165599149814,11277.6,99.36407851227624,246.6183583183368
2024-07-26 14:50:52+00:00,AAL1347,31.24702582925053,-89.41937255859375,11277.6,99.36407851227624,246.6183583183368
2024-07-26 14:50:53+00:00,AAL1347,31.24658203125,-89.41632439108457,11277.6,99.36407851227624,246.6183583183368
2024-07-26 14:50:54+00:00,AAL1347,31.24614133673199,-89.41300048828123,11277.6,99.36407851227624,246.6183583183368
2024-07-26 14:50:55+00:00,AAL1347,31.245768918829448,-89.41047363281251,11277.6,99.36407851227624,246.6183583183368
2024-07-26 14:50:56+00:00,AAL1347,31.245574951171875,-89.40916173598345,11277.6,99.36407851227624,246.6183583183368
2024-07-26 14:50:57+00:00,AAL1347,31.2451171875,-89.4061340332031,11277.6,99.36407851227624,246.6183583183368
2024-07-26 14:50:58+00:00,AAL1347,31.244930978548727,-89.40459594726559,11277.6,99.48196422971522,246.7025843448056
2024-07-26 14:51:00+00:00,AAL1347,31.24424743652344,-89.3997371897978,11277.6,99.48196422971522,246.7025843448056
2024-07-26 14:51:01+00:00,AAL1347,31.24358096365201,-89.3951477050781,11277.6,99.48196422971522,246.7025843448056
2024-07-26 14:51:02+00:00,AAL1347,31.243377685546875,-89.3939208984375,11277.6,99.48196422971522,246.7025843448056
2024-07-26 14:51:03+00:00,AAL1347,31.242836127846928,-89.39009399414061,11269.98,99.5016872169558,246.19518351883409
2024-07-26 14:51:04+00:00,AAL1347,31.242645263671875,-89.38853544347427,11269.98,99.5016872169558,246.19518351883409
2024-07-26 14:51:05+00:00,AAL1347,31.24227905273437,-89.38600427964155,11269.98,99.5016872169558,246.19518351883409
2024-07-26 14:51:06+00:00,AAL1347,31.241912841796875,-89.38347311580884,11269.98,99.5016872169558,246.19518351883409
2024-07-26 14:51:07+00:00,AAL1347,31.241439560712397,-89.38042602539059,11269.98,99.5016872169558,246.19518351883409
2024-07-26 14:51:08+00:00,AAL1347,31.241160247285485,-89.37839355468748,11269.98,99.5016872169558,246.19518351883409
2024-07-26 14:51:09+00:00,AAL1347,31.240768432617188,-89.3755564970129,11269.98,99.5016872169558,246.19518351883409
2024-07-26 14:51:10+00:00,AAL1347,31.2404154114804,-89.37301025390622,11269.98,99.5016872169558,246.19518351883409
2024-07-26 14:51:11+00:00,AAL1347,31.24008178710937,-89.37070958754595,11269.98,99.5016872169558,246.19518351883409
2024-07-26 14:51:12+00:00,AAL1347,31.239715576171875,-89.36817842371323,11269.98,99.5016872169558,246.19518351883409
2024-07-26 14:51:13+00:00,AAL1347,31.23929815777277,-89.36537475585936,11269.98,99.5016872169558,246.19518351883409
2024-07-26 14:51:14+00:00,AAL1347,31.23915850105932,-89.3643859863281,11269.98,99.5016872169558,246.19518351883409
2024-07-26 14:51:15+00:00,AAL1347,31.238571166992188,-89.36031565946689,11277.6,99.5016872169558,246.19518351883409
2024-07-26 14:51:16+00:00,AAL1347,31.238227456302965,-89.35801391601564,11269.98,99.5016872169558,246.19518351883409
2024-07-26 14:51:17+00:00,AAL1347,31.23779296875,-89.35493020450366,11269.98,99.5016872169558,246.19518351883409
2024-07-26 14:51:18+00:00,AAL1347,31.23748262049788,-89.35263061523438,11277.6,99.5016872169558,246.19518351883409
2024-07-26 14:51:19+00:00,AAL1347,31.23715209960937,-89.35035256778491,11269.98,99.5016872169558,246.19518351883409
2024-07-26 14:51:20+00:00,AAL1347,31.23678433693061,-89.34779663085936,11269.98,99.5016872169558,246.19518351883409
2024-07-26 14:51:21+00:00,AAL1347,31.236411919028072,-89.34526977539059,11269.98,99.5016872169558,246.19518351883409
2024-07-26 14:51:22+00:00,AAL1347,31.2359619140625,-89.34195125804229,11269.98,99.5016872169558,246.19518351883409
2024-07-26 14:51:23+00:00,AAL1347,31.235641479492188,-89.33968936695771,11269.98,99.5016872169558,246.19518351883409
2024-07-26 14:51:24+00:00,AAL1347,31.235275268554688,-89.3371043485754,11269.98,99.5016872169558,246.19518351883409
2024-07-26 14:51:25+00:00,AAL1347,31.234922247417902,-89.33483276367184,11269.98,99.38356517238658,246.11078384560489
2024-07-26 14:51:26+00:00,AAL1347,31.23454982951536,-89.33230590820312,11269.98,99.38356517238658,246.11078384560489
2024-07-26 14:51:27+00:00,AAL1347,31.23422241210937,-89.32972627527573,11277.6,99.38356517238658,246.11078384560489
2024-07-26 14:51:28+00:00,AAL1347,31.233856201171875,-89.32719511144302,11277.6,99.38356517238658,246.11078384560489
2024-07-26 14:51:29+00:00,AAL1347,31.233525680283368,-89.32489013671875,11277.6,99.38356517238658,246.11078384560489
2024-07-26 14:51:30+00:00,AAL1347,31.23310671014301,-89.32208862304685,11277.6,99.38356517238658,246.11078384560489
2024-07-26 14:51:31+00:00,AAL1347,31.23278084447828,-89.31956176757814,11277.6,99.38356517238658,246.11078384560489
2024-07-26 14:51:32+00:00,AAL1347,31.232437133789062,-89.31728587431064,11277.6,99.38356517238658,246.11078384560489
2024-07-26 14:51:33+00:00,AAL1347,31.23193359375,-89.31373147403491,11277.6,99.265362586768,246.0274309250535
2024-07-26 14:51:34+00:00,AAL1347,31.23157048629502,-89.3111572265625,11277.6,99.265362586768,246.0274309250535
2024-07-26 14:51:35+00:00,AAL1347,31.23138427734375,-89.30990780101104,11277.6,99.265362586768,246.0274309250535
2024-07-26 14:51:36+00:00,AAL1347,31.23106384277344,-89.30737663717832,11277.6,99.265362586768,246.0274309250535
2024-07-26 14:51:37+00:00,AAL1347,31.23065185546875,-89.30457620059741,11277.6,99.265362586768,246.0274309250535
2024-07-26 14:51:38+00:00,AAL1347,31.230148315429688,-89.30096794577207,11277.6,99.265362586768,246.0274309250535
2024-07-26 14:51:39+00:00,AAL1347,31.22984805349576,-89.29868774414064,11277.6,99.265362586768,246.0274309250535
2024-07-26 14:51:40+00:00,AAL1347,31.229475635593214,-89.29616088867186,11277.6,99.265362586768,246.0274309250535
2024-07-26 14:51:41+00:00,AAL1347,31.22909545898437,-89.29358987247241,11277.6,99.265362586768,246.0274309250535
2024-07-26 14:51:42+00:00,AAL1347,31.22877735202595,-89.29132690429685,11277.6,99.265362586768,246.0274309250535
2024-07-26 14:51:43+00:00,AAL1347,31.228591918945312,-89.29003547219668,11277.6,99.265362586768,246.0274309250535
2024-07-26 14:51:44+00:00,AAL1347,31.228125620696503,-89.28649291992184,11277.6,99.265362586768,246.0274309250535
2024-07-26 14:51:45+00:00,AAL1347,31.22775320279396,-89.28396606445312,11277.6,99.265362586768,246.0274309250535
2024-07-26 14:51:46+00:00,AAL1347,31.22747388936705,-89.28193359375001,11277.6,99.265362586768,246.0274309250535
2024-07-26 14:51:47+00:00,AAL1347,31.22694396972656,-89.27807976217832,11277.6,99.265362586768,246.0274309250535
2024-07-26 14:51:48+00:00,AAL1347,31.22676086425781,-89.27684110753677,11277.6,99.265362586768,246.0274309250535
2024-07-26 14:51:49+00:00,AAL1347,31.22616577148437,-89.2727481617647,11277.6,99.38356517238658,246.11078384560489
2024-07-26 14:51:50+00:00,AAL1347,31.22602844238281,-89.27172492532168,11277.6,99.38356517238658,246.11078384560489
2024-07-26 14:51:51+00:00,AAL1347,31.22561179985434,-89.26869506835936,11277.6,99.38356517238658,246.11078384560489
2024-07-26 14:51:52+00:00,AAL1347,31.2252393819518,-89.26616821289059,11277.6,99.38356517238658,246.11078384560489
2024-07-26 14:51:53+00:00,AAL1347,31.224929809570312,-89.2638621610754,11277.6,99.38356517238658,246.11078384560489
2024-07-26 14:51:54+00:00,AAL1347,31.224494546146715,-89.26078491210939,11277.6,99.38356517238658,246.11078384560489
2024-07-26 14:51:55+00:00,AAL1347,31.22412212824417,-89.25825805664061,11277.6,99.38356517238658,246.11078384560489
2024-07-26 14:51:56+00:00,AAL1347,31.223785400390625,-89.25599939682905,11277.6,99.38356517238658,246.11078384560489
2024-07-26 14:51:57+00:00,AAL1347,31.223464965820312,-89.25341437844668,11277.6,99.38356517238658,246.11078384560489
2024-07-26 14:51:58+00:00,AAL1347,31.223052978515625,-89.25061394186582,11277.6,99.38356517238658,246.11078384560489
2024-07-26 14:51:59+00:00,AAL1347,31.22272556110964,-89.24837036132811,11277.6,99.38356517238658,246.11078384560489
2024-07-26 14:52:00+00:00,AAL1347,31.222353143207098,-89.24578857421875,11269.98,99.38356517238658,246.11078384560489
2024-07-26 14:52:01+00:00,AAL1347,31.222000122070312,-89.24328972311582,11277.6,99.38356517238658,246.11078384560489
2024-07-26 14:52:02+00:00,AAL1347,31.22163391113281,-89.24070470473345,11277.6,99.38356517238658,246.11078384560489
2024-07-26 14:52:03+00:00,AAL1347,31.221235889499468,-89.23793334960936,11269.98,99.38356517238658,246.11078384560489
2024-07-26 14:52:04+00:00,AAL1347,31.22103881835937,-89.23666561351104,11269.98,99.5016872169558,246.19518351883409
2024-07-26 14:52:05+00:00,AAL1347,31.22063071040784,-89.23359375000001,11269.98,99.5016872169558,246.19518351883409
2024-07-26 14:52:06+00:00,AAL1347,31.220258292505296,-89.23106689453124,11269.98,99.52149166669513,245.6878119862627
2024-07-26 14:52:07+00:00,AAL1347,31.219839322364933,-89.22826538085934,11269.98,99.52149166669513,245.6878119862627
2024-07-26 14:52:08+00:00,AAL1347,31.219390869140625,-89.22497917624082,11269.98,99.52149166669513,245.6878119862627
2024-07-26 14:52:09+00:00,AAL1347,31.219024658203125,-89.22244801240811,11269.98,99.52149166669513,245.6878119862627
2024-07-26 14:52:10+00:00,AAL1347,31.21870422363281,-89.22040153952207,11269.98,99.52149166669513,245.6878119862627
2024-07-26 14:52:11+00:00,AAL1347,31.218349650754767,-89.21788330078124,11269.98,99.52149166669513,245.6878119862627
2024-07-26 14:52:12+00:00,AAL1347,31.217977232852224,-89.21530151367188,11269.98,99.52149166669513,245.6878119862627
2024-07-26 14:52:13+00:00,AAL1347,31.217605590820312,-89.21280804802393,11277.6,99.52149166669513,245.6878119862627
2024-07-26 14:52:14+00:00,AAL1347,31.217193603515625,-89.20973833869488,11269.98,99.52149166669513,245.6878119862627
2024-07-26 14:52:15+00:00,AAL1347,31.2169189453125,-89.20769186580884,11269.98,99.52149166669513,245.6878119862627
2024-07-26 14:52:16+00:00,AAL1347,31.216598510742188,-89.20569924747241,11269.98,99.52149166669513,245.6878119862627
2024-07-26 14:52:17+00:00,AAL1347,31.216140747070312,-89.20236026539521,11277.6,99.52149166669513,245.6878119862627
2024-07-26 14:52:18+00:00,AAL1347,31.215789277674787,-89.20008544921876,11277.6,99.52149166669513,245.6878119862627
2024-07-26 14:52:19+00:00,AAL1347,31.215408325195312,-89.19729793772979,11277.6,99.52149166669513,245.6878119862627
2024-07-26 14:52:20+00:00,AAL1347,31.2150444418697,-89.19475708007809,11277.6,99.52149166669513,245.6878119862627
2024-07-26 14:52:21+00:00,AAL1347,31.2147216796875,-89.1925048828125,11277.6,99.52149166669513,245.6878119862627
2024-07-26 14:52:22+00:00,AAL1347,31.214299606064618,-89.1897033691406,11277.6,99.52149166669513,245.6878119862627
2024-07-26 14:52:23+00:00,AAL1347,31.2139892578125,-89.18738870059741,11277.6,99.52149166669513,245.6878119862627
2024-07-26 14:52:24+00:00,AAL1347,31.21360132249735,-89.18486938476559,11277.6,99.52149166669513,245.6878119862627
2024-07-26 14:52:25+00:00,AAL1347,31.213211059570312,-89.18205710018384,11277.6,99.52149166669513,245.6878119862627
2024-07-26 14:52:26+00:00,AAL1347,31.21284484863281,-89.17952593635113,11277.6,99.52149166669513,245.6878119862627
2024-07-26 14:52:27+00:00,AAL1347,31.21270751953125,-89.17850269990811,11277.6,99.52149166669513,245.6878119862627
2024-07-26 14:52:28+00:00,AAL1347,31.21234441207627,-89.17597045898435,11277.6,99.52149166669513,245.6878119862627
2024-07-26 14:52:30+00:00,AAL1347,31.211599576271183,-89.17091674804686,11277.6,99.52149166669513,245.6878119862627
2024-07-26 14:52:32+00:00,AAL1347,31.21064758300781,-89.16433895335479,11277.6,99.52149166669513,245.6878119862627
2024-07-26 14:52:33+00:00,AAL1347,31.210281372070312,-89.16153851677393,11277.6,99.52149166669513,245.6878119862627
2024-07-26 14:52:34+00:00,AAL1347,31.20991516113281,-89.15900735294116,11277.6,99.52149166669513,245.6878119862627
2024-07-26 14:52:35+00:00,AAL1347,31.2095947265625,-89.15696088005518,11277.6,99.52149166669513,245.6878119862627
2024-07-26 14:52:36+00:00,AAL1347,31.20918273925781,-89.15416044347427,11277.6,99.52149166669513,245.6878119862627
2024-07-26 14:52:37+00:00,AAL1347,31.208908081054688,-89.1521678251379,11277.6,99.52149166669513,245.6878119862627
2024-07-26 14:52:38+00:00,AAL1347,31.20843402409957,-89.14883422851562,11277.6,99.52149166669513,245.6878119862627
2024-07-26 14:52:39+00:00,AAL1347,31.208267211914062,-89.14759018841914,11277.6,99.52149166669513,245.6878119862627
2024-07-26 14:52:40+00:00,AAL1347,31.207735740532307,-89.14405517578126,11277.6,99.52149166669513,245.6878119862627
2024-07-26 14:52:41+00:00,AAL1347,31.2073974609375,-89.14177389705884,11277.6,99.52149166669513,245.6878119862627
2024-07-26 14:52:42+00:00,AAL1347,31.20708400920286,-89.13949584960938,11277.6,99.52149166669513,245.6878119862627
2024-07-26 14:52:43+00:00,AAL1347,31.2066650390625,-89.13644229664521,11277.6,99.54137807991668,245.18046992894884
2024-07-26 14:52:44+00:00,AAL1347,31.206298828125,-89.1339111328125,11277.6,99.54137807991668,245.18046992894884
2024-07-26 14:52:45+00:00,AAL1347,31.205966755495236,-89.13164062499999,11277.6,99.54137807991668,245.18046992894884
2024-07-26 14:52:46+00:00,AAL1347,31.20559433759269,-89.12911376953122,11277.6,99.54137807991668,245.18046992894884
2024-07-26 14:52:47+00:00,AAL1347,31.20517536745233,-89.12631225585938,11277.6,99.54137807991668,245.18046992894884
2024-07-26 14:52:48+00:00,AAL1347,31.20478820800781,-89.12351720473345,11277.6,99.54137807991668,245.18046992894884
2024-07-26 14:52:49+00:00,AAL1347,31.204570188360695,-89.12197265624997,11277.6,99.54137807991668,245.18046992894884
2024-07-26 14:52:50+00:00,AAL1347,31.204197770458155,-89.11944580078125,11277.6,99.54137807991668,245.18046992894884
2024-07-26 14:52:51+00:00,AAL1347,31.203872680664062,-89.11716236787686,11277.6,99.54137807991668,245.18046992894884
2024-07-26 14:52:52+00:00,AAL1347,31.203277587890625,-89.11285400390625,11277.6,99.54137807991668,245.18046992894884
2024-07-26 14:52:53+00:00,AAL1347,31.202957153320312,-89.11086138556988,11277.6,99.54137807991668,245.18046992894884
2024-07-26 14:52:54+00:00,AAL1347,31.20259094238281,-89.10833022173716,11277.6,99.54137807991668,245.18046992894884
2024-07-26 14:52:55+00:00,AAL1347,31.202242576469807,-89.10576782226559,11277.6,99.54137807991668,245.18046992894884
2024-07-26 14:52:56+00:00,AAL1347,31.20204162597656,-89.10450654871323,11277.6,99.54137807991668,245.18046992894884
2024-07-26 14:52:57+00:00,AAL1347,31.201637397378175,-89.10170288085936,11277.6,99.54137807991668,245.18046992894884
2024-07-26 14:52:58+00:00,AAL1347,31.201264979475635,-89.09917602539059,11277.6,99.54137807991668,245.18046992894884
2024-07-26 14:52:59+00:00,AAL1347,31.20089256157309,-89.09642944335934,11277.6,99.54137807991668,245.18046992894884
2024-07-26 14:53:00+00:00,AAL1347,31.20039367675781,-89.09308938419116,11269.98,99.54137807991668,245.18046992894884
2024-07-26 14:53:01+00:00,AAL1347,31.20005462129237,-89.0908264160156,11269.98,99.54137807991668,245.18046992894884
2024-07-26 14:53:02+00:00,AAL1347,31.19970703125,-89.08829632927393,11269.98,99.54137807991668,245.18046992894884
2024-07-26 14:53:03+00:00,AAL1347,31.19940288996292,-89.08604736328124,11269.98,99.54137807991668,245.18046992894884
2024-07-26 14:53:04+00:00,AAL1347,31.19903047206038,-89.08352050781247,11269.98,99.54137807991668,245.18046992894884
2024-07-26 14:53:05+00:00,AAL1347,31.198699951171875,-89.08124138327207,11269.98,99.54137807991668,245.18046992894884
2024-07-26 14:53:06+00:00,AAL1347,31.19823908401748,-89.07819213867185,11269.98,99.54137807991668,245.18046992894884
2024-07-26 14:53:07+00:00,AAL1347,31.197921752929688,-89.07590978285845,11269.98,99.54137807991668,245.18046992894884
2024-07-26 14:53:08+00:00,AAL1347,31.19758735268803,-89.07363281249997,11269.98,99.54137807991668,245.18046992894884
2024-07-26 14:53:09+00:00,AAL1347,31.19716838254767,-89.07083129882812,11269.98,99.54137807991668,245.18046992894884
2024-07-26 14:53:10+00:00,AAL1347,31.196749412407307,-89.06781005859375,11269.98,99.54137807991668,245.18046992894884
2024-07-26 14:53:11+00:00,AAL1347,31.196516651218214,-89.06627197265624,11269.98,99.54137807991668,245.18046992894884
2024-07-26 14:53:12+00:00,AAL1347,31.195958024364405,-89.06248168945314,11269.98,99.5613469616804,244.67315753024783
2024-07-26 14:53:13+00:00,AAL1347,31.195632934570312,-89.06023810891543,11277.6,99.5613469616804,244.67315753024783
2024-07-26 14:53:14+00:00,AAL1347,31.19549560546875,-89.05921487247241,11277.6,99.5613469616804,244.67315753024783
2024-07-26 14:53:15+00:00,AAL1347,31.1948873228946,-89.05517578125,11277.6,99.5613469616804,244.67315753024783
2024-07-26 14:53:16+00:00,AAL1347,31.194701113943324,-89.05363769531249,11277.6,99.5613469616804,244.67315753024783
2024-07-26 14:53:17+00:00,AAL1347,31.19432869604078,-89.05111083984372,11277.6,99.5613469616804,244.67315753024783
2024-07-26 14:53:18+00:00,AAL1347,31.193893432617188,-89.04806698069854,11277.6,99.5613469616804,244.67315753024783
2024-07-26 14:53:19+00:00,AAL1347,31.193527221679688,-89.04558967141543,11277.6,99.5613469616804,244.67315753024783
2024-07-26 14:53:20+00:00,AAL1347,31.19311833785752,-89.04276123046873,11277.6,99.5613469616804,244.67315753024783
2024-07-26 14:53:21+00:00,AAL1347,31.192794799804688,-89.04052734375,11277.6,99.5613469616804,244.67315753024783
2024-07-26 14:53:22+00:00,AAL1347,31.192428588867188,-89.03821159811582,11277.6,99.5613469616804,244.67315753024783
2024-07-26 14:53:23+00:00,AAL1347,31.192062377929688,-89.03573428883271,11277.6,99.5613469616804,244.67315753024783
2024-07-26 14:53:24+00:00,AAL1347,31.191558837890625,-89.03217988855698,11277.6,99.5613469616804,244.67315753024783
2024-07-26 14:53:25+00:00,AAL1347,31.19139590505826,-89.03089599609376,11277.6,99.5613469616804,244.67315753024783
2024-07-26 14:53:26+00:00,AAL1347,31.190976934917902,-89.02814941406251,11277.6,99.68010055616132,244.7591342194487
2024-07-26 14:53:27+00:00,AAL1347,31.19060451701536,-89.02562255859374,11277.6,99.68010055616132,244.7591342194487
2024-07-26 14:53:28+00:00,AAL1347,31.190232099112816,-89.02309570312497,11277.6,99.68010055616132,244.7591342194487
2024-07-26 14:53:29+00:00,AAL1347,31.189773559570312,-89.01979334214155,11277.6,99.68010055616132,244.7591342194487
2024-07-26 14:53:30+00:00,AAL1347,31.189498901367188,-89.01801614200366,11277.6,99.68010055616132,244.7591342194487
2024-07-26 14:53:31+00:00,AAL1347,31.18916139764301,-89.01573486328124,11277.6,99.68010055616132,244.7591342194487
2024-07-26 14:53:32+00:00,AAL1347,31.188788979740465,-89.01298828124999,11269.98,99.68010055616132,244.7591342194487
2024-07-26 14:53:33+00:00,AAL1347,31.188276905124468,-89.00941772460936,11269.98,99.68010055616132,244.7591342194487
2024-07-26 14:53:34+00:00,AAL1347,31.18794250488281,-89.00719137752759,11269.98,99.68010055616132,244.7591342194487
2024-07-26 14:53:35+00:00,AAL1347,31.1875786215572,-89.00491333007812,11269.98,99.68010055616132,244.7591342194487
2024-07-26 14:53:36+00:00,AAL1347,31.18721008300781,-89.0023983226103,11269.98,99.68010055616132,244.7591342194487
2024-07-26 14:53:37+00:00,AAL1347,31.186880337989933,-89.00007934570311,11269.98,99.68010055616132,244.7591342194487
2024-07-26 14:53:38+00:00,AAL1347,31.186507920087397,-88.99755249023434,11269.98,99.68010055616132,244.7591342194487
2024-07-26 14:53:39+00:00,AAL1347,31.18634033203125,-88.99631275850186,11269.98,99.68010055616132,244.7591342194487
2024-07-26 14:53:40+00:00,AAL1347,31.185791015625,-88.99254294002759,11269.98,99.68010055616132,244.7591342194487
2024-07-26 14:53:41+00:00,AAL1347,31.1854248046875,-88.99001177619488,11269.98,99.7003919439458,244.25203022770083
2024-07-26 14:53:42+00:00,AAL1347,31.18505859375,-88.98748061236216,11269.98,99.7003919439458,244.25203022770083
2024-07-26 14:53:43+00:00,AAL1347,31.1846923828125,-88.98497314453124,11269.98,99.7003919439458,244.25203022770083
2024-07-26 14:53:44+00:00,AAL1347,31.18428039550781,-88.98220286649814,11269.98,99.7003919439458,244.25203022770083
2024-07-26 14:53:45+00:00,AAL1347,31.183914184570312,-88.97967170266543,11277.6,99.7003919439458,244.25203022770083
2024-07-26 14:53:46+00:00,AAL1347,31.183502197265625,-88.97687126608457,11277.6,99.7003919439458,244.25203022770083
2024-07-26 14:53:47+00:00,AAL1347,31.183135986328125,-88.97439395680146,11277.6,99.7003919439458,244.25203022770083
2024-07-26 14:53:48+00:00,AAL1347,31.182769775390625,-88.97186279296875,11277.6,99.7003919439458,244.25203022770083
2024-07-26 14:53:49+00:00,AAL1347,31.182411323159428,-88.96959228515624,11277.6,99.7003919439458,244.25203022770083
2024-07-26 14:53:50+00:00,AAL1347,31.18222045898437,-88.96830839269302,11277.6,99.7003919439458,244.25203022770083
2024-07-26 14:53:51+00:00,AAL1347,31.181625366210938,-88.96405388327207,11277.6,99.7003919439458,244.25203022770083
2024-07-26 14:53:52+00:00,AAL1347,31.181387173927437,-88.96250610351564,11277.6,99.7003919439458,244.25203022770083
2024-07-26 14:53:53+00:00,AAL1347,31.181014756024894,-88.96003417968751,11277.6,99.7003919439458,244.25203022770083
2024-07-26 14:53:54+00:00,AAL1347,31.18064233812235,-88.95750732421874,11277.6,99.7003919439458,244.25203022770083
2024-07-26 14:53:55+00:00,AAL1347,31.1802978515625,-88.95522173713238,11277.6,99.7003919439458,244.25203022770083
2024-07-26 14:53:56+00:00,AAL1347,31.17974853515625,-88.95145191865811,11277.6,99.7003919439458,244.25203022770083
2024-07-26 14:53:57+00:00,AAL1347,31.17943197993909,-88.94915771484375,11277.6,99.7003919439458,244.25203022770083
2024-07-26 14:53:58+00:00,AAL1347,31.179244995117188,-88.94789751838238,11277.6,99.7003919439458,244.25203022770083
2024-07-26 14:53:59+00:00,AAL1347,31.178826800847457,-88.94514770507811,11277.6,99.7003919439458,244.25203022770083
2024-07-26 14:54:00+00:00,AAL1347,31.178407830707098,-88.94234619140622,11277.6,99.7003919439458,244.25203022770083
2024-07-26 14:54:01+00:00,AAL1347,31.1781005859375,-88.94008860868564,11277.6,99.7003919439458,244.25203022770083
2024-07-26 14:54:02+00:00,AAL1347,31.17755126953125,-88.93658806295957,11277.6,99.7003919439458,244.25203022770083
2024-07-26 14:54:03+00:00,AAL1347,31.177197472523837,-88.93405151367188,11277.6,99.7003919439458,244.25203022770083
2024-07-26 14:54:04+00:00,AAL1347,31.17682505462129,-88.9315246582031,11277.6,99.7003919439458,244.25203022770083
2024-07-26 14:54:05+00:00,AAL1347,31.17645263671875,-88.92899780273439,11277.6,99.7003919439458,244.25203022770083
2024-07-26 14:54:06+00:00,AAL1347,31.17613220214844,-88.92673268037686,11277.6,99.7003919439458,244.25203022770083
2024-07-26 14:54:07+00:00,AAL1347,31.175754353151483,-88.92421874999997,11277.6,99.7003919439458,244.25203022770083
2024-07-26 14:54:08+00:00,AAL1347,31.175445556640625,-88.92193962545957,11269.98,99.7003919439458,244.25203022770083
2024-07-26 14:54:09+00:00,AAL1347,31.175056069584212,-88.9194396972656,11269.98,99.7003919439458,244.25203022770083
2024-07-26 14:54:10+00:00,AAL1347,31.174683651681672,-88.91691284179689,11269.98,99.7003919439458,244.25203022770083
2024-07-26 14:54:11+00:00,AAL1347,31.17431123377913,-88.91438598632811,11277.6,99.7003919439458,244.25203022770083
2024-07-26 14:54:12+00:00,AAL1347,31.17389226363877,-88.91163940429686,11269.98,99.7003919439458,244.25203022770083
2024-07-26 14:54:13+00:00,AAL1347,31.173568725585938,-88.90933766084561,11269.98,99.7003919439458,244.25203022770083
2024-07-26 14:54:14+00:00,AAL1347,31.17329406738281,-88.90734504250918,11269.98,99.7003919439458,244.25203022770083
2024-07-26 14:54:15+00:00,AAL1347,31.172775009931144,-88.9040588378906,11269.98,99.7003919439458,244.25203022770083
2024-07-26 14:54:16+00:00,AAL1347,31.17254224874205,-88.90230102539061,11269.98,99.7003919439458,244.25203022770083
2024-07-26 14:54:17+00:00,AAL1347,31.172030174126057,-88.89878540039064,11269.98,99.7003919439458,244.25203022770083
2024-07-26 14:54:18+00:00,AAL1347,31.17165775622352,-88.89625854492186,11269.98,99.7003919439458,244.25203022770083
2024-07-26 14:54:19+00:00,AAL1347,31.17133189055879,-88.89400634765622,11269.98,99.7003919439458,244.25203022770083
2024-07-26 14:54:20+00:00,AAL1347,31.17095947265625,-88.8914794921875,11269.98,99.7003919439458,244.25203022770083
2024-07-26 14:54:21+00:00,AAL1347,31.170540502515887,-88.8886779785156,11269.98,99.7003919439458,244.25203022770083
2024-07-26 14:54:22+00:00,AAL1347,31.170168084613348,-88.88615112304689,11269.98,99.7003919439458,244.25203022770083
2024-07-26 14:54:23+00:00,AAL1347,31.169795666710804,-88.88367919921876,11269.98,99.7003919439458,244.25203022770083
2024-07-26 14:54:24+00:00,AAL1347,31.16946980104608,-88.88137207031247,11269.98,99.7003919439458,244.25203022770083
2024-07-26 14:54:25+00:00,AAL1347,31.169097383143537,-88.87890014648434,11269.98,99.7003919439458,244.25203022770083
2024-07-26 14:54:26+00:00,AAL1347,31.16876220703125,-88.87659409466914,11269.98,99.7003919439458,244.25203022770083
2024-07-26 14:54:27+00:00,AAL1347,31.16839909957627,-88.87406616210939,11269.98,99.7003919439458,244.25203022770083
2024-07-26 14:54:28+00:00,AAL1347,31.16793357719809,-88.87104492187501,11269.98,99.7003919439458,244.25203022770083
2024-07-26 14:54:29+00:00,AAL1347,31.16761779785156,-88.86878518497241,11269.98,99.7003919439458,244.25203022770083
2024-07-26 14:54:30+00:00,AAL1347,31.167251586914062,-88.8662540211397,11269.98,99.7003919439458,244.25203022770083
2024-07-26 14:54:31+00:00,AAL1347,31.16686287572828,-88.86373901367188,11269.98,99.7003919439458,244.25203022770083
2024-07-26 14:54:32+00:00,AAL1347,31.16644390558792,-88.8607177734375,11269.98,99.7003919439458,244.25203022770083
2024-07-26 14:54:33+00:00,AAL1347,31.166244506835938,-88.85946834788604,11269.98,99.7003919439458,244.25203022770083
2024-07-26 14:54:34+00:00,AAL1347,31.16607148768538,-88.85824584960938,11277.6,99.7003919439458,244.25203022770083
2024-07-26 14:54:35+00:00,AAL1347,31.16551286083157,-88.85445556640622,11277.6,99.7003919439458,244.25203022770083
2024-07-26 14:54:36+00:00,AAL1347,31.16500078621557,-88.85093994140624,11277.6,99.7003919439458,244.25203022770083
2024-07-26 14:54:37+00:00,AAL1347,31.16462836831303,-88.84841308593747,11277.6,99.7003919439458,244.25203022770083
2024-07-26 14:54:38+00:00,AAL1347,31.16420939817267,-88.84561157226562,11277.6,99.7003919439458,244.25203022770083
2024-07-26 14:54:39+00:00,AAL1347,31.163864135742188,-88.84336583754595,11277.6,99.7003919439458,244.25203022770083
2024-07-26 14:54:40+00:00,AAL1347,31.163557666843214,-88.84110717773439,11277.6,99.7003919439458,244.25203022770083
2024-07-26 14:54:41+00:00,AAL1347,31.163360595703125,-88.83986529181988,11277.6,99.72076776040689,243.74495699831724
2024-07-26 14:54:42+00:00,AAL1347,31.16290593551377,-88.83682250976562,11277.6,99.72076776040689,243.74495699831724
2024-07-26 14:54:43+00:00,AAL1347,31.162353515625,-88.83302576401655,11277.6,99.72076776040689,243.74495699831724
2024-07-26 14:54:44+00:00,AAL1347,31.162078857421875,-88.83130241842832,11277.6,99.72076776040689,243.74495699831724
2024-07-26 14:54:45+00:00,AAL1347,31.161742129568324,-88.82902221679689,11277.6,99.72076776040689,243.74495699831724
2024-07-26 14:54:46+00:00,AAL1347,31.16143798828125,-88.82677863625918,11277.6,99.72076776040689,243.74495699831724
2024-07-26 14:54:47+00:00,AAL1347,31.161043846001057,-88.82396850585934,11277.6,99.72076776040689,243.74495699831724
2024-07-26 14:54:48+00:00,AAL1347,31.160624875860695,-88.82122192382809,11277.6,99.72076776040689,243.74495699831724
2024-07-26 14:54:49+00:00,AAL1347,31.160252457958155,-88.81869506835938,11277.6,99.83991639829752,243.8323463681601
2024-07-26 14:54:50+00:00,AAL1347,31.15988004005561,-88.8161682128906,11277.6,99.83991639829752,243.8323463681601
2024-07-26 14:54:51+00:00,AAL1347,31.159698486328125,-88.81493063534009,11277.6,99.83991639829752,243.8323463681601
2024-07-26 14:54:52+00:00,AAL1347,31.159228308726163,-88.81188354492184,11277.6,99.83991639829752,243.8323463681601
2024-07-26 14:54:53+00:00,AAL1347,31.15885589082362,-88.80941162109372,11277.6,99.83991639829752,243.8323463681601
2024-07-26 14:54:54+00:00,AAL1347,31.158279418945312,-88.80534452550552,11277.6,99.83991639829752,243.8323463681601
2024-07-26 14:54:55+00:00,AAL1347,31.15805053710937,-88.80383659811582,11277.6,99.83991639829752,243.8323463681601
2024-07-26 14:54:56+00:00,AAL1347,31.157638549804688,-88.80135928883271,11277.6,99.83991639829752,243.8323463681601
2024-07-26 14:54:57+00:00,AAL1347,31.157135009765625,-88.79780488855698,11277.6,99.83991639829752,243.8323463681601
2024-07-26 14:54:58+00:00,AAL1347,31.156900696835272,-88.79633789062501,11277.6,99.83991639829752,243.8323463681601
2024-07-26 14:54:59+00:00,AAL1347,31.15638862221928,-88.79276733398439,11277.6,99.83991639829752,243.8323463681601
2024-07-26 14:55:00+00:00,AAL1347,31.15601620431673,-88.79029541015626,11277.6,99.83991639829752,243.8323463681601
2024-07-26 14:55:01+00:00,AAL1347,31.155807495117188,-88.78902659696689,11277.6,99.83991639829752,243.8323463681601
2024-07-26 14:55:02+00:00,AAL1347,31.1553955078125,-88.78622616038604,11277.6,99.83991639829752,243.8323463681601
2024-07-26 14:55:03+00:00,AAL1347,31.15508515956038,-88.78397827148439,11277.6,99.83991639829752,243.8323463681601
2024-07-26 14:55:04+00:00,AAL1347,31.15471274165784,-88.78145141601561,11277.6,99.83991639829752,243.8323463681601
2024-07-26 14:55:05+00:00,AAL1347,31.15420066704184,-88.77793579101564,11277.6,99.72076776040689,243.74495699831724
2024-07-26 14:55:06+00:00,AAL1347,31.153781696901483,-88.77518920898439,11277.6,99.72076776040689,243.74495699831724
2024-07-26 14:55:07+00:00,AAL1347,31.153610229492188,-88.77394732306988,11277.6,99.72076776040689,243.74495699831724
2024-07-26 14:55:08+00:00,AAL1347,31.15312996557203,-88.7706298828125,11277.6,99.72076776040689,243.74495699831724
2024-07-26 14:55:09+00:00,AAL1347,31.152710995431672,-88.76788330078125,11277.6,99.72076776040689,243.74495699831724
2024-07-26 14:55:10+00:00,AAL1347,31.152478234242583,-88.76640014648439,11277.6,99.72076776040689,243.74495699831724
2024-07-26 14:55:11+00:00,AAL1347,31.15210581634004,-88.76387329101561,11277.6,99.72076776040689,243.74495699831724
2024-07-26 14:55:12+00:00,AAL1347,31.15164029396186,-88.76057739257811,11277.6,99.72076776040689,243.74495699831724
2024-07-26 14:55:13+00:00,AAL1347,31.15126787605932,-88.75805053710934,11277.6,99.72076776040689,243.74495699831724
2024-07-26 14:55:14+00:00,AAL1347,31.15089545815678,-88.75557861328122,11277.6,99.72076776040689,243.74495699831724
2024-07-26 14:55:15+00:00,AAL1347,31.150680541992188,-88.75429041245405,11277.6,99.72076776040689,243.74495699831724
2024-07-26 14:55:16+00:00,AAL1347,31.150336831302965,-88.75206298828124,11277.6,99.72076776040689,243.74495699831724
2024-07-26 14:55:17+00:00,AAL1347,31.149731652211333,-88.74777832031248,11277.6,99.72076776040689,243.74495699831724
2024-07-26 14:55:18+00:00,AAL1347,31.14935923430879,-88.74525146484376,11277.6,99.72076776040689,243.74495699831724
2024-07-26 14:55:19+00:00,AAL1347,31.149033368644066,-88.74321899414059,11277.6,99.72076776040689,243.74495699831724
2024-07-26 14:55:20+00:00,AAL1347,31.148666381835938,-88.74071906594668,11277.6,99.72076776040689,243.74495699831724
2024-07-26 14:55:21+00:00,AAL1347,31.14830017089844,-88.73818790211396,11277.6,99.72076776040689,243.74495699831724
2024-07-26 14:55:22+00:00,AAL1347,31.14784240722656,-88.73517204733457,11277.6,99.72076776040689,243.74495699831724
2024-07-26 14:55:23+00:00,AAL1347,31.14749714479608,-88.7326721191406,11277.6,99.72076776040689,243.74495699831724
2024-07-26 14:55:24+00:00,AAL1347,31.14715576171875,-88.73043284696689,11277.6,99.72076776040689,243.74495699831724
2024-07-26 14:55:25+00:00,AAL1347,31.14678955078125,-88.72790168313418,11277.6,99.72076776040689,243.74495699831724
2024-07-26 14:55:26+00:00,AAL1347,31.14642644332627,-88.72536621093747,11277.6,99.72076776040689,243.74495699831724
2024-07-26 14:55:27+00:00,AAL1347,31.14619368213718,-88.7238830566406,11277.6,99.72076776040689,243.74495699831724
2024-07-26 14:55:28+00:00,AAL1347,31.14569091796875,-88.72057746438418,11277.6,99.72076776040689,243.74495699831724
2024-07-26 14:55:29+00:00,AAL1347,31.14532470703125,-88.71810015510113,11277.6,99.72076776040689,243.74495699831724
2024-07-26 14:55:30+00:00,AAL1347,31.145187377929688,-88.71707691865811,11277.6,99.72076776040689,243.74495699831724
2024-07-26 14:55:31+00:00,AAL1347,31.14479711500265,-88.71454467773435,11277.6,99.72076776040689,243.74495699831724
2024-07-26 14:55:32+00:00,AAL1347,31.14418029785156,-88.71029124540439,11277.6,99.83991639829752,243.8323463681601
2024-07-26 14:55:33+00:00,AAL1347,31.143768310546875,-88.70749080882354,11277.6,99.83991639829752,243.8323463681601
2024-07-26 14:55:34+00:00,AAL1347,31.14344787597656,-88.70549819048716,11277.6,99.83991639829752,243.8323463681601
2024-07-26 14:55:35+00:00,AAL1347,31.14302812996557,-88.70245971679685,11277.6,99.83991639829752,243.8323463681601
2024-07-26 14:55:36+00:00,AAL1347,31.14265571206303,-88.69998779296873,11277.6,99.83991639829752,243.8323463681601
2024-07-26 14:55:37+00:00,AAL1347,31.142283294160485,-88.69746093750001,11277.6,99.83991639829752,243.8323463681601
2024-07-26 14:55:38+00:00,AAL1347,31.14202880859375,-88.69591208065259,11277.6,99.83991639829752,243.8323463681601
2024-07-26 14:55:39+00:00,AAL1347,31.14163156283104,-88.69317626953125,11277.6,99.83991639829752,243.8323463681601
2024-07-26 14:55:40+00:00,AAL1347,31.14125914492849,-88.69064941406248,11277.6,99.83991639829752,243.8323463681601
2024-07-26 14:55:41+00:00,AAL1347,31.1407470703125,-88.6871337890625,11277.6,99.81930063875792,244.33923823987945
2024-07-26 14:55:42+00:00,AAL1347,31.14051818847656,-88.6856258616728,11277.6,99.81930063875792,244.33923823987945
2024-07-26 14:55:43+00:00,AAL1347,31.140188443458683,-88.68334350585934,11277.6,99.81930063875792,244.33923823987945
2024-07-26 14:55:44+00:00,AAL1347,31.140048786745236,-88.68235473632814,11277.6,99.81930063875792,244.33923823987945
2024-07-26 14:55:45+00:00,AAL1347,31.139373779296875,-88.67781695197613,11277.6,99.81930063875792,244.33923823987945
2024-07-26 14:55:46+00:00,AAL1347,31.138961791992188,-88.67528578814341,11277.6,99.81930063875792,244.33923823987945
2024-07-26 14:55:47+00:00,AAL1347,31.138791876324152,-88.67406005859374,11277.6,99.81930063875792,244.33923823987945
2024-07-26 14:55:48+00:00,AAL1347,31.13823324947034,-88.67026977539064,11277.6,99.81930063875792,244.33923823987945
2024-07-26 14:55:49+00:00,AAL1347,31.137908935546875,-88.66801542394302,11277.6,99.81930063875792,244.33923823987945
2024-07-26 14:55:50+00:00,AAL1347,31.137488413665253,-88.66521606445309,11277.6,99.81930063875792,244.33923823987945
2024-07-26 14:55:51+00:00,AAL1347,31.13711599576271,-88.66268920898438,11277.6,99.81930063875792,244.33923823987945
2024-07-26 14:55:52+00:00,AAL1347,31.13671875,-88.66020651424634,11277.6,99.81930063875792,244.33923823987945
2024-07-26 14:55:53+00:00,AAL1347,31.136215209960938,-88.65665211397061,11277.6,99.81930063875792,244.33923823987945
2024-07-26 14:55:54+00:00,AAL1347,31.13594055175781,-88.65465949563418,11277.6,99.81930063875792,244.33923823987945
2024-07-26 14:55:55+00:00,AAL1347,31.13567287639036,-88.65313110351559,11277.6,99.81930063875792,244.33923823987945
2024-07-26 14:55:56+00:00,AAL1347,31.135114249536542,-88.64912109375001,11277.6,99.81930063875792,244.33923823987945
2024-07-26 14:55:57+00:00,AAL1347,31.134741831634003,-88.64659423828124,11277.6,99.81930063875792,244.33923823987945
2024-07-26 14:55:58+00:00,AAL1347,31.134555622682733,-88.64560546874998,11277.6,99.81930063875792,244.33923823987945
2024-07-26 14:55:59+00:00,AAL1347,31.13397216796875,-88.64157284007354,11277.6,99.81930063875792,244.33923823987945
2024-07-26 14:56:00+00:00,AAL1347,31.13374328613281,-88.64006491268384,11277.6,99.81930063875792,244.33923823987945
2024-07-26 14:56:01+00:00,AAL1347,31.133391816737287,-88.63780517578124,11277.6,99.81930063875792,244.33923823987945
2024-07-26 14:56:02+00:00,AAL1347,31.133019398834744,-88.63527832031247,11277.6,99.81930063875792,244.33923823987945
2024-07-26 14:56:03+00:00,AAL1347,31.1326469809322,-88.63247680664062,11277.6,99.81930063875792,244.33923823987945
2024-07-26 14:56:04+00:00,AAL1347,31.13227844238281,-88.63020953010113,11277.6,99.81930063875792,244.33923823987945
2024-07-26 14:56:05+00:00,AAL1347,31.131912231445312,-88.62773222081802,11277.6,99.81930063875792,244.33923823987945
2024-07-26 14:56:06+00:00,AAL1347,31.131500244140625,-88.62493178423716,11277.6,99.81930063875792,244.33923823987945
2024-07-26 14:56:07+00:00,AAL1347,31.131134033203125,-88.62240062040439,11269.98,99.81930063875792,244.33923823987945
2024-07-26 14:56:08+00:00,AAL1347,31.130767822265625,-88.61992331112134,11277.6,99.81930063875792,244.33923823987945
2024-07-26 14:56:09+00:00,AAL1347,31.130355834960938,-88.61712287454043,11269.98,99.81930063875792,244.33923823987945
2024-07-26 14:56:10+00:00,AAL1347,31.12999350337659,-88.61484374999998,11269.98,99.81930063875792,244.33923823987945
2024-07-26 14:56:11+00:00,AAL1347,31.12962108547405,-88.61237182617185,11277.6,99.81930063875792,244.33923823987945
2024-07-26 14:56:12+00:00,AAL1347,31.12948142876059,-88.611328125,11277.6,99.81930063875792,244.33923823987945
2024-07-26 14:56:13+00:00,AAL1347,31.128783145193324,-88.60654907226564,11277.6,99.81930063875792,244.33923823987945
2024-07-26 14:56:14+00:00,AAL1347,31.128550384004235,-88.60506591796872,11277.6,99.83991639829752,243.8323463681601
2024-07-26 14:56:15+00:00,AAL1347,31.12841072729078,-88.60402221679686,11277.6,99.83991639829752,243.8323463681601
2024-07-26 14:56:16+00:00,AAL1347,31.12779235839844,-88.59999712775738,11269.98,99.83991639829752,243.8323463681601
2024-07-26 14:56:17+00:00,AAL1347,31.12738657805879,-88.59726562499998,11269.98,99.83991639829752,243.8323463681601
2024-07-26 14:56:18+00:00,AAL1347,31.12701416015625,-88.59473876953126,11277.6,99.83991639829752,243.8323463681601
2024-07-26 14:56:20+00:00,AAL1347,31.126222772113348,-88.58946533203124,11277.6,99.83991639829752,243.8323463681601
2024-07-26 14:56:21+00:00,AAL1347,31.125778198242188,-88.58669505399814,11277.6,99.83991639829752,243.8323463681601
2024-07-26 14:56:22+00:00,AAL1347,31.125503540039062,-88.58464858111216,11269.98,99.83991639829752,243.8323463681601
2024-07-26 14:56:23+00:00,AAL1347,31.12509155273437,-88.58190199908091,11269.98,99.83991639829752,243.8323463681601
2024-07-26 14:56:24+00:00,AAL1347,31.124733100503175,-88.57963256835939,11269.98,99.95897914673031,243.92078942548451
2024-07-26 14:56:25+00:00,AAL1347,31.124593443789724,-88.57864379882812,11269.98,99.95897914673031,243.92078942548451
2024-07-26 14:56:26+00:00,AAL1347,31.12403481693591,-88.57485351562497,11277.6,99.95897914673031,243.92078942548451
2024-07-26 14:56:27+00:00,AAL1347,31.12362670898437,-88.5721004710478,11277.6,99.95897914673031,243.92078942548451
2024-07-26 14:56:28+00:00,AAL1347,31.12342963784428,-88.57084350585939,11277.6,99.95897914673031,243.92078942548451
2024-07-26 14:56:29+00:00,AAL1347,31.12298583984375,-88.5680613798254,11269.98,99.95897914673031,243.92078942548451
2024-07-26 14:56:30+00:00,AAL1347,31.1224365234375,-88.56429156135113,11277.6,99.95897914673031,243.92078942548451
2024-07-26 14:56:31+00:00,AAL1347,31.122265831898837,-88.56304321289059,11277.6,99.95897914673031,243.92078942548451
2024-07-26 14:56:33+00:00,AAL1347,31.12147521972656,-88.55799057904414,11277.6,99.95897914673031,243.92078942548451
2024-07-26 14:56:35+00:00,AAL1347,31.120513916015625,-88.55147417853863,11277.6,99.95897914673031,243.92078942548451
2024-07-26 14:56:36+00:00,AAL1347,31.1202392578125,-88.5497508329504,11277.6,99.95897914673031,243.92078942548451
2024-07-26 14:56:39+00:00,AAL1347,31.119049072265625,-88.54194192325366,11277.6,99.95897914673031,243.92078942548451
2024-07-26 14:56:40+00:00,AAL1347,31.11863475734905,-88.53914794921872,11277.6,99.95897914673031,243.92078942548451
2024-07-26 14:56:41+00:00,AAL1347,31.11827087402344,-88.5369334501379,11277.6,99.95897914673031,243.92078942548451
2024-07-26 14:56:42+00:00,AAL1347,31.11785888671875,-88.53413301355698,11277.6,99.95897914673031,243.92078942548451
2024-07-26 14:56:43+00:00,AAL1347,31.11742439916578,-88.53140258789062,11277.6,99.95897914673031,243.92078942548451
2024-07-26 14:56:44+00:00,AAL1347,31.11705198126324,-88.52887573242185,11277.6,99.95897914673031,243.92078942548451
2024-07-26 14:56:45+00:00,AAL1347,31.116668701171875,-88.52637795840991,11277.6,99.95897914673031,243.92078942548451
2024-07-26 14:56:46+00:00,AAL1347,31.11630249023437,-88.5238467945772,11277.6,99.95897914673031,243.92078942548451
2024-07-26 14:56:47+00:00,AAL1347,31.11598127979343,-88.52156982421872,11277.6,99.95897914673031,243.92078942548451
2024-07-26 14:56:48+00:00,AAL1347,31.11561584472656,-88.51932301240811,11277.6,99.95897914673031,243.92078942548451
2024-07-26 14:56:49+00:00,AAL1347,31.115203857421875,-88.51657643037686,11277.6,99.95897914673031,243.92078942548451
2024-07-26 14:56:50+00:00,AAL1347,31.11488342285156,-88.51452995749082,11277.6,99.95897914673031,243.92078942548451
2024-07-26 14:56:51+00:00,AAL1347,31.11453816042108,-88.51228637695311,11277.6,99.95897914673031,243.92078942548451
2024-07-26 14:56:52+00:00,AAL1347,31.114072638042902,-88.50899047851561,11277.6,99.95897914673031,243.92078942548451
2024-07-26 14:56:53+00:00,AAL1347,31.113839876853813,-88.50750732421875,11277.6,99.95897914673031,243.92078942548451
2024-07-26 14:56:54+00:00,AAL1347,31.11346745895127,-88.50498046874998,11277.6,99.95897914673031,243.92078942548451
2024-07-26 14:56:55+00:00,AAL1347,31.113052368164062,-88.502197265625,11277.6,99.95897914673031,243.92078942548451
2024-07-26 14:56:56+00:00,AAL1347,31.112536414194917,-88.49871826171875,11277.6,99.95897914673031,243.92078942548451
2024-07-26 14:56:57+00:00,AAL1347,31.112303653005824,-88.49718017578124,11277.6,99.95897914673031,243.92078942548451
2024-07-26 14:56:58+00:00,AAL1347,31.11195373535156,-88.49492690142466,11277.6,99.95897914673031,243.92078942548451
2024-07-26 14:56:59+00:00,AAL1347,31.111404418945312,-88.4911570829504,11277.6,99.95897914673031,243.92078942548451
2024-07-26 14:57:00+00:00,AAL1347,31.110992431640625,-88.48862591911768,11277.6,99.95897914673031,243.92078942548451
2024-07-26 14:57:01+00:00,AAL1347,31.11081398139565,-88.48740234374998,11277.6,99.95897914673031,243.92078942548451
2024-07-26 14:57:02+00:00,AAL1347,31.11053466796875,-88.48536987304686,11277.6,99.95897914673031,243.92078942548451
2024-07-26 14:57:03+00:00,AAL1347,31.109848022460938,-88.48087086397061,11277.6,99.95897914673031,243.92078942548451
2024-07-26 14:57:04+00:00,AAL1347,31.10951051873676,-88.47855834960939,11277.6,99.95897914673031,243.92078942548451
2024-07-26 14:57:05+00:00,AAL1347,31.109324309785485,-88.47756958007812,11277.6,99.95897914673031,243.92078942548451
2024-07-26 14:57:06+00:00,AAL1347,31.10867257845604,-88.47328491210936,11277.6,99.95897914673031,243.92078942548451
2024-07-26 14:57:07+00:00,AAL1347,31.1085205078125,-88.47203871783091,11277.6,99.95897914673031,243.92078942548451
2024-07-26 14:57:08+00:00,AAL1347,31.10797119140625,-88.46853817210479,11277.6,99.95897914673031,243.92078942548451
2024-07-26 14:57:09+00:00,AAL1347,31.1077880859375,-88.46724243164061,11277.6,99.95897914673031,243.92078942548451
2024-07-26 14:57:10+00:00,AAL1347,31.107330322265625,-88.46422980813418,11277.6,99.95897914673031,243.92078942548451
2024-07-26 14:57:11+00:00,AAL1347,31.106918334960938,-88.46175249885113,11277.6,99.95897914673031,243.92078942548451
2024-07-26 14:57:12+00:00,AAL1347,31.106577727754235,-88.45949707031247,11269.98,99.95897914673031,243.92078942548451
2024-07-26 14:57:13+00:00,AAL1347,31.10606565313824,-88.45598144531249,11269.98,99.95897914673031,243.92078942548451
2024-07-26 14:57:14+00:00,AAL1347,31.105786339711333,-88.4542236328125,11269.98,99.95897914673031,243.92078942548451
2024-07-26 14:57:15+00:00,AAL1347,31.10527426509534,-88.45065307617188,11269.98,99.95897914673031,243.92078942548451
2024-07-26 14:57:16+00:00,AAL1347,31.105088056144066,-88.44944458007814,11269.98,99.95897914673031,243.92078942548451
2024-07-26 14:57:17+00:00,AAL1347,31.1044921875,-88.44564998851104,11269.98,100.07795507138049,244.0102850245436
2024-07-26 14:57:18+00:00,AAL1347,31.1041259765625,-88.44311882467832,11269.98,100.07795507138049,244.0102850245436
2024-07-26 14:57:19+00:00,AAL1347,31.10392425019862,-88.44186401367188,11269.98,100.07795507138049,244.0102850245436
2024-07-26 14:57:20+00:00,AAL1347,31.10350528005826,-88.43911743164062,11269.98,100.07795507138049,244.0102850245436
2024-07-26 14:57:21+00:00,AAL1347,31.10302734375,-88.43584846047793,11269.98,100.07795507138049,244.0102850245436
2024-07-26 14:57:22+00:00,AAL1347,31.102798461914062,-88.43434053308823,11269.98,99.95897914673031,243.92078942548451
2024-07-26 14:57:23+00:00,AAL1347,31.10238647460937,-88.43180936925552,11269.98,99.95897914673031,243.92078942548451
2024-07-26 14:57:24+00:00,AAL1347,31.10201560844809,-88.42933959960936,11269.98,99.95897914673031,243.92078942548451
2024-07-26 14:57:25+00:00,AAL1347,31.10164319054555,-88.42681274414059,11269.98,99.95897914673031,243.92078942548451
2024-07-26 14:57:26+00:00,AAL1347,31.101287841796875,-88.42453900505518,11269.98,99.95897914673031,243.92078942548451
2024-07-26 14:57:27+00:00,AAL1347,31.10094490697828,-88.42230834960935,11269.98,99.95897914673031,243.92078942548451
2024-07-26 14:57:28+00:00,AAL1347,31.100326538085938,-88.41823802274814,11269.98,99.95897914673031,243.92078942548451
2024-07-26 14:57:29+00:00,AAL1347,31.100013862221928,-88.41599121093748,11269.98,99.95897914673031,243.92078942548451
2024-07-26 14:57:30+00:00,AAL1347,31.099641444319385,-88.41346435546876,11269.98,99.95897914673031,243.92078942548451
2024-07-26 14:57:31+00:00,AAL1347,31.09922790527344,-88.4109676585478,11269.98,99.95897914673031,243.92078942548451
2024-07-26 14:57:32+00:00,AAL1347,31.0988966085143,-88.40874023437499,11269.98,99.95897914673031,243.92078942548451
2024-07-26 14:57:33+00:00,AAL1347,31.09849548339844,-88.40595918543198,11277.6,99.95897914673031,243.92078942548451
2024-07-26 14:57:34+00:00,AAL1347,31.09808349609375,-88.40321260340073,11277.6,99.95897914673031,243.92078942548451
2024-07-26 14:57:35+00:00,AAL1347,31.097732802568853,-88.40093994140625,11269.98,99.95897914673031,243.92078942548451
2024-07-26 14:57:36+00:00,AAL1347,31.097396850585938,-88.39868882123164,11277.6,99.95897914673031,243.92078942548451
2024-07-26 14:57:37+00:00,AAL1347,31.097213745117188,-88.39766558478863,11277.6,99.95897914673031,243.92078942548451
2024-07-26 14:57:38+00:00,AAL1347,31.0968017578125,-88.39491900275738,11269.98,99.95897914673031,243.92078942548451
2024-07-26 14:57:39+00:00,AAL1347,31.096382787672137,-88.39215087890625,11277.6,99.97992114574456,243.41411341778783
2024-07-26 14:57:40+00:00,AAL1347,31.095870713056144,-88.38863525390622,11277.6,99.97992114574456,243.41411341778783
2024-07-26 14:57:41+00:00,AAL1347,31.09545174291578,-88.38588867187497,11277.6,99.97992114574456,243.41411341778783
2024-07-26 14:57:42+00:00,AAL1347,31.095245361328125,-88.38463278377759,11269.98,99.97992114574456,243.41411341778783
2024-07-26 14:57:43+00:00,AAL1347,31.094939668299787,-88.38237304687499,11277.6,99.97992114574456,243.41411341778783
2024-07-26 14:57:45+00:00,AAL1347,31.09405517578125,-88.37660522460936,11277.6,99.97992114574456,243.41411341778783
2024-07-26 14:57:46+00:00,AAL1347,31.09364318847656,-88.37380801930146,11277.6,99.97992114574456,243.41411341778783
2024-07-26 14:57:47+00:00,AAL1347,31.093310339976163,-88.37155151367188,11277.6,99.97992114574456,243.41411341778783
2024-07-26 14:57:48+00:00,AAL1347,31.092891369835804,-88.36880493164062,11277.6,99.97992114574456,243.41411341778783
2024-07-26 14:57:49+00:00,AAL1347,31.09251895193326,-88.36627807617185,11277.6,99.97992114574456,243.41411341778783
2024-07-26 14:57:50+00:00,AAL1347,31.09214653403072,-88.36380615234373,11277.6,99.86061804801496,243.32548619579188
2024-07-26 14:57:51+00:00,AAL1347,31.0916748046875,-88.36077521829043,11277.6,99.86061804801496,243.32548619579188
2024-07-26 14:57:52+00:00,AAL1347,31.09130859375,-88.35824405445771,11277.6,99.86061804801496,243.32548619579188
2024-07-26 14:57:53+00:00,AAL1347,31.09088962360964,-88.35551147460939,11277.6,99.86061804801496,243.32548619579188
2024-07-26 14:57:54+00:00,AAL1347,31.090610310182733,-88.35347900390622,11277.6,99.86061804801496,243.32548619579188
2024-07-26 14:57:55+00:00,AAL1347,31.090164184570312,-88.35075827205884,11277.6,99.86061804801496,243.32548619579188
2024-07-26 14:57:56+00:00,AAL1347,31.08981892213983,-88.34820556640625,11277.6,99.86061804801496,243.32548619579188
2024-07-26 14:57:57+00:00,AAL1347,31.089385986328125,-88.34548052619488,11277.6,99.86061804801496,243.32548619579188
2024-07-26 14:57:58+00:00,AAL1347,31.089019775390625,-88.34294936236216,11277.6,99.86061804801496,243.32548619579188
2024-07-26 14:57:59+00:00,AAL1347,31.088655116194385,-88.3404602050781,11277.6,99.86061804801496,243.32548619579188
2024-07-26 14:58:00+00:00,AAL1347,31.08828269829184,-88.33793334960939,11277.6,99.86061804801496,243.32548619579188
2024-07-26 14:58:01+00:00,AAL1347,31.087921142578125,-88.33567899816177,11277.6,99.86061804801496,243.32548619579188
2024-07-26 14:58:02+00:00,AAL1347,31.08750915527344,-88.33293241613052,11277.6,99.86061804801496,243.32548619579188
2024-07-26 14:58:03+00:00,AAL1347,31.087165444584212,-88.33068237304684,11277.6,99.86061804801496,243.32548619579188
2024-07-26 14:58:05+00:00,AAL1347,31.086467161016948,-88.32590332031248,11277.6,99.86061804801496,243.32548619579188
2024-07-26 14:58:06+00:00,AAL1347,31.08632750430349,-88.32491455078122,11277.6,99.86061804801496,243.32548619579188
2024-07-26 14:58:07+00:00,AAL1347,31.08576887744968,-88.32139892578124,11277.6,99.97992114574456,243.41411341778783
2024-07-26 14:58:09+00:00,AAL1347,31.084945678710938,-88.31586052389707,11277.6,99.97992114574456,243.41411341778783
2024-07-26 14:58:10+00:00,AAL1347,31.0845119670286,-88.31310424804684,11277.6,99.97992114574456,243.41411341778783
2024-07-26 14:58:12+00:00,AAL1347,31.08380126953125,-88.30832088694854,11277.6,99.97992114574456,243.41411341778783
2024-07-26 14:58:13+00:00,AAL1347,31.08338928222656,-88.30557430491729,11277.6,99.97992114574456,243.41411341778783
2024-07-26 14:58:14+00:00,AAL1347,31.08306884765625,-88.30358168658091,11277.6,99.97992114574456,243.41411341778783
2024-07-26 14:58:15+00:00,AAL1347,31.082649877515887,-88.30079956054686,11277.6,99.97992114574456,243.41411341778783
2024-07-26 14:58:16+00:00,AAL1347,31.082290649414062,-88.29830394071689,11277.6,99.97992114574456,243.41411341778783
2024-07-26 14:58:17+00:00,AAL1347,31.082091250662074,-88.29706420898435,11277.6,99.97992114574456,243.41411341778783
2024-07-26 14:58:18+00:00,AAL1347,31.081695556640625,-88.29431870404414,11277.6,99.97992114574456,243.41411341778783
2024-07-26 14:58:19+00:00,AAL1347,31.0810546875,-88.29006419462314,11277.6,99.97992114574456,243.41411341778783
2024-07-26 14:58:20+00:00,AAL1347,31.080834340240997,-88.28876953125001,11277.6,99.97992114574456,243.41411341778783
2024-07-26 14:58:21+00:00,AAL1347,31.080368041992188,-88.28554041245405,11277.6,99.97992114574456,243.41411341778783
2024-07-26 14:58:22+00:00,AAL1347,31.079996399960272,-88.28300170898439,11277.6,99.97992114574456,243.41411341778783
2024-07-26 14:58:23+00:00,AAL1347,31.079577429819917,-88.28052978515626,11277.6,99.97992114574456,243.41411341778783
2024-07-26 14:58:24+00:00,AAL1347,31.07920501191737,-88.27800292968749,11277.6,99.97992114574456,243.41411341778783
2024-07-26 14:58:25+00:00,AAL1347,31.078857421875,-88.27573888442095,11277.6,99.97992114574456,243.41411341778783
2024-07-26 14:58:26+00:00,AAL1347,31.078506728350103,-88.27322387695312,11277.6,99.97992114574456,243.41411341778783
2024-07-26 14:58:27+00:00,AAL1347,31.07794810149629,-88.26976318359374,11277.6,99.97992114574456,243.41411341778783
2024-07-26 14:58:28+00:00,AAL1347,31.0777587890625,-88.26846852022061,11277.6,99.97992114574456,243.41411341778783
2024-07-26 14:58:29+00:00,AAL1347,31.07720947265625,-88.26469870174634,11277.6,99.97992114574456,243.41411341778783
2024-07-26 14:58:30+00:00,AAL1347,31.076889038085938,-88.26270608340991,11277.6,99.97992114574456,243.41411341778783
2024-07-26 14:58:31+00:00,AAL1347,31.076568603515625,-88.26071346507354,11277.6,99.97992114574456,243.41411341778783
2024-07-26 14:58:32+00:00,AAL1347,31.076156616210938,-88.25796688304229,11277.6,99.97992114574456,243.41411341778783
2024-07-26 14:58:33+00:00,AAL1347,31.07579040527344,-88.25543571920957,11277.6,99.97992114574456,243.41411341778783
2024-07-26 14:58:34+00:00,AAL1347,31.07543428065413,-88.253173828125,11277.6,99.97992114574456,243.41411341778783
2024-07-26 14:58:35+00:00,AAL1347,31.07506186275159,-88.25070190429688,11277.6,99.97992114574456,243.41411341778783
2024-07-26 14:58:36+00:00,AAL1347,31.074642892611227,-88.24795532226562,11277.6,99.97992114574456,243.41411341778783
2024-07-26 14:58:37+00:00,AAL1347,31.074270474708683,-88.24542846679685,11277.6,99.97992114574456,243.41411341778783
2024-07-26 14:58:38+00:00,AAL1347,31.07391357421875,-88.24315688189341,11277.6,100.09913688199528,243.50379523690205
2024-07-26 14:58:39+00:00,AAL1347,31.07354736328125,-88.2406795726103,11277.6,100.09913688199528,243.50379523690205
2024-07-26 14:58:40+00:00,AAL1347,31.07313537597656,-88.23793299057905,11277.6,100.09913688199528,243.50379523690205
2024-07-26 14:58:41+00:00,AAL1347,31.072723388671875,-88.23540182674634,11277.6,100.09913688199528,243.50379523690205
2024-07-26 14:58:42+00:00,AAL1347,31.07240838519597,-88.23312377929688,11277.6,100.09913688199528,243.50379523690205
2024-07-26 14:58:43+00:00,AAL1347,31.07198941505561,-88.23037719726562,11277.6,100.09913688199528,243.50379523690205
2024-07-26 14:58:44+00:00,AAL1347,31.071570444915253,-88.2279052734375,11277.6,100.09913688199528,243.50379523690205
2024-07-26 14:58:45+00:00,AAL1347,31.07119802701271,-88.22537841796873,11277.6,100.09913688199528,243.50379523690205
2024-07-26 14:58:46+00:00,AAL1347,31.070846557617188,-88.22285371668198,11277.6,100.09913688199528,243.50379523690205
2024-07-26 14:58:47+00:00,AAL1347,31.07061767578125,-88.22134578929229,11277.6,100.09913688199528,243.50379523690205
2024-07-26 14:58:48+00:00,AAL1347,31.069976806640625,-88.21736055261948,11277.6,100.09913688199528,243.50379523690205
2024-07-26 14:58:49+00:00,AAL1347,31.06975490764036,-88.21587524414059,11277.6,99.97992114574456,243.41411341778783
2024-07-26 14:58:50+00:00,AAL1347,31.0693359375,-88.21310604319854,11277.6,99.97992114574456,243.41411341778783
2024-07-26 14:58:51+00:00,AAL1347,31.069015502929688,-88.21111342486216,11277.6,99.97992114574456,243.41411341778783
2024-07-26 14:58:52+00:00,AAL1347,31.068591101694917,-88.20807495117185,11277.6,99.97992114574456,243.41411341778783
2024-07-26 14:58:53+00:00,AAL1347,31.068099975585938,-88.20481244255518,11277.6,99.97992114574456,243.41411341778783
2024-07-26 14:58:54+00:00,AAL1347,31.067753161414192,-88.20258178710935,11277.6,99.97992114574456,243.41411341778783
2024-07-26 14:58:55+00:00,AAL1347,31.0675048828125,-88.20109647863052,11277.6,99.97992114574456,243.41411341778783
2024-07-26 14:58:56+00:00,AAL1347,31.06700134277344,-88.19759593290439,11277.6,99.97992114574456,243.41411341778783
2024-07-26 14:58:57+00:00,AAL1347,31.06658935546875,-88.19506476907168,11277.6,99.97992114574456,243.41411341778783
2024-07-26 14:58:58+00:00,AAL1347,31.06640314651748,-88.19379272460935,11277.6,99.97992114574456,243.41411341778783
2024-07-26 14:58:59+00:00,AAL1347,31.06581115722656,-88.18978702320771,11277.6,99.97992114574456,243.41411341778783
2024-07-26 14:59:00+00:00,AAL1347,31.06547210176112,-88.18753051757812,11277.6,99.97992114574456,243.41411341778783
2024-07-26 14:59:01+00:00,AAL1347,31.0653076171875,-88.18628647748164,11277.6,99.86061804801496,243.32548619579188
2024-07-26 14:59:02+00:00,AAL1347,31.06486692266949,-88.18357543945314,11277.6,99.86061804801496,243.32548619579188
2024-07-26 14:59:03+00:00,AAL1347,31.064483642578125,-88.18106258616729,11277.6,99.86061804801496,243.32548619579188
2024-07-26 14:59:04+00:00,AAL1347,31.06407553462659,-88.17830200195311,11277.6,99.86061804801496,243.32548619579188
2024-07-26 14:59:05+00:00,AAL1347,31.06370311672405,-88.17577514648434,11277.6,99.86061804801496,243.32548619579188
2024-07-26 14:59:06+00:00,AAL1347,31.06329345703125,-88.17303825827207,11277.6,99.86061804801496,243.32548619579188
2024-07-26 14:59:07+00:00,AAL1347,31.062911728681144,-88.17050170898438,11277.6,99.86061804801496,243.32548619579188
2024-07-26 14:59:08+00:00,AAL1347,31.062515258789062,-88.16776051240811,11277.6,99.86061804801496,243.32548619579188
2024-07-26 14:59:09+00:00,AAL1347,31.062073788400426,-88.16500854492188,11277.6,99.86061804801496,243.32548619579188
2024-07-26 14:59:10+00:00,AAL1347,31.061934131686968,-88.16401977539061,11277.6,99.86061804801496,243.32548619579188
2024-07-26 14:59:11+00:00,AAL1347,31.061375504833155,-88.16022949218751,11277.6,99.86061804801496,243.32548619579188
2024-07-26 14:59:12+00:00,AAL1347,31.061050415039062,-88.15801283892466,11277.6,99.86061804801496,243.32548619579188
2024-07-26 14:59:13+00:00,AAL1347,31.06086343021716,-88.15676879882812,11277.6,99.86061804801496,243.32548619579188
2024-07-26 14:59:14+00:00,AAL1347,31.060491012314618,-88.15424194335935,11277.6,99.86061804801496,243.32548619579188
2024-07-26 14:59:15+00:00,AAL1347,31.059860229492188,-88.15025778377759,11277.6,99.86061804801496,243.32548619579188
2024-07-26 14:59:16+00:00,AAL1347,31.059494018554688,-88.14772661994488,11277.6,99.86061804801496,243.32548619579188
2024-07-26 14:59:17+00:00,AAL1347,31.05908203125,-88.14498003791363,11277.6,100.00095050697128,242.9074700647184
2024-07-26 14:59:18+00:00,AAL1347,31.058853149414062,-88.14347211052393,11277.6,100.00095050697128,242.9074700647184
2024-07-26 14:59:19+00:00,AAL1347,31.05830383300781,-88.1399715647978,11277.6,100.00095050697128,242.9074700647184
2024-07-26 14:59:20+00:00,AAL1347,31.058074951171875,-88.13846363740811,11277.6,100.00095050697128,242.9074700647184
2024-07-26 14:59:21+00:00,AAL1347,31.057662963867188,-88.13571705537686,11277.6,100.00095050697128,242.9074700647184
2024-07-26 14:59:22+00:00,AAL1347,31.057388305664062,-88.13372443704043,11277.6,100.00095050697128,242.9074700647184
2024-07-26 14:59:23+00:00,AAL1347,31.05685993776483,-88.13045654296872,11277.6,100.00095050697128,242.9074700647184
2024-07-26 14:59:24+00:00,AAL1347,31.056487519862287,-88.1279296875,11277.6,100.00095050697128,242.9074700647184
2024-07-26 14:59:25+00:00,AAL1347,31.056068549721928,-88.12518310546875,11277.6,100.12040699001582,242.99733886824663
2024-07-26 14:59:26+00:00,AAL1347,31.0557426840572,-88.12320556640623,11277.6,100.12040699001582,242.99733886824663
2024-07-26 14:59:27+00:00,AAL1347,31.05532371391684,-88.12045898437498,11277.6,100.12040699001582,242.99733886824663
2024-07-26 14:59:28+00:00,AAL1347,31.0549512960143,-88.11793212890626,11277.6,100.12040699001582,242.99733886824663
2024-07-26 14:59:29+00:00,AAL1347,31.054595947265625,-88.11568316291363,11277.6,100.12040699001582,242.99733886824663
2024-07-26 14:59:30+00:00,AAL1347,31.054229736328125,-88.11320585363052,11277.6,100.12040699001582,242.99733886824663
2024-07-26 14:59:31+00:00,AAL1347,31.05381774902344,-88.11045927159927,11277.6,100.12040699001582,242.99733886824663
2024-07-26 14:59:32+00:00,AAL1347,31.05340576171875,-88.10792810776655,11277.6,100.12040699001582,242.99733886824663
2024-07-26 14:59:33+00:00,AAL1347,31.05294954978813,-88.10469360351561,11277.6,100.12040699001582,242.99733886824663
2024-07-26 14:59:34+00:00,AAL1347,31.052719116210938,-88.10345818014707,11277.6,100.12040699001582,242.99733886824663
2024-07-26 14:59:35+00:00,AAL1347,31.052297818458683,-88.10040893554685,11277.6,100.00095050697128,242.9074700647184
2024-07-26 14:59:36+00:00,AAL1347,31.05184936523437,-88.09769574333643,11277.6,100.00095050697128,242.9074700647184
2024-07-26 14:59:38+00:00,AAL1347,31.05122711698888,-88.09343261718749,11277.6,100.00095050697128,242.9074700647184
2024-07-26 14:59:39+00:00,AAL1347,31.05080814684852,-88.09068603515624,11277.6,100.00095050697128,242.9074700647184
2024-07-26 14:59:40+00:00,AAL1347,31.05052883342161,-88.08865356445312,11277.6,100.00095050697128,242.9074700647184
2024-07-26 14:59:41+00:00,AAL1347,31.05015563964844,-88.08644014246323,11277.6,100.00095050697128,242.9074700647184
2024-07-26 14:59:42+00:00,AAL1347,31.049551236427437,-88.08244628906249,11277.6,100.00095050697128,242.9074700647184
2024-07-26 14:59:43+00:00,AAL1347,31.049178818524894,-88.07991943359372,11277.6,100.00095050697128,242.9074700647184
2024-07-26 14:59:44+00:00,AAL1347,31.048828125,-88.07766185087314,11277.6,100.00095050697128,242.9074700647184
2024-07-26 14:59:45+00:00,AAL1347,31.04862019167108,-88.07640380859374,11277.6,100.12040699001582,242.99733886824663
2024-07-26 14:59:46+00:00,AAL1347,31.04820122153072,-88.07365722656249,11277.6,100.12040699001582,242.99733886824663
2024-07-26 14:59:47+00:00,AAL1347,31.047775268554688,-88.07093003216914,11277.6,100.12040699001582,242.99733886824663
2024-07-26 14:59:48+00:00,AAL1347,31.04736328125,-88.06816406249999,11277.6,100.12040699001582,242.99733886824663
2024-07-26 14:59:49+00:00,AAL1347,31.047037415585272,-88.06591186523434,11277.6,100.12040699001582,242.99733886824663
2024-07-26 14:59:50+00:00,AAL1347,31.04647878873146,-88.06239624023436,11277.6,100.12040699001582,242.99733886824663
2024-07-26 14:59:51+00:00,AAL1347,31.04610637082892,-88.05992431640624,11277.6,100.12040699001582,242.99733886824663
2024-07-26 14:59:52+00:00,AAL1347,31.0458984375,-88.05865119485293,11277.6,100.12040699001582,242.99733886824663
2024-07-26 14:59:53+00:00,AAL1347,31.045454639499468,-88.05569458007812,11277.6,100.12040699001582,242.99733886824663
2024-07-26 14:59:54+00:00,AAL1347,31.04502868652344,-88.05294261259189,11277.6,100.12040699001582,242.99733886824663
2024-07-26 14:59:55+00:00,AAL1347,31.04484946040784,-88.05168457031249,11277.6,100.12040699001582,242.99733886824663
2024-07-26 14:59:56+00:00,AAL1347,31.04425048828125,-88.04793413947613,11269.98,100.12040699001582,242.99733886824663
2024-07-26 14:59:57+00:00,AAL1347,31.04377875893803,-88.0449279785156,11277.6,100.12040699001582,242.99733886824663
2024-07-26 14:59:58+00:00,AAL1347,31.043426513671875,-88.04265639361216,11269.98,100.12040699001582,242.99733886824663
2024-07-26 14:59:59+00:00,AAL1347,31.04315185546875,-88.04066377527573,11269.98,100.12040699001582,242.99733886824663
2024-07-26 15:00:02+00:00,AAL1347,31.0418701171875,-88.03242402918198,11269.98,100.23977462904014,243.0882631599379
2024-07-26 15:00:03+00:00,AAL1347,31.04149769928496,-88.03020629882809,11269.98,100.23977462904014,243.0882631599379
2024-07-26 15:00:04+00:00,AAL1347,31.04132080078125,-88.02892348345591,11269.98,100.2613747172344,242.58203023647047
2024-07-26 15:00:05+00:00,AAL1347,31.04070631124205,-88.02493286132812,11269.98,100.2613747172344,242.58203023647047
2024-07-26 15:00:06+00:00,AAL1347,31.04028734110169,-88.0224609375,11269.98,100.2613747172344,242.58203023647047
2024-07-26 15:00:07+00:00,AAL1347,31.039947509765625,-88.02019904641543,11269.98,100.2613747172344,242.58203023647047
2024-07-26 15:00:08+00:00,AAL1347,31.0396728515625,-88.01842184627759,11269.98,100.2613747172344,242.58203023647047
2024-07-26 15:00:09+00:00,AAL1347,31.03912353515625,-88.01492130055146,11269.98,100.2613747172344,242.58203023647047
2024-07-26 15:00:10+00:00,AAL1347,31.03879766949152,-88.01268310546874,11269.98,100.2613747172344,242.58203023647047
2024-07-26 15:00:11+00:00,AAL1347,31.038425251588983,-88.01021118164061,11269.98,100.2613747172344,242.58203023647047
2024-07-26 15:00:12+00:00,AAL1347,31.037959729210804,-88.00746459960936,11269.98,100.2613747172344,242.58203023647047
2024-07-26 15:00:13+00:00,AAL1347,31.03758731130826,-88.00499267578124,11277.6,100.2613747172344,242.58203023647047
2024-07-26 15:00:14+00:00,AAL1347,31.037447654594807,-88.00394897460939,11277.6,100.2613747172344,242.58203023647047
2024-07-26 15:00:15+00:00,AAL1347,31.03679592326536,-87.99971923828122,11277.6,100.2613747172344,242.58203023647047
2024-07-26 15:00:16+00:00,AAL1347,31.03656005859375,-87.99849566291363,11277.6,100.2613747172344,242.58203023647047
2024-07-26 15:00:17+00:00,AAL1347,31.03614419193591,-87.99576416015623,11277.6,100.2613747172344,242.58203023647047
2024-07-26 15:00:18+00:00,AAL1347,31.03582763671875,-87.9934871897978,11277.6,100.2613747172344,242.58203023647047
2024-07-26 15:00:19+00:00,AAL1347,31.03525969941737,-87.9899963378906,11277.6,100.2613747172344,242.58203023647047
2024-07-26 15:00:20+00:00,AAL1347,31.03509521484375,-87.98874798943018,11277.6,100.2613747172344,242.58203023647047
2024-07-26 15:00:21+00:00,AAL1347,31.034561415850103,-87.98549194335936,11277.6,100.2613747172344,242.58203023647047
2024-07-26 15:00:22+00:00,AAL1347,31.034225463867188,-87.98325482536768,11277.6,100.2613747172344,242.58203023647047
2024-07-26 15:00:23+00:00,AAL1347,31.0337700278072,-87.98027343749999,11277.6,100.2613747172344,242.58203023647047
2024-07-26 15:00:24+00:00,AAL1347,31.03330993652344,-87.97754624310664,11277.6,100.2613747172344,242.58203023647047
2024-07-26 15:00:25+00:00,AAL1347,31.032943725585938,-87.97501507927393,11277.6,100.2613747172344,242.58203023647047
2024-07-26 15:00:26+00:00,AAL1347,31.03260622186176,-87.97280273437497,11277.6,100.2613747172344,242.58203023647047
2024-07-26 15:00:27+00:00,AAL1347,31.032211303710938,-87.97027587890625,11277.6,100.2613747172344,242.58203023647047
2024-07-26 15:00:28+00:00,AAL1347,31.031890869140625,-87.96828326056988,11277.6,100.2613747172344,242.58203023647047
2024-07-26 15:00:29+00:00,AAL1347,31.031535520391948,-87.96604614257814,11277.6,100.2613747172344,242.58203023647047
2024-07-26 15:00:30+00:00,AAL1347,31.03111655025159,-87.96329956054689,11277.6,100.2613747172344,242.58203023647047
2024-07-26 15:00:31+00:00,AAL1347,31.03055792339777,-87.9598388671875,11277.6,100.2613747172344,242.58203023647047
2024-07-26 15:00:32+00:00,AAL1347,31.030278609970868,-87.95786132812498,11277.6,100.2613747172344,242.58203023647047
2024-07-26 15:00:33+00:00,AAL1347,31.02985963983051,-87.95533447265626,11277.6,100.2613747172344,242.58203023647047
2024-07-26 15:00:34+00:00,AAL1347,31.029440669690143,-87.95258789062501,11277.6,100.2613747172344,242.58203023647047
2024-07-26 15:00:35+00:00,AAL1347,31.029281616210938,-87.9513729319853,11277.6,100.2613747172344,242.58203023647047
2024-07-26 15:00:36+00:00,AAL1347,31.02886962890625,-87.94884176815259,11277.6,100.28306514325644,242.0758319337947
2024-07-26 15:00:37+00:00,AAL1347,31.02845764160156,-87.94614904067095,11277.6,100.28306514325644,242.0758319337947
2024-07-26 15:00:38+00:00,AAL1347,31.02785789360434,-87.94237060546874,11277.6,100.28306514325644,242.0758319337947
2024-07-26 15:00:39+00:00,AAL1347,31.027496337890625,-87.94011733111216,11277.6,100.28306514325644,242.0758319337947
2024-07-26 15:00:40+00:00,AAL1347,31.027345818988348,-87.93890991210935,11277.6,100.28306514325644,242.0758319337947
2024-07-26 15:00:41+00:00,AAL1347,31.02685546875,-87.93591667624082,11277.6,100.28306514325644,242.0758319337947
2024-07-26 15:00:42+00:00,AAL1347,31.0264892578125,-87.93343936695771,11277.6,100.28306514325644,242.0758319337947
2024-07-26 15:00:43+00:00,AAL1347,31.026135460805083,-87.93116455078126,11277.6,100.28306514325644,242.0758319337947
2024-07-26 15:00:44+00:00,AAL1347,31.025716490664724,-87.92869262695314,11277.6,100.28306514325644,242.0758319337947
2024-07-26 15:00:45+00:00,AAL1347,31.02534484863281,-87.92616900275738,11277.6,100.28306514325644,242.0758319337947
2024-07-26 15:00:46+00:00,AAL1347,31.025018207097457,-87.92396850585936,11277.6,100.1632142922044,241.9845272272033
2024-07-26 15:00:47+00:00,AAL1347,31.024429321289062,-87.92019114774814,11277.6,100.1632142922044,241.9845272272033
2024-07-26 15:00:48+00:00,AAL1347,31.02401733398437,-87.91744456571689,11277.6,100.1417659428038,242.49091612797
2024-07-26 15:00:49+00:00,AAL1347,31.023834228515625,-87.91647518382354,11277.6,100.1417659428038,242.49091612797
2024-07-26 15:00:50+00:00,AAL1347,31.02324922206038,-87.91270751953124,11277.6,100.1417659428038,242.49091612797
2024-07-26 15:00:51+00:00,AAL1347,31.02292335639565,-87.91051025390624,11277.6,100.1417659428038,242.49091612797
2024-07-26 15:00:52+00:00,AAL1347,31.02255093849311,-87.90798339843747,11277.6,100.1417659428038,242.49091612797
2024-07-26 15:00:53+00:00,AAL1347,31.022131968352756,-87.90551147460934,11277.6,100.1417659428038,242.49091612797
2024-07-26 15:00:54+00:00,AAL1347,31.021774291992188,-87.90301154641543,11277.6,100.1417659428038,242.49091612797
2024-07-26 15:00:55+00:00,AAL1347,31.02134058030985,-87.90023803710938,11277.6,100.1417659428038,242.49091612797
2024-07-26 15:00:56+00:00,AAL1347,31.02099609375,-87.89800307329966,11277.6,100.1417659428038,242.49091612797
2024-07-26 15:00:57+00:00,AAL1347,31.020584106445312,-87.89552576401655,11277.6,100.1417659428038,242.49091612797
2024-07-26 15:00:58+00:00,AAL1347,31.020223326602224,-87.89304199218748,11277.6,100.1417659428038,242.49091612797
2024-07-26 15:00:59+00:00,AAL1347,31.01985090869968,-87.89051513671876,11277.6,100.1417659428038,242.49091612797
2024-07-26 15:01:00+00:00,AAL1347,31.01943193855932,-87.88804321289064,11277.6,100.1417659428038,242.49091612797
2024-07-26 15:01:01+00:00,AAL1347,31.01901296841896,-87.88529663085939,11277.6,100.1417659428038,242.49091612797
2024-07-26 15:01:02+00:00,AAL1347,31.01873365499205,-87.88331909179686,11277.6,100.1417659428038,242.49091612797
2024-07-26 15:01:03+00:00,AAL1347,31.018295288085938,-87.88055419921875,11277.6,100.1417659428038,242.49091612797
2024-07-26 15:01:04+00:00,AAL1347,31.01806640625,-87.87904627182905,11277.6,100.1417659428038,242.49091612797
2024-07-26 15:01:05+00:00,AAL1347,31.017616401284428,-87.87606811523438,11277.6,100.1417659428038,242.49091612797
2024-07-26 15:01:06+00:00,AAL1347,31.017197431144066,-87.87359619140625,11277.6,100.1417659428038,242.49091612797
2024-07-26 15:01:07+00:00,AAL1347,31.01682501324152,-87.87106933593748,11277.6,100.2613747172344,242.58203023647047
2024-07-26 15:01:08+00:00,AAL1347,31.01641845703125,-87.8685984892004,11277.6,100.2613747172344,242.58203023647047
2024-07-26 15:01:09+00:00,AAL1347,31.015914916992188,-87.86509794347427,11277.6,100.2613747172344,242.58203023647047
2024-07-26 15:01:10+00:00,AAL1347,31.015707759533896,-87.86387329101564,11269.98,100.2613747172344,242.58203023647047
2024-07-26 15:01:11+00:00,AAL1347,31.015288789393537,-87.86134643554686,11269.98,100.2613747172344,242.58203023647047
2024-07-26 15:01:12+00:00,AAL1347,31.014869819253175,-87.85859985351561,11269.98,100.2613747172344,242.58203023647047
2024-07-26 15:01:13+00:00,AAL1347,31.01454162597656,-87.85637350643384,11269.98,100.2613747172344,242.58203023647047
2024-07-26 15:01:14+00:00,AAL1347,31.01417153568591,-87.85415039062497,11277.6,100.2613747172344,242.58203023647047
2024-07-26 15:01:15+00:00,AAL1347,31.01385498046875,-87.85190357881436,11269.98,100.2613747172344,242.58203023647047
2024-07-26 15:01:16+00:00,AAL1347,31.013259887695312,-87.84813376034009,11277.6,100.2613747172344,242.58203023647047
2024-07-26 15:01:17+00:00,AAL1347,31.01291462526483,-87.84591064453122,11277.6,100.2613747172344,242.58203023647047
2024-07-26 15:01:19+00:00,AAL1347,31.01207668498411,-87.84063720703125,11277.6,100.2613747172344,242.58203023647047
2024-07-26 15:01:20+00:00,AAL1347,31.0117973715572,-87.83865966796873,11277.6,100.2613747172344,242.58203023647047
2024-07-26 15:01:21+00:00,AAL1347,31.01142495365466,-87.83640747070314,11277.6,100.1417659428038,242.49091612797
2024-07-26 15:01:22+00:00,AAL1347,31.01092529296875,-87.83316219554229,11277.6,100.1417659428038,242.49091612797
2024-07-26 15:01:23+00:00,AAL1347,31.01069641113281,-87.8317081227022,11277.6,100.1417659428038,242.49091612797
2024-07-26 15:01:24+00:00,AAL1347,31.01014709472656,-87.82820757697613,11277.6,100.1417659428038,242.49091612797
2024-07-26 15:01:25+00:00,AAL1347,31.009735107421875,-87.82546099494488,11277.6,100.1417659428038,242.49091612797
2024-07-26 15:01:26+00:00,AAL1347,31.009597778320312,-87.82443775850186,11277.6,100.1417659428038,242.49091612797
2024-07-26 15:01:27+00:00,AAL1347,31.00900423728813,-87.82069702148436,11277.6,100.1417659428038,242.49091612797
2024-07-26 15:01:28+00:00,AAL1347,31.00863647460937,-87.81819063074448,11277.6,100.1417659428038,242.49091612797
2024-07-26 15:01:29+00:00,AAL1347,31.00825940148305,-87.81597290039059,11277.6,100.1417659428038,242.49091612797
2024-07-26 15:01:30+00:00,AAL1347,31.00788698358051,-87.81350097656247,11277.6,100.1417659428038,242.49091612797
2024-07-26 15:01:31+00:00,AAL1347,31.0074462890625,-87.81048943014707,11277.6,100.1417659428038,242.49091612797
2024-07-26 15:01:32+00:00,AAL1347,31.007235252251057,-87.80921630859376,11277.6,100.1417659428038,242.49091612797
2024-07-26 15:01:33+00:00,AAL1347,31.006676625397244,-87.80575561523438,11277.6,100.1417659428038,242.49091612797
2024-07-26 15:01:34+00:00,AAL1347,31.006257655256885,-87.80300903320312,11277.6,100.1417659428038,242.49091612797
2024-07-26 15:01:35+00:00,AAL1347,31.005935668945312,-87.80074175666363,11277.6,100.1417659428038,242.49091612797
2024-07-26 15:01:36+00:00,AAL1347,31.005605923927437,-87.79850463867189,11277.6,100.1417659428038,242.49091612797
2024-07-26 15:01:37+00:00,AAL1347,31.00514040154926,-87.79575805664064,11277.6,100.1417659428038,242.49091612797
2024-07-26 15:01:38+00:00,AAL1347,31.004767983646715,-87.79328613281251,11277.6,100.1417659428038,242.49091612797
2024-07-26 15:01:39+00:00,AAL1347,31.00433349609375,-87.79050939223345,11277.6,100.1417659428038,242.49091612797
2024-07-26 15:01:40+00:00,AAL1347,31.00402314784163,-87.78828735351561,11277.6,100.1417659428038,242.49091612797
2024-07-26 15:01:41+00:00,AAL1347,31.00360107421875,-87.78577019186582,11277.6,100.1417659428038,242.49091612797
2024-07-26 15:01:42+00:00,AAL1347,31.00323486328125,-87.78329288258271,11277.6,100.1417659428038,242.49091612797
2024-07-26 15:01:43+00:00,AAL1347,31.002905894134003,-87.78103637695312,11277.6,100.2613747172344,242.58203023647047
2024-07-26 15:01:44+00:00,AAL1347,31.002486923993644,-87.778564453125,11277.6,100.2613747172344,242.58203023647047
2024-07-26 15:01:45+00:00,AAL1347,31.00204467773437,-87.77553782743564,11277.6,100.2613747172344,242.58203023647047
2024-07-26 15:01:46+00:00,AAL1347,31.00169553595074,-87.77329101562498,11277.6,100.2613747172344,242.58203023647047
2024-07-26 15:01:47+00:00,AAL1347,31.001369670286017,-87.77131347656251,11277.6,100.2613747172344,242.58203023647047
2024-07-26 15:01:48+00:00,AAL1347,31.00095070014565,-87.76856689453126,11277.6,100.2613747172344,242.58203023647047
2024-07-26 15:01:49+00:00,AAL1347,31.00062483448093,-87.76653442382809,11277.6,100.23977462904014,243.0882631599379
2024-07-26 15:01:50+00:00,AAL1347,31.000167846679688,-87.76358211741729,11277.6,100.23977462904014,243.0882631599379
2024-07-26 15:01:51+00:00,AAL1347,30.999755859375,-87.76105095358457,11277.6,100.23977462904014,243.0882631599379
2024-07-26 15:01:52+00:00,AAL1347,30.9993896484375,-87.75857364430146,11277.6,100.23977462904014,243.0882631599379
2024-07-26 15:01:53+00:00,AAL1347,30.999042058395126,-87.75631713867188,11277.6,100.23977462904014,243.0882631599379
2024-07-26 15:01:54+00:00,AAL1347,30.998623088254767,-87.75357055664062,11277.6,100.23977462904014,243.0882631599379
2024-07-26 15:01:55+00:00,AAL1347,30.998204118114405,-87.7510986328125,11277.6,100.23977462904014,243.0882631599379
2024-07-26 15:01:56+00:00,AAL1347,30.99783170021186,-87.74857177734373,11277.6,100.23977462904014,243.0882631599379
2024-07-26 15:01:57+00:00,AAL1347,30.99745928230932,-87.7460998535156,11277.6,100.23977462904014,243.0882631599379
2024-07-26 15:01:58+00:00,AAL1347,30.996993759931144,-87.74335327148435,11277.6,100.23977462904014,243.0882631599379
2024-07-26 15:01:59+00:00,AAL1347,30.9966213420286,-87.74082641601564,11277.6,100.23977462904014,243.0882631599379
2024-07-26 15:02:00+00:00,AAL1347,30.996248924126057,-87.73835449218751,11277.6,100.23977462904014,243.0882631599379
2024-07-26 15:02:01+00:00,AAL1347,30.99587650622352,-87.73610229492186,11277.6,100.23977462904014,243.0882631599379
2024-07-26 15:02:02+00:00,AAL1347,30.99555064055879,-87.73406982421875,11277.6,100.23977462904014,243.0882631599379
2024-07-26 15:02:03+00:00,AAL1347,30.9950385659428,-87.73060913085936,11277.6,100.23977462904014,243.0882631599379
2024-07-26 15:02:04+00:00,AAL1347,30.994619595802437,-87.72808227539059,11277.6,100.23977462904014,243.0882631599379
2024-07-26 15:02:05+00:00,AAL1347,30.994216918945312,-87.72561465992646,11277.6,100.23977462904014,243.0882631599379
2024-07-26 15:02:06+00:00,AAL1347,30.99406096894862,-87.72434692382814,11277.6,100.23977462904014,243.0882631599379
2024-07-26 15:02:07+00:00,AAL1347,30.99364199880826,-87.72182006835936,11277.6,100.23977462904014,243.0882631599379
2024-07-26 15:02:08+00:00,AAL1347,30.993083371954448,-87.71808471679685,11277.6,100.23977462904014,243.0882631599379
2024-07-26 15:02:09+00:00,AAL1347,30.99266440181409,-87.71561279296873,11277.6,100.23977462904014,243.0882631599379
2024-07-26 15:02:10+00:00,AAL1347,30.992477416992188,-87.71435905905332,11277.6,100.23977462904014,243.0882631599379
2024-07-26 15:02:11+00:00,AAL1347,30.991919566009003,-87.71061401367189,11277.6,100.23977462904014,243.0882631599379
2024-07-26 15:02:12+00:00,AAL1347,30.99165344238281,-87.70913516773896,11277.6,100.23977462904014,243.0882631599379
2024-07-26 15:02:13+00:00,AAL1347,30.991287231445312,-87.70660400390625,11277.6,100.23977462904014,243.0882631599379
2024-07-26 15:02:14+00:00,AAL1347,30.99070920782574,-87.70286865234374,11277.6,100.23977462904014,243.0882631599379
2024-07-26 15:02:15+00:00,AAL1347,30.990509033203125,-87.70159553079043,11277.6,100.23977462904014,243.0882631599379
2024-07-26 15:02:16+00:00,AAL1347,30.99005126953125,-87.69884894875918,11277.6,100.23977462904014,243.0882631599379
2024-07-26 15:02:17+00:00,AAL1347,30.98973161083157,-87.69660644531251,11277.6,100.23977462904014,243.0882631599379
2024-07-26 15:02:18+00:00,AAL1347,30.989227294921875,-87.69335578469668,11277.6,100.23977462904014,243.0882631599379
2024-07-26 15:02:19+00:00,AAL1347,30.98876953125,-87.69060920266543,11277.6,100.23977462904014,243.0882631599379
2024-07-26 15:02:20+00:00,AAL1347,30.98861435712394,-87.68935546874997,11277.6,100.23977462904014,243.0882631599379
2024-07-26 15:02:21+00:00,AAL1347,30.98819538698358,-87.68688354492184,11269.98,100.23977462904014,243.0882631599379
2024-07-26 15:02:22+00:00,AAL1347,30.987762451171875,-87.68387738396143,11269.98,100.23977462904014,243.0882631599379
2024-07-26 15:02:23+00:00,AAL1347,30.98740399894068,-87.68161010742188,11277.6,100.23977462904014,243.0882631599379
2024-07-26 15:02:24+00:00,AAL1347,30.986892700195312,-87.67838421989893,11277.6,100.23977462904014,243.0882631599379
2024-07-26 15:02:25+00:00,AAL1347,30.986519506422137,-87.67611694335938,11277.6,100.23977462904014,243.0882631599379
2024-07-26 15:02:26+00:00,AAL1347,30.98610053628178,-87.67337036132812,11269.98,100.23977462904014,243.0882631599379
2024-07-26 15:02:27+00:00,AAL1347,30.985748291015625,-87.67111385569854,11277.6,100.23977462904014,243.0882631599379
2024-07-26 15:02:28+00:00,AAL1347,30.985382080078125,-87.66863654641543,11277.6,100.23977462904014,243.0882631599379
2024-07-26 15:02:29+00:00,AAL1347,30.98497009277344,-87.66615923713238,11277.6,100.23977462904014,243.0882631599379
2024-07-26 15:02:30+00:00,AAL1347,30.98479707362288,-87.66491088867184,11277.6,100.23977462904014,243.0882631599379
2024-07-26 15:02:31+00:00,AAL1347,30.984146118164062,-87.66088149126841,11277.6,100.23977462904014,243.0882631599379
2024-07-26 15:02:32+00:00,AAL1347,30.983819476628707,-87.65864868164061,11277.6,100.23977462904014,243.0882631599379
2024-07-26 15:02:33+00:00,AAL1347,30.98345947265625,-87.65641156364893,11277.6,100.23977462904014,243.0882631599379
2024-07-26 15:02:34+00:00,AAL1347,30.98307464082362,-87.65392456054684,11277.6,100.35905248808372,243.18024175586143
2024-07-26 15:02:35+00:00,AAL1347,30.982516013969807,-87.65040893554686,11277.6,100.35905248808372,243.18024175586143
2024-07-26 15:02:36+00:00,AAL1347,30.98231506347656,-87.64914119944854,11277.6,100.35905248808372,243.18024175586143
2024-07-26 15:02:37+00:00,AAL1347,30.981910834878175,-87.64639892578123,11277.6,100.35905248808372,243.18024175586143
2024-07-26 15:02:38+00:00,AAL1347,30.9814453125,-87.6434326171875,11277.6,100.35905248808372,243.18024175586143
2024-07-26 15:02:39+00:00,AAL1347,30.981072894597457,-87.64118041992185,11277.6,100.35905248808372,243.18024175586143
2024-07-26 15:02:40+00:00,AAL1347,30.980700476694917,-87.63865356445314,11277.6,100.35905248808372,243.18024175586143
2024-07-26 15:02:41+00:00,AAL1347,30.980300903320312,-87.63616225298716,11277.6,100.35905248808372,243.18024175586143
2024-07-26 15:02:42+00:00,AAL1347,30.97979736328125,-87.63314639820771,11277.6,100.35905248808372,243.18024175586143
2024-07-26 15:02:43+00:00,AAL1347,30.979443566273837,-87.63090820312499,11277.6,100.35905248808372,243.18024175586143
2024-07-26 15:02:44+00:00,AAL1347,30.97907114837129,-87.62843627929686,11277.6,100.35905248808372,243.18024175586143
2024-07-26 15:02:45+00:00,AAL1347,30.97869873046875,-87.62614530675552,11277.6,100.35905248808372,243.18024175586143
2024-07-26 15:02:46+00:00,AAL1347,30.978286743164062,-87.62339872472427,11277.6,100.35905248808372,243.18024175586143
2024-07-26 15:02:47+00:00,AAL1347,30.977907342425848,-87.62118530273438,11277.6,100.35905248808372,243.18024175586143
2024-07-26 15:02:48+00:00,AAL1347,30.977534924523304,-87.6186584472656,11277.6,100.35905248808372,243.18024175586143
2024-07-26 15:02:49+00:00,AAL1347,30.977115954382946,-87.61591186523435,11277.6,100.35905248808372,243.18024175586143
2024-07-26 15:02:50+00:00,AAL1347,30.976638793945312,-87.61316636029414,11277.6,100.35905248808372,243.18024175586143
2024-07-26 15:02:51+00:00,AAL1347,30.97627258300781,-87.61068905101104,11277.6,100.35905248808372,243.18024175586143
2024-07-26 15:02:52+00:00,AAL1347,30.97604525291313,-87.60942993164059,11277.6,100.35905248808372,243.18024175586143
2024-07-26 15:02:53+00:00,AAL1347,30.9755859375,-87.60643454159009,11277.6,100.35905248808372,243.18024175586143
2024-07-26 15:02:54+00:00,AAL1347,30.9751607603946,-87.60366210937497,11277.6,100.35905248808372,243.18024175586143
2024-07-26 15:02:55+00:00,AAL1347,30.97480773925781,-87.60142606847427,11277.6,100.4782396357062,243.2732734601593
2024-07-26 15:02:56+00:00,AAL1347,30.97446247682733,-87.59915771484373,11277.6,100.4782396357062,243.2732734601593
2024-07-26 15:02:57+00:00,AAL1347,30.974136611162603,-87.59718017578126,11277.6,100.4782396357062,243.2732734601593
2024-07-26 15:02:58+00:00,AAL1347,30.97357177734375,-87.5936710133272,11277.6,100.4782396357062,243.2732734601593
2024-07-26 15:02:59+00:00,AAL1347,30.973159790039062,-87.59119370404414,11277.6,100.4782396357062,243.2732734601593
2024-07-26 15:03:00+00:00,AAL1347,30.97279357910156,-87.58866254021143,11277.6,100.4782396357062,243.2732734601593
2024-07-26 15:03:01+00:00,AAL1347,30.97236762612553,-87.58619384765626,11277.6,100.4782396357062,243.2732734601593
2024-07-26 15:03:02+00:00,AAL1347,30.97201538085937,-87.58392333984375,11277.6,100.4782396357062,243.2732734601593
2024-07-26 15:03:03+00:00,AAL1347,30.971466064453125,-87.58042279411768,11277.6,100.4782396357062,243.2732734601593
2024-07-26 15:03:04+00:00,AAL1347,30.971250372417902,-87.57894287109372,11277.6,100.4782396357062,243.2732734601593
2024-07-26 15:03:05+00:00,AAL1347,30.97083140227754,-87.576416015625,11277.6,100.4782396357062,243.2732734601593
2024-07-26 15:03:06+00:00,AAL1347,30.970458984375,-87.5741756663603,11277.6,100.4782396357062,243.2732734601593
2024-07-26 15:03:07+00:00,AAL1347,30.969993461996825,-87.57119750976562,11277.6,100.4782396357062,243.2732734601593
2024-07-26 15:03:08+00:00,AAL1347,30.969635009765625,-87.56895177504595,11277.6,100.4782396357062,243.2732734601593
2024-07-26 15:03:09+00:00,AAL1347,30.969268798828125,-87.56642061121323,11277.6,100.4782396357062,243.2732734601593
2024-07-26 15:03:10+00:00,AAL1347,30.96885681152344,-87.56394330193018,11277.6,100.4782396357062,243.2732734601593
2024-07-26 15:03:11+00:00,AAL1347,30.96839904785156,-87.56119671989893,11277.6,100.4782396357062,243.2732734601593
2024-07-26 15:03:12+00:00,AAL1347,30.96799171577065,-87.55839843749999,11277.6,100.4782396357062,243.2732734601593
2024-07-26 15:03:13+00:00,AAL1347,30.96762084960937,-87.55618824678311,11277.6,100.4782396357062,243.2732734601593
2024-07-26 15:03:14+00:00,AAL1347,30.96724687996557,-87.55367431640622,11277.6,100.45625059223087,243.77915656952104
2024-07-26 15:03:15+00:00,AAL1347,30.966796875,-87.55091050091914,11277.6,100.45625059223087,243.77915656952104
2024-07-26 15:03:16+00:00,AAL1347,30.96645549192267,-87.54867553710938,11277.6,100.45625059223087,243.77915656952104
2024-07-26 15:03:17+00:00,AAL1347,30.966036521782307,-87.5461486816406,11277.6,100.45625059223087,243.77915656952104
2024-07-26 15:03:18+00:00,AAL1347,30.965664103879767,-87.54389648437501,11277.6,100.45625059223087,243.77915656952104
2024-07-26 15:03:19+00:00,AAL1347,30.965291685977224,-87.54142456054689,11277.6,100.45625059223087,243.77915656952104
2024-07-26 15:03:20+00:00,AAL1347,30.964828491210938,-87.53863166360293,11277.6,100.45625059223087,243.77915656952104
2024-07-26 15:03:21+00:00,AAL1347,30.96446228027344,-87.53615435431988,11277.6,100.45625059223087,243.77915656952104
2024-07-26 15:03:22+00:00,AAL1347,30.96400451660156,-87.53340777228863,11277.6,100.45625059223087,243.77915656952104
2024-07-26 15:03:23+00:00,AAL1347,30.9636623576536,-87.53115234374997,11277.6,100.3373025337498,243.68631799541973
2024-07-26 15:03:24+00:00,AAL1347,30.963289939751057,-87.52862548828125,11277.6,100.3373025337498,243.68631799541973
2024-07-26 15:03:25+00:00,AAL1347,30.96282441737288,-87.52587890625,11277.6,100.3373025337498,243.68631799541973
2024-07-26 15:03:26+00:00,AAL1347,30.9623588949947,-87.52285766601562,11277.6,100.3373025337498,243.68631799541973
2024-07-26 15:03:27+00:00,AAL1347,30.962033029329977,-87.5208801269531,11277.6,100.3373025337498,243.68631799541973
2024-07-26 15:03:28+00:00,AAL1347,30.96162414550781,-87.51811308019302,11277.6,100.3373025337498,243.68631799541973
2024-07-26 15:03:29+00:00,AAL1347,30.961257934570312,-87.51585118910845,11277.6,100.3373025337498,243.68631799541973
2024-07-26 15:03:30+00:00,AAL1347,30.96091577562235,-87.51362915039061,11277.6,100.3373025337498,243.68631799541973
2024-07-26 15:03:31+00:00,AAL1347,30.960708618164062,-87.51235064338238,11277.6,100.3373025337498,243.68631799541973
2024-07-26 15:03:32+00:00,AAL1347,30.960113525390625,-87.50858082490811,11277.6,100.3373025337498,243.68631799541973
2024-07-26 15:03:33+00:00,AAL1347,30.959751969676905,-87.50632324218748,11277.6,100.3373025337498,243.68631799541973
2024-07-26 15:03:34+00:00,AAL1347,30.959243774414062,-87.50308766084561,11277.6,100.3373025337498,243.68631799541973
2024-07-26 15:03:35+00:00,AAL1347,30.958914029396183,-87.50083007812498,11277.6,100.3373025337498,243.68631799541973
2024-07-26 15:03:36+00:00,AAL1347,30.95844850701801,-87.49808349609373,11277.6,100.3373025337498,243.68631799541973
2024-07-26 15:03:37+00:00,AAL1347,30.958076089115465,-87.49555664062501,11277.6,100.3373025337498,243.68631799541973
2024-07-26 15:03:38+00:00,AAL1347,30.95787048339844,-87.49430936925552,11277.6,100.31564273385648,244.1924292052248
2024-07-26 15:03:39+00:00,AAL1347,30.95733125331038,-87.49077758789059,11277.6,100.31564273385648,244.1924292052248
2024-07-26 15:03:40+00:00,AAL1347,30.9569091796875,-87.48806224149814,11277.6,100.31564273385648,244.1924292052248
2024-07-26 15:03:41+00:00,AAL1347,30.95653986526748,-87.48577880859375,11277.6,100.31564273385648,244.1924292052248
2024-07-26 15:03:42+00:00,AAL1347,30.956167447364933,-87.48325195312498,11277.6,100.31564273385648,244.1924292052248
2024-07-26 15:03:43+00:00,AAL1347,30.95570192498676,-87.48050537109373,11277.6,100.31564273385648,244.1924292052248
2024-07-26 15:03:44+00:00,AAL1347,30.955352783203125,-87.47826071346509,11277.6,100.31564273385648,244.1924292052248
2024-07-26 15:03:45+00:00,AAL1347,30.95500364141949,-87.47600097656249,11277.6,100.31564273385648,244.1924292052248
2024-07-26 15:03:46+00:00,AAL1347,30.954620361328125,-87.47352151309741,11277.6,100.31564273385648,244.1924292052248
2024-07-26 15:03:47+00:00,AAL1347,30.95421225337659,-87.47072753906247,11277.6,100.31564273385648,244.1924292052248
2024-07-26 15:03:48+00:00,AAL1347,30.95388638771186,-87.46875,11277.6,100.31564273385648,244.1924292052248
2024-07-26 15:03:49+00:00,AAL1347,30.953521728515625,-87.46646656709561,11277.6,100.31564273385648,244.1924292052248
2024-07-26 15:03:50+00:00,AAL1347,30.95314155190678,-87.46397094726564,11277.6,100.31564273385648,244.1924292052248
2024-07-26 15:03:51+00:00,AAL1347,30.95269775390625,-87.46118882123164,11277.6,100.31564273385648,244.1924292052248
2024-07-26 15:03:52+00:00,AAL1347,30.95228576660156,-87.45871151194854,11277.6,100.31564273385648,244.1924292052248
2024-07-26 15:03:53+00:00,AAL1347,30.95196533203125,-87.45644962086396,11277.6,100.31564273385648,244.1924292052248
2024-07-26 15:03:54+00:00,AAL1347,30.951512223583155,-87.45364379882812,11277.6,100.31564273385648,244.1924292052248
2024-07-26 15:03:55+00:00,AAL1347,30.951141357421875,-87.45138729319854,11277.6,100.31564273385648,244.1924292052248
2024-07-26 15:03:56+00:00,AAL1347,30.950720835540253,-87.44864501953123,11277.6,100.43435262496511,244.2850754359156
2024-07-26 15:03:57+00:00,AAL1347,30.950301865399894,-87.44589843749998,11277.6,100.43435262496511,244.2850754359156
2024-07-26 15:03:58+00:00,AAL1347,30.94976806640625,-87.44260900160845,11277.6,100.43435262496511,244.2850754359156
2024-07-26 15:03:59+00:00,AAL1347,30.949539184570312,-87.44110107421875,11277.6,100.43435262496511,244.2850754359156
2024-07-26 15:04:00+00:00,AAL1347,30.94921875,-87.43910845588238,11277.6,100.43435262496511,244.2850754359156
2024-07-26 15:04:01+00:00,AAL1347,30.94862365722656,-87.43533863740811,11277.6,100.43435262496511,244.2850754359156
2024-07-26 15:04:02+00:00,AAL1347,30.948211669921875,-87.4328074735754,11277.6,100.43435262496511,244.2850754359156
2024-07-26 15:04:03+00:00,AAL1347,30.947881149033368,-87.43057250976562,11277.6,100.43435262496511,244.2850754359156
2024-07-26 15:04:04+00:00,AAL1347,30.947433471679688,-87.42779900045957,11277.6,100.43435262496511,244.2850754359156
2024-07-26 15:04:05+00:00,AAL1347,30.94697570800781,-87.42505241842832,11277.6,100.41254517559452,244.7910298376416
2024-07-26 15:04:06+00:00,AAL1347,30.946609497070312,-87.42252125459561,11277.6,100.41254517559452,244.7910298376416
2024-07-26 15:04:07+00:00,AAL1347,30.946334838867188,-87.42101332720591,11277.6,100.41254517559452,244.7910298376416
2024-07-26 15:04:08+00:00,AAL1347,30.9459228515625,-87.41826674517466,11277.6,100.41254517559452,244.7910298376416
2024-07-26 15:04:09+00:00,AAL1347,30.94551086425781,-87.41573558134189,11277.6,100.41254517559452,244.7910298376416
2024-07-26 15:04:10+00:00,AAL1347,30.9451904296875,-87.41374296300552,11277.6,100.41254517559452,244.7910298376416
2024-07-26 15:04:11+00:00,AAL1347,30.94476214909957,-87.41096191406251,11277.6,100.41254517559452,244.7910298376416
2024-07-26 15:04:12+00:00,AAL1347,30.944366455078125,-87.40846521714155,11277.6,100.53092785267484,244.88453032769067
2024-07-26 15:04:13+00:00,AAL1347,30.943924208818853,-87.40568847656249,11277.6,100.53092785267484,244.88453032769067
2024-07-26 15:04:14+00:00,AAL1347,30.94345092773437,-87.40291819852939,11277.6,100.53092785267484,244.88453032769067
2024-07-26 15:04:15+00:00,AAL1347,30.94331359863281,-87.40189496208643,11277.6,100.53092785267484,244.88453032769067
2024-07-26 15:04:16+00:00,AAL1347,30.94271850585937,-87.39817899816177,11277.6,100.53092785267484,244.88453032769067
2024-07-26 15:04:17+00:00,AAL1347,30.942398071289062,-87.39613252527573,11277.6,100.53092785267484,244.88453032769067
2024-07-26 15:04:18+00:00,AAL1347,30.94192246259269,-87.39338378906251,11277.6,100.53092785267484,244.88453032769067
2024-07-26 15:04:19+00:00,AAL1347,30.9415283203125,-87.39085477941177,11269.98,100.53092785267484,244.88453032769067
2024-07-26 15:04:20+00:00,AAL1347,30.941177626787603,-87.38860473632809,11277.6,100.53092785267484,244.88453032769067
2024-07-26 15:04:21+00:00,AAL1347,30.94094486559852,-87.38712158203123,11277.6,100.53092785267484,244.88453032769067
2024-07-26 15:04:22+00:00,AAL1347,30.94029235839844,-87.3830997242647,11277.6,100.5529719989288,244.37876950662368
2024-07-26 15:04:23+00:00,AAL1347,30.93988037109375,-87.38056856043198,11277.6,100.5529719989288,244.37876950662368
2024-07-26 15:04:24+00:00,AAL1347,30.939468383789062,-87.37803739659927,11277.6,100.5529719989288,244.37876950662368
2024-07-26 15:04:25+00:00,AAL1347,30.93905639648437,-87.37556008731616,11277.6,100.5529719989288,244.37876950662368
2024-07-26 15:04:26+00:00,AAL1347,30.93866380594544,-87.37305908203126,11277.6,100.5529719989288,244.37876950662368
2024-07-26 15:04:27+00:00,AAL1347,30.93832397460937,-87.37076703239893,11277.6,100.5529719989288,244.37876950662368
2024-07-26 15:04:28+00:00,AAL1347,30.937911987304688,-87.36828972311582,11277.6,100.5529719989288,244.37876950662368
2024-07-26 15:04:29+00:00,AAL1347,30.9375,-87.36575855928311,11277.6,100.5529719989288,244.37876950662368
2024-07-26 15:04:30+00:00,AAL1347,30.936941373146183,-87.36223754882809,11277.6,100.5529719989288,244.37876950662368
2024-07-26 15:04:31+00:00,AAL1347,30.936522403005824,-87.35971069335938,11277.6,100.5529719989288,244.37876950662368
2024-07-26 15:04:32+00:00,AAL1347,30.93638274629237,-87.35872192382811,11277.6,100.5529719989288,244.37876950662368
2024-07-26 15:04:33+00:00,AAL1347,30.935760498046875,-87.35498764935664,11277.6,100.5529719989288,244.37876950662368
2024-07-26 15:04:34+00:00,AAL1347,30.935302734375,-87.35218721277573,11277.6,100.5529719989288,244.37876950662368
2024-07-26 15:04:35+00:00,AAL1347,30.9349365234375,-87.34970990349268,11277.6,100.5529719989288,244.37876950662368
2024-07-26 15:04:36+00:00,AAL1347,30.93475341796875,-87.34868666704966,11277.6,100.5529719989288,244.37876950662368
2024-07-26 15:04:37+00:00,AAL1347,30.934158325195312,-87.3449168485754,11277.6,100.5529719989288,244.37876950662368
2024-07-26 15:04:38+00:00,AAL1347,30.933746337890625,-87.34243953929229,11277.6,100.5529719989288,244.37876950662368
2024-07-26 15:04:39+00:00,AAL1347,30.933543059785485,-87.34114379882811,11277.6,100.5529719989288,244.37876950662368
2024-07-26 15:04:40+00:00,AAL1347,30.932876586914062,-87.33716179342832,11277.6,100.5529719989288,244.37876950662368
2024-07-26 15:04:41+00:00,AAL1347,30.93246459960937,-87.33463062959561,11277.6,100.5529719989288,244.37876950662368
2024-07-26 15:04:42+00:00,AAL1347,30.932098388671875,-87.3320994657629,11277.6,100.5529719989288,244.37876950662368
2024-07-26 15:04:43+00:00,AAL1347,30.931915283203125,-87.33113008386948,11277.6,100.5529719989288,244.37876950662368
2024-07-26 15:04:44+00:00,AAL1347,30.931262000132413,-87.32708129882809,11277.6,100.5529719989288,244.37876950662368
2024-07-26 15:04:45+00:00,AAL1347,30.93088958222987,-87.32460937499997,11277.6,100.5529719989288,244.37876950662368
2024-07-26 15:04:46+00:00,AAL1347,30.930563716565143,-87.32257690429685,11277.6,100.5529719989288,244.37876950662368
2024-07-26 15:04:47+00:00,AAL1347,30.93013000488281,-87.32008990119488,11277.6,100.5529719989288,244.37876950662368
2024-07-26 15:04:48+00:00,AAL1347,30.9298095703125,-87.31809728285845,11269.98,100.5529719989288,244.37876950662368
2024-07-26 15:04:49+00:00,AAL1347,30.92939758300781,-87.31556611902573,11277.6,100.5529719989288,244.37876950662368
2024-07-26 15:04:50+00:00,AAL1347,30.928985595703125,-87.31281953699448,11277.6,100.5529719989288,244.37876950662368
2024-07-26 15:04:51+00:00,AAL1347,30.92857360839844,-87.31028837316177,11277.6,100.5529719989288,244.37876950662368
2024-07-26 15:04:52+00:00,AAL1347,30.928390502929688,-87.30926513671875,11277.6,100.5529719989288,244.37876950662368
2024-07-26 15:04:53+00:00,AAL1347,30.92777058229608,-87.30527343749998,11277.6,100.5529719989288,244.37876950662368
2024-07-26 15:04:54+00:00,AAL1347,30.927211955442267,-87.3017578125,11277.6,100.5529719989288,244.37876950662368
2024-07-26 15:04:55+00:00,AAL1347,30.92706298828125,-87.301025390625,11277.6,100.5529719989288,244.37876950662368
2024-07-26 15:04:56+00:00,AAL1347,30.92646711963718,-87.29725341796876,11277.6,100.5529719989288,244.37876950662368
2024-07-26 15:04:57+00:00,AAL1347,30.926055908203125,-87.29472440831802,11277.6,100.5529719989288,244.37876950662368
2024-07-26 15:04:58+00:00,AAL1347,30.92564392089844,-87.29224709903491,11277.6,100.5529719989288,244.37876950662368
2024-07-26 15:04:59+00:00,AAL1347,30.92525676145392,-87.28972778320309,11277.6,100.5529719989288,244.37876950662368
2024-07-26 15:05:00+00:00,AAL1347,30.924819946289062,-87.28696935317095,11277.6,100.5529719989288,244.37876950662368
2024-07-26 15:05:01+00:00,AAL1347,30.924605030124468,-87.28571777343751,11277.6,100.5529719989288,244.37876950662368
2024-07-26 15:05:02+00:00,AAL1347,30.924041748046875,-87.28217629825366,11277.6,100.5529719989288,244.37876950662368
2024-07-26 15:05:03+00:00,AAL1347,30.92367398536811,-87.27994995117189,11277.6,100.5529719989288,244.37876950662368
2024-07-26 15:05:04+00:00,AAL1347,30.923309326171875,-87.27770637063418,11277.6,100.5529719989288,244.37876950662368
2024-07-26 15:05:05+00:00,AAL1347,30.922897338867188,-87.27517520680146,11277.6,100.5529719989288,244.37876950662368
2024-07-26 15:05:06+00:00,AAL1347,30.92251017942267,-87.27264404296875,11277.6,100.5529719989288,244.37876950662368
2024-07-26 15:05:07+00:00,AAL1347,30.922091209282307,-87.27017211914062,11277.6,100.5529719989288,244.37876950662368
2024-07-26 15:05:08+00:00,AAL1347,30.921661376953125,-87.26742015165439,11277.6,100.5529719989288,244.37876950662368
2024-07-26 15:05:09+00:00,AAL1347,30.921299821239405,-87.26511840820314,11277.6,100.5529719989288,244.37876950662368
2024-07-26 15:05:10+00:00,AAL1347,30.92092740333686,-87.26286621093749,11277.6,100.5529719989288,244.37876950662368
2024-07-26 15:05:11+00:00,AAL1347,30.920508433196503,-87.26039428710936,11277.6,100.5529719989288,244.37876950662368
2024-07-26 15:05:12+00:00,AAL1347,30.91994980634269,-87.25687866210939,11277.6,100.5529719989288,244.37876950662368
2024-07-26 15:05:13+00:00,AAL1347,30.91973876953125,-87.25535673253677,11277.6,100.5529719989288,244.37876950662368
2024-07-26 15:05:14+00:00,AAL1347,30.919344627251057,-87.25308837890623,11277.6,100.5529719989288,244.37876950662368
2024-07-26 15:05:15+00:00,AAL1347,30.9188232421875,-87.24986356847427,11277.6,100.5529719989288,244.37876950662368
2024-07-26 15:05:16+00:00,AAL1347,30.91854858398437,-87.24808636833643,11277.6,100.5529719989288,244.37876950662368
2024-07-26 15:05:17+00:00,AAL1347,30.918136596679688,-87.24555520450366,11277.6,100.5529719989288,244.37876950662368
2024-07-26 15:05:18+00:00,AAL1347,30.917724609375,-87.24307789522061,11277.6,100.5529719989288,244.37876950662368
2024-07-26 15:05:19+00:00,AAL1347,30.917312622070312,-87.24033131318936,11277.6,100.5529719989288,244.37876950662368
2024-07-26 15:05:20+00:00,AAL1347,30.91692391088453,-87.238037109375,11277.6,100.5529719989288,244.37876950662368
2024-07-26 15:05:21+00:00,AAL1347,30.91655149298199,-87.23556518554688,11277.6,100.5529719989288,244.37876950662368
2024-07-26 15:05:22+00:00,AAL1347,30.91607666015625,-87.23279167624082,11277.6,100.5529719989288,244.37876950662368
2024-07-26 15:05:23+00:00,AAL1347,30.91566467285156,-87.23004509420957,11277.6,100.5529719989288,244.37876950662368
2024-07-26 15:05:24+00:00,AAL1347,30.915252685546875,-87.22751393037686,11277.6,100.5529719989288,244.37876950662368
2024-07-26 15:05:25+00:00,AAL1347,30.914782507944917,-87.22474365234376,11277.6,100.5529719989288,244.37876950662368
2024-07-26 15:05:26+00:00,AAL1347,30.9144287109375,-87.22250545726104,11277.6,100.5529719989288,244.37876950662368
2024-07-26 15:05:27+00:00,AAL1347,30.91401672363281,-87.21975887522979,11277.6,100.5529719989288,244.37876950662368
2024-07-26 15:05:28+00:00,AAL1347,30.91357214976165,-87.21699829101561,11277.6,100.5529719989288,244.37876950662368
2024-07-26 15:05:29+00:00,AAL1347,30.91319274902344,-87.21475040211396,11277.6,100.5529719989288,244.37876950662368
2024-07-26 15:05:30+00:00,AAL1347,30.91282731395657,-87.21249389648438,11277.6,100.5529719989288,244.37876950662368
2024-07-26 15:05:31+00:00,AAL1347,30.912408343816207,-87.20969238281248,11277.6,100.5529719989288,244.37876950662368
2024-07-26 15:05:32+00:00,AAL1347,30.911989373675848,-87.20722045898435,11277.6,100.5529719989288,244.37876950662368
2024-07-26 15:05:33+00:00,AAL1347,30.911544799804688,-87.20446418313418,11277.6,100.5529719989288,244.37876950662368
2024-07-26 15:05:34+00:00,AAL1347,30.9113376423464,-87.20293579101559,11277.6,100.5529719989288,244.37876950662368
2024-07-26 15:05:35+00:00,AAL1347,30.910858154296875,-87.20020967371323,11277.6,100.5529719989288,244.37876950662368
2024-07-26 15:05:36+00:00,AAL1347,30.91045314982786,-87.19744262695309,11277.6,100.5529719989288,244.37876950662368
2024-07-26 15:05:37+00:00,AAL1347,30.910079956054688,-87.19520120059741,11277.6,100.5529719989288,244.37876950662368
2024-07-26 15:05:38+00:00,AAL1347,30.909615209547137,-87.19244384765625,11277.6,100.5529719989288,244.37876950662368
2024-07-26 15:05:39+00:00,AAL1347,30.90919623940678,-87.18964233398435,11277.6,100.43435262496511,244.2850754359156
2024-07-26 15:05:40+00:00,AAL1347,30.909056582693324,-87.18865356445309,11277.6,100.5529719989288,244.37876950662368
2024-07-26 15:05:41+00:00,AAL1347,30.908432006835938,-87.18491498161768,11277.6,100.5529719989288,244.37876950662368
2024-07-26 15:05:42+00:00,AAL1347,30.907974243164062,-87.18211454503677,11277.6,100.5529719989288,244.37876950662368
2024-07-26 15:05:43+00:00,AAL1347,30.90760803222656,-87.17963723575366,11277.6,100.5529719989288,244.37876950662368
2024-07-26 15:05:44+00:00,AAL1347,30.907196044921875,-87.17710607192095,11277.6,100.5529719989288,244.37876950662368
2024-07-26 15:05:45+00:00,AAL1347,30.906784057617188,-87.1746287626379,11277.6,100.5529719989288,244.37876950662368
2024-07-26 15:05:46+00:00,AAL1347,30.906326293945312,-87.17182832605698,11269.98,100.5529719989288,244.37876950662368
2024-07-26 15:05:47+00:00,AAL1347,30.90598413499735,-87.16959228515623,11269.98,100.5529719989288,244.37876950662368
2024-07-26 15:05:48+00:00,AAL1347,30.90556516485699,-87.16706542968751,11269.98,100.5529719989288,244.37876950662368
2024-07-26 15:05:49+00:00,AAL1347,30.905181884765625,-87.16455796185664,11269.98,100.5529719989288,244.37876950662368
2024-07-26 15:05:50+00:00,AAL1347,30.90472722457627,-87.16184692382814,11269.98,100.5529719989288,244.37876950662368
2024-07-26 15:05:51+00:00,AAL1347,30.90449446338718,-87.16030883789062,11269.98,100.5529719989288,244.37876950662368
2024-07-26 15:05:52+00:00,AAL1347,30.90399169921875,-87.15707217945771,11269.98,100.5529719989288,244.37876950662368
2024-07-26 15:05:53+00:00,AAL1347,30.903563418630824,-87.154541015625,11277.6,100.5529719989288,244.37876950662368
2024-07-26 15:05:54+00:00,AAL1347,30.903121948242188,-87.15179443359375,11277.6,100.5529719989288,244.37876950662368
2024-07-26 15:05:55+00:00,AAL1347,30.90277203058792,-87.1495422363281,11269.98,100.5529719989288,244.37876950662368
2024-07-26 15:05:56+00:00,AAL1347,30.902389526367188,-87.14705523322613,11277.6,100.5529719989288,244.37876950662368
2024-07-26 15:05:57+00:00,AAL1347,30.9019340903072,-87.14426879882814,11277.6,100.5529719989288,244.37876950662368
2024-07-26 15:05:58+00:00,AAL1347,30.90151512016684,-87.14174194335936,11277.6,100.5529719989288,244.37876950662368
2024-07-26 15:05:59+00:00,AAL1347,30.901290893554688,-87.14026955997241,11269.98,100.5529719989288,244.37876950662368
2024-07-26 15:06:00+00:00,AAL1347,30.90067717988612,-87.13652343749999,11277.6,100.5529719989288,244.37876950662368
2024-07-26 15:06:01+00:00,AAL1347,30.90025820974576,-87.13399658203122,11277.6,100.5529719989288,244.37876950662368
2024-07-26 15:06:02+00:00,AAL1347,30.900118553032307,-87.13300781250001,11277.6,100.5529719989288,244.37876950662368
2024-07-26 15:06:03+00:00,AAL1347,30.89959716796875,-87.12971406824448,11277.6,100.5529719989288,244.37876950662368
2024-07-26 15:06:04+00:00,AAL1347,30.899139404296875,-87.12696748621323,11277.6,100.5529719989288,244.37876950662368
2024-07-26 15:06:05+00:00,AAL1347,30.898727416992188,-87.12449017693018,11277.6,100.5529719989288,244.37876950662368
2024-07-26 15:06:06+00:00,AAL1347,30.89839612023305,-87.12224121093749,11277.6,100.5529719989288,244.37876950662368
2024-07-26 15:06:07+00:00,AAL1347,30.89793059785487,-87.11949462890624,11277.6,100.5529719989288,244.37876950662368
2024-07-26 15:06:08+00:00,AAL1347,30.89755817995233,-87.11696777343747,11277.6,100.5529719989288,244.37876950662368
2024-07-26 15:06:09+00:00,AAL1347,30.89717102050781,-87.11468864889707,11277.6,100.5529719989288,244.37876950662368
2024-07-26 15:06:10+00:00,AAL1347,30.89672023967161,-87.11196899414062,11277.6,100.5529719989288,244.37876950662368
2024-07-26 15:06:11+00:00,AAL1347,30.89634704589844,-87.10946475758271,11277.6,100.5529719989288,244.37876950662368
2024-07-26 15:06:12+00:00,AAL1347,30.89593505859375,-87.10693359375,11277.6,100.57510757526018,243.8730450102832
2024-07-26 15:06:13+00:00,AAL1347,30.895660400390625,-87.10521024816177,11277.6,100.57510757526018,243.8730450102832
2024-07-26 15:06:14+00:00,AAL1347,30.89504435911017,-87.10142211914064,11277.6,100.57510757526018,243.8730450102832
2024-07-26 15:06:15+00:00,AAL1347,30.89483642578125,-87.10020177504595,11277.6,100.57510757526018,243.8730450102832
2024-07-26 15:06:16+00:00,AAL1347,30.89442443847656,-87.09767061121323,11277.6,100.57510757526018,243.8730450102832
2024-07-26 15:06:17+00:00,AAL1347,30.893880553164724,-87.09417114257809,11277.6,100.57510757526018,243.8730450102832
2024-07-26 15:06:18+00:00,AAL1347,30.89350891113281,-87.09190817440259,11277.6,100.57510757526018,243.8730450102832
2024-07-26 15:06:19+00:00,AAL1347,30.893096923828125,-87.08943086511948,11277.6,100.57510757526018,243.8730450102832
2024-07-26 15:06:20+00:00,AAL1347,30.89268493652344,-87.08689970128677,11277.6,100.57510757526018,243.8730450102832
2024-07-26 15:06:21+00:00,AAL1347,30.89229777707892,-87.08439331054689,11277.6,100.57510757526018,243.8730450102832
2024-07-26 15:06:22+00:00,AAL1347,30.89187880693856,-87.08192138671876,11277.6,100.57510757526018,243.8730450102832
2024-07-26 15:06:23+00:00,AAL1347,30.89144897460937,-87.0791446461397,11277.6,100.57510757526018,243.8730450102832
2024-07-26 15:06:24+00:00,AAL1347,30.891036987304688,-87.07666733685664,11277.6,100.57510757526018,243.8730450102832
2024-07-26 15:06:25+00:00,AAL1347,30.890670776367188,-87.07440544577207,11277.6,100.57510757526018,243.8730450102832
2024-07-26 15:06:26+00:00,AAL1347,30.890533447265625,-87.07338220932905,11277.6,100.57510757526018,243.8730450102832
2024-07-26 15:06:27+00:00,AAL1347,30.88984680175781,-87.06939697265625,11277.6,100.57510757526018,243.8730450102832
2024-07-26 15:06:28+00:00,AAL1347,30.88945809057203,-87.06687011718748,11277.6,100.57510757526018,243.8730450102832
2024-07-26 15:06:29+00:00,AAL1347,30.889132224907307,-87.06489257812501,11277.6,100.57510757526018,243.8730450102832
2024-07-26 15:06:30+00:00,AAL1347,30.88857359805349,-87.06137695312498,11277.6,100.57510757526018,243.8730450102832
2024-07-26 15:06:31+00:00,AAL1347,30.88824773238877,-87.05939941406251,11277.6,100.693872565621,243.96798210561647
2024-07-26 15:06:32+00:00,AAL1347,30.887875314486227,-87.05714721679686,11277.6,100.693872565621,243.96798210561647
2024-07-26 15:06:33+00:00,AAL1347,30.887420654296875,-87.05437155330884,11277.6,100.57510757526018,243.8730450102832
2024-07-26 15:06:34+00:00,AAL1347,30.88705444335937,-87.05184038947613,11277.6,100.57510757526018,243.8730450102832
2024-07-26 15:06:35+00:00,AAL1347,30.8865966796875,-87.04909380744488,11277.6,100.57510757526018,243.8730450102832
2024-07-26 15:06:36+00:00,AAL1347,30.886152881686968,-87.04638061523434,11277.6,100.57510757526018,243.8730450102832
2024-07-26 15:06:37+00:00,AAL1347,30.885955810546875,-87.04510857077207,11277.6,100.57510757526018,243.8730450102832
2024-07-26 15:06:38+00:00,AAL1347,30.885498046875,-87.04236198874082,11277.6,100.57510757526018,243.8730450102832
2024-07-26 15:06:39+00:00,AAL1347,30.88531494140625,-87.04110717773438,11277.6,100.57510757526018,243.8730450102832
2024-07-26 15:06:40+00:00,AAL1347,30.88471984863281,-87.037353515625,11277.6,100.57510757526018,243.8730450102832
2024-07-26 15:06:41+00:00,AAL1347,30.884262084960938,-87.03460693359375,11277.6,100.57510757526018,243.8730450102832
2024-07-26 15:06:42+00:00,AAL1347,30.883804321289062,-87.03159107881436,11277.6,100.45625059223087,243.77915656952104
2024-07-26 15:06:43+00:00,AAL1347,30.88339233398437,-87.02911376953125,11277.6,100.45625059223087,243.77915656952104
2024-07-26 15:06:44+00:00,AAL1347,30.882980346679688,-87.02658260569854,11277.6,100.45625059223087,243.77915656952104
2024-07-26 15:06:45+00:00,AAL1347,30.882568359375,-87.02383602366729,11277.6,100.45625059223087,243.77915656952104
2024-07-26 15:06:46+00:00,AAL1347,30.882195941472457,-87.0216064453125,11277.6,100.45625059223087,243.77915656952104
2024-07-26 15:06:47+00:00,AAL1347,30.8818359375,-87.01931224149814,11277.6,100.45625059223087,243.77915656952104
2024-07-26 15:06:48+00:00,AAL1347,30.88145110566737,-87.01710205078126,11277.6,100.45625059223087,243.77915656952104
2024-07-26 15:06:49+00:00,AAL1347,30.88105773925781,-87.01457304113052,11277.6,100.45625059223087,243.77915656952104
2024-07-26 15:06:50+00:00,AAL1347,30.880691528320312,-87.01209573184741,11277.6,100.45625059223087,243.77915656952104
2024-07-26 15:06:51+00:00,AAL1347,30.880333851959744,-87.00985107421872,11277.6,100.45625059223087,243.77915656952104
2024-07-26 15:06:52+00:00,AAL1347,30.87986832958157,-87.00704956054688,11277.6,100.45625059223087,243.77915656952104
2024-07-26 15:06:53+00:00,AAL1347,30.87945556640625,-87.0043406767004,11277.6,100.45625059223087,243.77915656952104
2024-07-26 15:06:54+00:00,AAL1347,30.87904357910156,-87.00180951286768,11277.6,100.45625059223087,243.77915656952104
2024-07-26 15:06:56+00:00,AAL1347,30.878239001257946,-86.9968322753906,11277.6,100.45625059223087,243.77915656952104
2024-07-26 15:06:57+00:00,AAL1347,30.877899169921875,-86.99459300321689,11277.6,100.45625059223087,243.77915656952104
2024-07-26 15:06:58+00:00,AAL1347,30.87754071769068,-86.99232788085936,11277.6,100.57510757526018,243.8730450102832
2024-07-26 15:06:59+00:00,AAL1347,30.87716829978813,-86.99007568359372,11277.6,100.57510757526018,243.8730450102832
2024-07-26 15:07:00+00:00,AAL1347,30.87660967293432,-86.98656005859374,11277.6,100.57510757526018,243.8730450102832
2024-07-26 15:07:01+00:00,AAL1347,30.876205444335938,-86.98430678423716,11277.6,100.57510757526018,243.8730450102832
2024-07-26 15:07:02+00:00,AAL1347,30.87581828489142,-86.98183593749997,11277.6,100.59733514502358,243.3673570651208
2024-07-26 15:07:03+00:00,AAL1347,30.875473022460938,-86.97956758386948,11277.6,100.59733514502358,243.3673570651208
2024-07-26 15:07:04+00:00,AAL1347,30.87502689684852,-86.97683715820312,11277.6,100.59733514502358,243.3673570651208
2024-07-26 15:07:05+00:00,AAL1347,30.87464904785156,-86.97455911075366,11277.6,100.59733514502358,243.3673570651208
2024-07-26 15:07:06+00:00,AAL1347,30.874191284179688,-86.97181252872241,11277.6,100.59733514502358,243.3673570651208
2024-07-26 15:07:07+00:00,AAL1347,30.873825073242188,-86.96933521943936,11277.6,100.59733514502358,243.3673570651208
2024-07-26 15:07:08+00:00,AAL1347,30.87344412076271,-86.96705932617186,11277.6,100.59733514502358,243.3673570651208
2024-07-26 15:07:09+00:00,AAL1347,30.87302515062235,-86.96431274414061,11277.6,100.59733514502358,243.3673570651208
2024-07-26 15:07:10+00:00,AAL1347,30.872699284957623,-86.96233520507809,11277.6,100.59733514502358,243.3673570651208
2024-07-26 15:07:11+00:00,AAL1347,30.872094105865997,-86.95881958007811,11277.6,100.59733514502358,243.3673570651208
2024-07-26 15:07:12+00:00,AAL1347,30.87176513671875,-86.95657169117646,11277.6,100.59733514502358,243.3673570651208
2024-07-26 15:07:13+00:00,AAL1347,30.87134927006091,-86.95409545898434,11277.6,100.716338093744,243.4624913512568
2024-07-26 15:07:14+00:00,AAL1347,30.87098693847656,-86.95183249080884,11277.6,100.716338093744,243.4624913512568
2024-07-26 15:07:15+00:00,AAL1347,30.870574951171875,-86.94935518152573,11277.6,100.716338093744,243.4624913512568
2024-07-26 15:07:16+00:00,AAL1347,30.87009235963983,-86.94635009765625,11277.6,100.716338093744,243.4624913512568
2024-07-26 15:07:17+00:00,AAL1347,30.869766493975103,-86.94437255859373,11277.6,100.716338093744,243.4624913512568
2024-07-26 15:07:18+00:00,AAL1347,30.869384765625,-86.942138671875,11277.6,100.716338093744,243.4624913512568
2024-07-26 15:07:19+00:00,AAL1347,30.86902165817002,-86.93986816406249,11277.6,100.716338093744,243.4624913512568
2024-07-26 15:07:20+00:00,AAL1347,30.86851501464844,-86.93686092601104,11277.6,100.716338093744,243.4624913512568
2024-07-26 15:07:21+00:00,AAL1347,30.8681837178893,-86.93464965820311,11277.6,100.716338093744,243.4624913512568
2024-07-26 15:07:22+00:00,AAL1347,30.86778259277344,-86.93239099839155,11277.6,100.716338093744,243.4624913512568
2024-07-26 15:07:23+00:00,AAL1347,30.867438882084212,-86.93014526367188,11277.6,100.716338093744,243.4624913512568
2024-07-26 15:07:24+00:00,AAL1347,30.86697335970604,-86.92739868164062,11277.6,100.716338093744,243.4624913512568
2024-07-26 15:07:25+00:00,AAL1347,30.86655438956568,-86.9249267578125,11277.6,100.83524756420309,243.55867508737572
2024-07-26 15:07:26+00:00,AAL1347,30.866134643554688,-86.92215863396143,11277.6,100.83524756420309,243.55867508737572
2024-07-26 15:07:27+00:00,AAL1347,30.86562334480932,-86.91915893554688,11277.6,100.83524756420309,243.55867508737572
2024-07-26 15:07:28+00:00,AAL1347,30.865264892578125,-86.91693474264707,11277.6,100.83524756420309,243.55867508737572
2024-07-26 15:07:29+00:00,AAL1347,30.8647854045286,-86.91421508789062,11277.6,100.83524756420309,243.55867508737572
2024-07-26 15:07:30+00:00,AAL1347,30.86444091796875,-86.91192626953125,11277.6,100.8580448697747,243.0534219422769
2024-07-26 15:07:31+00:00,AAL1347,30.863983154296875,-86.9091796875,11277.6,100.8580448697747,243.0534219422769
2024-07-26 15:07:32+00:00,AAL1347,30.863571166992188,-86.90670237821689,11277.6,100.8580448697747,243.0534219422769
2024-07-26 15:07:33+00:00,AAL1347,30.8632026284428,-86.90449218750001,11277.6,100.8580448697747,243.0534219422769
2024-07-26 15:07:34+00:00,AAL1347,30.862783658302437,-86.90196533203124,11277.6,100.8580448697747,243.0534219422769
2024-07-26 15:07:35+00:00,AAL1347,30.86231813592426,-86.89921874999999,11277.6,100.8580448697747,243.0534219422769
2024-07-26 15:07:36+00:00,AAL1347,30.862106323242188,-86.89797794117646,11277.6,100.8580448697747,243.0534219422769
2024-07-26 15:07:37+00:00,AAL1347,30.861666404594807,-86.895263671875,11277.6,100.8580448697747,243.0534219422769
2024-07-26 15:07:38+00:00,AAL1347,30.861107777740997,-86.89174804687497,11277.6,100.8580448697747,243.0534219422769
2024-07-26 15:07:39+00:00,AAL1347,30.860824584960938,-86.89027674057905,11277.6,100.8580448697747,243.0534219422769
2024-07-26 15:07:40+00:00,AAL1347,30.860409494173727,-86.88751831054685,11277.6,100.8580448697747,243.0534219422769
2024-07-26 15:07:41+00:00,AAL1347,30.859897419557733,-86.88455200195312,11277.6,100.8580448697747,243.0534219422769
2024-07-26 15:07:42+00:00,AAL1347,30.859431897179554,-86.88180541992188,11277.6,100.8580448697747,243.0534219422769
2024-07-26 15:07:43+00:00,AAL1347,30.85905947927701,-86.8792785644531,11277.6,100.8580448697747,243.0534219422769
2024-07-26 15:07:44+00:00,AAL1347,30.858673095703125,-86.87702852136948,11277.6,100.8580448697747,243.0534219422769
2024-07-26 15:07:45+00:00,AAL1347,30.858444213867188,-86.87557444852939,11277.6,100.8580448697747,243.0534219422769
2024-07-26 15:07:46+00:00,AAL1347,30.85803533004502,-86.873291015625,11277.6,100.8580448697747,243.0534219422769
2024-07-26 15:07:47+00:00,AAL1347,30.857391357421875,-86.86932732077207,11277.6,100.8580448697747,243.0534219422769
2024-07-26 15:07:48+00:00,AAL1347,30.85707092285156,-86.86733470243564,11277.6,100.8580448697747,243.0534219422769
2024-07-26 15:07:49+00:00,AAL1347,30.856613159179688,-86.86458812040439,11277.6,100.8580448697747,243.0534219422769
2024-07-26 15:07:50+00:00,AAL1347,30.856201171875,-86.86211081112134,11277.6,100.8580448697747,243.0534219422769
2024-07-26 15:07:51+00:00,AAL1347,30.855847374867583,-86.85988769531247,11277.6,100.8580448697747,243.0534219422769
2024-07-26 15:07:52+00:00,AAL1347,30.855428404727224,-86.85736083984375,11277.6,100.8580448697747,243.0534219422769
2024-07-26 15:07:53+00:00,AAL1347,30.85496288234905,-86.8546142578125,11277.6,100.8580448697747,243.0534219422769
2024-07-26 15:07:54+00:00,AAL1347,30.85459899902344,-86.8524169921875,11277.6,100.8580448697747,243.0534219422769
2024-07-26 15:07:55+00:00,AAL1347,30.85426459878178,-86.85016479492185,11277.6,100.8580448697747,243.0534219422769
2024-07-26 15:07:56+00:00,AAL1347,30.853683471679688,-86.84665455537686,11277.6,100.8580448697747,243.0534219422769
2024-07-26 15:07:57+00:00,AAL1347,30.853287001787603,-86.84445190429688,11277.6,100.8580448697747,243.0534219422769
2024-07-26 15:07:58+00:00,AAL1347,30.85296113612288,-86.84241943359376,11277.6,100.8580448697747,243.0534219422769
2024-07-26 15:07:59+00:00,AAL1347,30.852584838867188,-86.83997659122241,11277.6,100.8580448697747,243.0534219422769
2024-07-26 15:08:00+00:00,AAL1347,30.852169748079977,-86.83769531249999,11277.6,100.8580448697747,243.0534219422769
2024-07-26 15:08:01+00:00,AAL1347,30.851611121226163,-86.8342346191406,11277.6,100.8580448697747,243.0534219422769
2024-07-26 15:08:02+00:00,AAL1347,30.85128525556144,-86.83225708007814,11277.6,100.8580448697747,243.0534219422769
2024-07-26 15:08:03+00:00,AAL1347,30.85081973318326,-86.82951049804689,11277.6,100.8580448697747,243.0534219422769
2024-07-26 15:08:04+00:00,AAL1347,30.850616455078125,-86.82823629940259,11277.6,100.8580448697747,243.0534219422769
2024-07-26 15:08:05+00:00,AAL1347,30.85002834514036,-86.82451171874999,11277.6,100.88093715003724,242.5482074364629
2024-07-26 15:08:06+00:00,AAL1347,30.849609375,-86.82204302619488,11277.6,100.88093715003724,242.5482074364629
2024-07-26 15:08:07+00:00,AAL1347,30.849197387695312,-86.81956571691177,11277.6,100.88093715003724,242.5482074364629
2024-07-26 15:08:08+00:00,AAL1347,30.84877143471928,-86.81704101562497,11277.6,100.88093715003724,242.5482074364629
2024-07-26 15:08:09+00:00,AAL1347,30.84835246457892,-86.81456909179684,11277.6,100.88093715003724,242.5482074364629
2024-07-26 15:08:10+00:00,AAL1347,30.84800720214844,-86.81234920726104,11277.6,100.88093715003724,242.5482074364629
2024-07-26 15:08:11+00:00,AAL1347,30.84759521484375,-86.80987189797793,11277.6,100.88093715003724,242.5482074364629
2024-07-26 15:08:12+00:00,AAL1347,30.847188658633478,-86.807373046875,11277.6,100.88093715003724,242.5482074364629
2024-07-26 15:08:13+00:00,AAL1347,30.846725463867188,-86.80464800666363,11277.6,100.88093715003724,242.5482074364629
2024-07-26 15:08:14+00:00,AAL1347,30.8463134765625,-86.80211684283091,11277.6,100.88093715003724,242.5482074364629
2024-07-26 15:08:15+00:00,AAL1347,30.84588519597457,-86.7996826171875,11277.6,100.88093715003724,242.5482074364629
2024-07-26 15:08:16+00:00,AAL1347,30.845652434785485,-86.79814453124999,11277.6,100.88093715003724,242.5482074364629
2024-07-26 15:08:17+00:00,AAL1347,30.845093807931672,-86.7946838378906,11277.6,100.88093715003724,242.5482074364629
2024-07-26 15:08:18+00:00,AAL1347,30.84462828555349,-86.79193725585935,11277.6,100.88093715003724,242.5482074364629
2024-07-26 15:08:19+00:00,AAL1347,30.84420931541313,-86.78946533203123,11277.6,100.88093715003724,242.5482074364629
2024-07-26 15:08:20+00:00,AAL1347,30.84384155273437,-86.78725298713238,11277.6,100.88093715003724,242.5482074364629
2024-07-26 15:08:21+00:00,AAL1347,30.84346447960805,-86.78501586914064,11277.6,100.88093715003724,242.5482074364629
2024-07-26 15:08:22+00:00,AAL1347,30.84304550946769,-86.78226928710939,11277.6,100.88093715003724,242.5482074364629
2024-07-26 15:08:23+00:00,AAL1347,30.8426513671875,-86.78003647748164,11277.6,100.88093715003724,242.5482074364629
2024-07-26 15:08:24+00:00,AAL1347,30.842514038085938,-86.77901324103863,11277.6,100.88093715003724,242.5482074364629
2024-07-26 15:08:25+00:00,AAL1347,30.8419189453125,-86.77556654986216,11277.6,100.88093715003724,242.5482074364629
2024-07-26 15:08:26+00:00,AAL1347,30.841416181144066,-86.77254638671872,11277.6,100.88093715003724,242.5482074364629
2024-07-26 15:08:27+00:00,AAL1347,30.84104376324152,-86.77007446289059,11277.6,100.88093715003724,242.5482074364629
2024-07-26 15:08:28+00:00,AAL1347,30.84063720703125,-86.7678653492647,11277.6,100.76155016473278,242.451622834916
2024-07-26 15:08:29+00:00,AAL1347,30.84022521972656,-86.76511876723345,11277.6,100.76155016473278,242.451622834916
2024-07-26 15:08:30+00:00,AAL1347,30.839740300582623,-86.76238403320309,11277.6,100.76155016473278,242.451622834916
2024-07-26 15:08:31+00:00,AAL1347,30.839367882680083,-86.75991210937497,11277.6,100.76155016473278,242.451622834916
2024-07-26 15:08:32+00:00,AAL1347,30.838948912539724,-86.75744018554684,11277.6,100.76155016473278,242.451622834916
2024-07-26 15:08:33+00:00,AAL1347,30.838483390161542,-86.75469360351559,11277.6,100.76155016473278,242.451622834916
2024-07-26 15:08:34+00:00,AAL1347,30.838157524496825,-86.75271606445312,11277.6,100.76155016473278,242.451622834916
2024-07-26 15:08:35+00:00,AAL1347,30.837799072265625,-86.75047032973345,11277.6,100.76155016473278,242.451622834916
2024-07-26 15:08:36+00:00,AAL1347,30.83741268869173,-86.74799194335935,11277.6,100.76155016473278,242.451622834916
2024-07-26 15:08:37+00:00,AAL1347,30.83702087402344,-86.74573112936582,11277.6,100.76155016473278,242.451622834916
2024-07-26 15:08:38+00:00,AAL1347,30.83660888671875,-86.74325382008271,11277.6,100.76155016473278,242.451622834916
2024-07-26 15:08:39+00:00,AAL1347,30.836202330508478,-86.74079589843751,11277.6,100.76155016473278,242.451622834916
2024-07-26 15:08:40+00:00,AAL1347,30.83583068847656,-86.73851461971509,11277.6,100.76155016473278,242.451622834916
2024-07-26 15:08:41+00:00,AAL1347,30.835464477539062,-86.73603731043198,11277.6,100.76155016473278,242.451622834916
2024-07-26 15:08:42+00:00,AAL1347,30.835006713867188,-86.7333445829504,11277.6,100.76155016473278,242.451622834916
2024-07-26 15:08:43+00:00,AAL1347,30.8345947265625,-86.73086727366729,11277.6,100.76155016473278,242.451622834916
2024-07-26 15:08:44+00:00,AAL1347,30.83438679323358,-86.72958984374998,11277.6,100.76155016473278,242.451622834916
2024-07-26 15:08:45+00:00,AAL1347,30.83367919921875,-86.72515869140625,11277.6,100.76155016473278,242.451622834916
2024-07-26 15:08:46+00:00,AAL1347,30.83331609176377,-86.72288818359374,11269.98,100.76155016473278,242.451622834916
2024-07-26 15:08:47+00:00,AAL1347,30.83285522460937,-86.72015021829043,11269.98,100.7842978675626,241.9462455450251
2024-07-26 15:08:48+00:00,AAL1347,30.83266436043432,-86.71893310546875,11269.98,100.7842978675626,241.9462455450251
2024-07-26 15:08:49+00:00,AAL1347,30.83216857910156,-86.71594956341914,11277.6,100.6420685412186,242.35609174350367
2024-07-26 15:08:50+00:00,AAL1347,30.83164021120233,-86.71272583007811,11269.98,100.52249320732152,242.26161540851876
2024-07-26 15:08:51+00:00,AAL1347,30.83150055448888,-86.71173706054685,11277.6,100.40282509558966,242.16819506442783
2024-07-26 15:08:52+00:00,AAL1347,30.830978393554688,-86.70851763556988,11277.6,100.1632142922044,241.9845272272033
2024-07-26 15:08:53+00:00,AAL1347,30.83080227092161,-86.70723266601561,11277.6,99.90228115210704,242.31186174478864
2024-07-26 15:08:54+00:00,AAL1347,30.830429853019066,-86.70448608398436,11269.98,99.54240011467388,242.05123225905643
2024-07-26 15:08:55+00:00,AAL1347,30.829871226165253,-86.70053100585938,11277.6,99.16234704572172,242.30803902021407
2024-07-26 15:08:56+00:00,AAL1347,30.82949880826271,-86.69778442382812,11277.6,98.80170832320782,242.0670856691852
2024-07-26 15:08:57+00:00,AAL1347,30.82926604707362,-86.69575195312501,11277.6,98.4225129801525,242.3446254819234
2024-07-26 15:08:58+00:00,AAL1347,30.828986733646715,-86.69328002929689,11277.6,98.1817356650628,242.196061043215
2024-07-26 15:08:59+00:00,AAL1347,30.8287353515625,-86.69101490693936,11277.6,97.8200259973643,241.98124617746365
2024-07-26 15:09:00+00:00,AAL1347,30.828567763506356,-86.68976440429685,11277.6,97.44189786111627,242.28619372274636
2024-07-26 15:09:01+00:00,AAL1347,30.828288450079448,-86.6870178222656,11277.6,97.20050481577994,242.15508055306935
2024-07-26 15:09:02+00:00,AAL1347,30.827911376953125,-86.68325985179229,11277.6,96.83793546790604,241.96648090306147
2024-07-26 15:09:03+00:00,AAL1347,30.82777637546345,-86.68196411132811,11277.6,96.46109708007536,242.29875500944345
2024-07-26 15:09:04+00:00,AAL1347,30.827497062036542,-86.67921752929686,11277.6,96.21922968879116,242.1851335905365
2024-07-26 15:09:05+00:00,AAL1347,30.827224731445312,-86.67545094209561,11277.6,95.85601358542895,242.02280285421995
2024-07-26 15:09:06+00:00,AAL1347,30.82699584960937,-86.6729197782629,11277.6,95.4806852245136,242.38229830452573
2024-07-26 15:09:07+00:00,AAL1347,30.826812744140625,-86.67065788717832,11277.6,95.23848563070354,242.28619372274636
2024-07-26 15:09:08+00:00,AAL1347,30.826675415039062,-86.66812672334561,11277.6,94.8748366066374,242.1501624281952
2024-07-26 15:09:09+00:00,AAL1347,30.82656601728019,-86.66691284179689,11277.6,94.8748366066374,242.1501624281952
2024-07-26 15:09:10+00:00,AAL1347,30.82635498046875,-86.66311825022979,11277.6,94.25884612217035,242.4581721593108
2024-07-26 15:09:11+00:00,AAL1347,30.826171875,-86.66031781364893,11277.6,93.89497816870688,242.3484476293951
2024-07-26 15:09:12+00:00,AAL1347,30.826080322265625,-86.65778664981616,11277.6,93.65222278030636,242.2807320906159
2024-07-26 15:09:13+00:00,AAL1347,30.82591428595074,-86.65504760742186,11277.6,93.2878460720445,242.18731912051575
2024-07-26 15:09:14+00:00,AAL1347,30.825821181475103,-86.65252075195309,11277.6,93.03832607147493,242.64420824196355
2024-07-26 15:09:15+00:00,AAL1347,30.825728076999468,-86.64971923828125,11277.6,92.67429224338326,242.56730153229887
2024-07-26 15:09:16+00:00,AAL1347,30.82568152476165,-86.64823608398439,11277.6,92.31004222080244,242.5001927819388
2024-07-26 15:09:17+00:00,AAL1347,30.82562255859375,-86.6454539579504,11277.6,92.06710321693528,242.4609009922624
2024-07-26 15:09:18+00:00,AAL1347,30.8255418680482,-86.64290771484372,11277.6,91.702557969523,242.4101396713224
2024-07-26 15:09:19+00:00,AAL1347,30.82553100585937,-86.64163028492646,11277.6,91.702557969523,242.4101396713224
2024-07-26 15:09:20+00:00,AAL1347,30.825448763572563,-86.63785400390623,11277.6,91.33787478668911,242.36919537821805
2024-07-26 15:09:21+00:00,AAL1347,30.825402211334744,-86.63532714843751,11277.6,91.21628816783216,242.35772973658788
2024-07-26 15:09:22+00:00,AAL1347,30.82539367675781,-86.63403679342832,11277.6,91.09469059185304,242.3473555934114
2024-07-26 15:09:23+00:00,AAL1347,30.82530910685911,-86.62999877929684,11277.6,91.09469059185304,242.3473555934114
2024-07-26 15:09:24+00:00,AAL1347,30.82530212402344,-86.62773581112134,11277.6,91.21628816783216,242.35772973658788
2024-07-26 15:09:25+00:00,AAL1347,30.82525634765625,-86.62493537454043,11277.6,91.21628816783216,242.35772973658788
2024-07-26 15:09:26+00:00,AAL1347,30.825210571289062,-86.62391213809741,11277.6,91.21628816783216,242.35772973658788
2024-07-26 15:09:27+00:00,AAL1347,30.82516945014565,-86.62164916992185,11277.6,91.21628816783216,242.35772973658788
2024-07-26 15:09:29+00:00,AAL1347,30.82507634567002,-86.61632080078124,11277.6,91.33787478668911,242.36919537821805
2024-07-26 15:09:30+00:00,AAL1347,30.825027465820312,-86.61357206456802,11277.6,91.33787478668911,242.36919537821805
2024-07-26 15:09:31+00:00,AAL1347,30.82493668895657,-86.60978393554689,11277.6,91.33787478668911,242.36919537821805
2024-07-26 15:09:32+00:00,AAL1347,30.82489013671875,-86.60727108226104,11277.6,91.33787478668911,242.36919537821805
2024-07-26 15:09:33+00:00,AAL1347,30.82484436035156,-86.60473991842832,11277.6,91.33787478668911,242.36919537821805
2024-07-26 15:09:34+00:00,AAL1347,30.82479703224311,-86.6024230957031,11277.6,91.33787478668911,242.36919537821805
2024-07-26 15:09:35+00:00,AAL1347,30.824752807617188,-86.60118551815259,11277.6,91.33787478668911,242.36919537821805
2024-07-26 15:09:36+00:00,AAL1347,30.82470703125,-86.59687715418198,11277.6,91.33787478668911,242.36919537821805
2024-07-26 15:09:37+00:00,AAL1347,30.82466125488281,-86.59536922679229,11277.6,91.33787478668911,242.36919537821805
2024-07-26 15:09:38+00:00,AAL1347,30.824615478515625,-86.59283806295957,11277.6,91.33787478668911,242.36919537821805
2024-07-26 15:09:39+00:00,AAL1347,30.824564271054022,-86.59160156249999,11277.6,91.33787478668911,242.36919537821805
2024-07-26 15:09:40+00:00,AAL1347,30.824517718816207,-86.58880004882809,11277.6,91.33787478668911,242.36919537821805
2024-07-26 15:09:41+00:00,AAL1347,30.824432373046875,-86.5850291532629,11277.6,91.33787478668911,242.36919537821805
2024-07-26 15:09:42+00:00,AAL1347,30.824386596679688,-86.58346737132354,11277.6,91.33787478668911,242.36919537821805
2024-07-26 15:09:43+00:00,AAL1347,30.8243408203125,-86.57969755284927,11277.6,91.45944935499227,242.38175236340496
2024-07-26 15:09:44+00:00,AAL1347,30.82428495762712,-86.57841796874999,11277.6,91.45944935499227,242.38175236340496
2024-07-26 15:09:46+00:00,AAL1347,30.82415771484375,-86.57188864315259,11277.6,91.45944935499227,242.38175236340496
2024-07-26 15:09:47+00:00,AAL1347,30.82415771484375,-86.57086540670957,11277.6,91.45944935499227,242.38175236340496
2024-07-26 15:09:48+00:00,AAL1347,30.824020385742188,-86.56682631548716,11277.6,91.45944935499227,242.38175236340496
2024-07-26 15:09:49+00:00,AAL1347,30.82400564420021,-86.56556396484376,11277.6,91.45944935499227,242.38175236340496
2024-07-26 15:09:50+00:00,AAL1347,30.82391253972457,-86.5617736816406,11277.6,91.45944935499227,242.38175236340496
2024-07-26 15:09:51+00:00,AAL1347,30.82386598748676,-86.55974121093749,11277.6,91.45944935499227,242.38175236340496
2024-07-26 15:09:52+00:00,AAL1347,30.82381943524894,-86.55721435546872,11277.6,91.45944935499227,242.38175236340496
2024-07-26 15:09:53+00:00,AAL1347,30.82379150390625,-86.55594769646143,11277.6,91.45944935499227,242.38175236340496
2024-07-26 15:09:54+00:00,AAL1347,30.823699951171875,-86.55217787798716,11277.6,91.45944935499227,242.38175236340496
2024-07-26 15:09:55+00:00,AAL1347,30.823679778535485,-86.55089721679684,11277.6,91.45944935499227,242.38175236340496
2024-07-26 15:09:56+00:00,AAL1347,30.82358667405985,-86.54738159179686,11277.6,91.45944935499227,242.38175236340496
2024-07-26 15:09:57+00:00,AAL1347,30.82354012182203,-86.54458007812497,11277.6,91.45944935499227,242.38175236340496
2024-07-26 15:09:58+00:00,AAL1347,30.823471069335938,-86.54232249540439,11277.6,91.45944935499227,242.38175236340496
2024-07-26 15:09:59+00:00,AAL1347,30.82340046510858,-86.53853759765622,11277.6,91.45944935499227,242.38175236340496
2024-07-26 15:10:00+00:00,AAL1347,30.82337951660156,-86.53726016773896,11277.6,91.58101077996066,242.3954005225416
2024-07-26 15:10:01+00:00,AAL1347,30.823307360632946,-86.53375854492185,11269.98,91.58101077996066,242.3954005225416
2024-07-26 15:10:02+00:00,AAL1347,30.8232421875,-86.53095918543198,11269.98,91.58101077996066,242.3954005225416
2024-07-26 15:10:03+00:00,AAL1347,30.823150634765625,-86.52842802159927,11269.98,91.58101077996066,242.3954005225416
2024-07-26 15:10:04+00:00,AAL1347,30.823150634765625,-86.52740478515625,11269.98,91.58101077996066,242.3954005225416
2024-07-26 15:10:05+00:00,AAL1347,30.823074599443853,-86.52436523437501,11269.98,91.58437291995776,241.88115278058848
2024-07-26 15:10:06+00:00,AAL1347,30.823013305664062,-86.52110380284927,11269.98,91.58437291995776,241.88115278058848
2024-07-26 15:10:07+00:00,AAL1347,30.8229349427304,-86.51881713867186,11269.98,91.58437291995776,241.88115278058848
2024-07-26 15:10:08+00:00,AAL1347,30.8228759765625,-86.51631074793198,11269.98,91.58437291995776,241.88115278058848
2024-07-26 15:10:09+00:00,AAL1347,30.822830200195312,-86.51377958409927,11269.98,91.58437291995776,241.88115278058848
2024-07-26 15:10:10+00:00,AAL1347,30.822784423828125,-86.51124842026655,11269.98,91.58437291995776,241.88115278058848
2024-07-26 15:10:11+00:00,AAL1347,30.82269287109375,-86.50871725643384,11269.98,91.58437291995776,241.88115278058848
2024-07-26 15:10:12+00:00,AAL1347,30.82264709472656,-86.50645536534927,11269.98,91.58437291995776,241.88115278058848
2024-07-26 15:10:13+00:00,AAL1347,30.82260907706568,-86.50420532226559,11269.98,91.58437291995776,241.88115278058848
2024-07-26 15:10:14+00:00,AAL1347,30.82256252482786,-86.50167846679688,11269.98,91.58437291995776,241.88115278058848
2024-07-26 15:10:15+00:00,AAL1347,30.822509765625,-86.49940041934741,11269.98,91.58437291995776,241.88115278058848
2024-07-26 15:10:16+00:00,AAL1347,30.822418212890625,-86.49665383731616,11269.98,91.58437291995776,241.88115278058848
2024-07-26 15:10:17+00:00,AAL1347,30.82237243652344,-86.49412267348345,11269.98,91.58437291995776,241.88115278058848
2024-07-26 15:10:18+00:00,AAL1347,30.82232976363877,-86.49184570312497,11277.6,91.58437291995776,241.88115278058848
2024-07-26 15:10:19+00:00,AAL1347,30.822280883789062,-86.48932961856616,11277.6,91.58437291995776,241.88115278058848
2024-07-26 15:10:20+00:00,AAL1347,30.822189331054688,-86.48679845473345,11277.6,91.46255321909786,241.8674756033518
2024-07-26 15:10:21+00:00,AAL1347,30.8221435546875,-86.48426729090073,11277.6,91.46255321909786,241.8674756033518
2024-07-26 15:10:22+00:00,AAL1347,30.82209700244968,-86.48201293945311,11277.6,91.46255321909786,241.8674756033518
2024-07-26 15:10:23+00:00,AAL1347,30.822052001953125,-86.47898954503677,11277.6,91.46255321909786,241.8674756033518
2024-07-26 15:10:24+00:00,AAL1347,30.82196044921875,-86.47645838120405,11277.6,91.46255321909786,241.8674756033518
2024-07-26 15:10:25+00:00,AAL1347,30.82191079349841,-86.47366333007812,11277.6,91.46255321909786,241.8674756033518
2024-07-26 15:10:27+00:00,AAL1347,30.82177113678496,-86.4683898925781,11277.6,91.46255321909786,241.8674756033518
2024-07-26 15:10:28+00:00,AAL1347,30.82177734375,-86.46714154411768,11277.6,91.46255321909786,241.8674756033518
2024-07-26 15:10:29+00:00,AAL1347,30.821685791015625,-86.46331787109375,11277.6,91.46255321909786,241.8674756033518
2024-07-26 15:10:30+00:00,AAL1347,30.821631480071503,-86.46108398437497,11277.6,91.46255321909786,241.8674756033518
2024-07-26 15:10:31+00:00,AAL1347,30.821584927833683,-86.45855712890625,11277.6,91.46255321909786,241.8674756033518
2024-07-26 15:10:32+00:00,AAL1347,30.821502685546875,-86.45577823414521,11277.6,91.46255321909786,241.8674756033518
2024-07-26 15:10:33+00:00,AAL1347,30.82149182335805,-86.45449218749997,11277.6,91.46255321909786,241.8674756033518
2024-07-26 15:10:34+00:00,AAL1347,30.821398718882413,-86.45174560546872,11277.6,91.46255321909786,241.8674756033518
2024-07-26 15:10:35+00:00,AAL1347,30.8213521666446,-86.44822998046874,11277.6,91.46255321909786,241.8674756033518
2024-07-26 15:10:36+00:00,AAL1347,30.82125906216896,-86.44542846679684,11277.6,91.46255321909786,241.8674756033518
2024-07-26 15:10:37+00:00,AAL1347,30.821212509931144,-86.44290161132812,11277.6,91.46255321909786,241.8674756033518
2024-07-26 15:10:38+00:00,AAL1347,30.82118225097656,-86.44112979664521,11277.6,91.46255321909786,241.8674756033518
2024-07-26 15:10:39+00:00,AAL1347,30.82111940545551,-86.43861694335936,11277.6,91.46255321909786,241.8674756033518
2024-07-26 15:10:40+00:00,AAL1347,30.82107285321769,-86.43609008789059,11277.6,91.46255321909786,241.8674756033518
2024-07-26 15:10:41+00:00,AAL1347,30.82099914550781,-86.43332088694854,11277.6,91.46255321909786,241.8674756033518
2024-07-26 15:10:42+00:00,AAL1347,30.82097974874205,-86.4310363769531,11277.6,91.46255321909786,241.8674756033518
2024-07-26 15:10:43+00:00,AAL1347,30.82090759277344,-86.42804314108457,11277.6,91.46255321909786,241.8674756033518
2024-07-26 15:10:44+00:00,AAL1347,30.8208400920286,-86.42526855468748,11277.6,91.46255321909786,241.8674756033518
2024-07-26 15:10:45+00:00,AAL1347,30.82079353979078,-86.42274169921876,11277.6,91.46255321909786,241.8674756033518
2024-07-26 15:10:46+00:00,AAL1347,30.820724487304688,-86.42044964958643,11277.6,91.46255321909786,241.8674756033518
2024-07-26 15:10:47+00:00,AAL1347,30.8206787109375,-86.41818775850186,11277.6,91.46255321909786,241.8674756033518
2024-07-26 15:10:48+00:00,AAL1347,30.820632934570312,-86.41565659466914,11277.6,91.46255321909786,241.8674756033518
2024-07-26 15:10:49+00:00,AAL1347,30.82056077860169,-86.41290893554685,11277.6,91.46255321909786,241.8674756033518
2024-07-26 15:10:50+00:00,AAL1347,30.820541381835938,-86.41161750344668,11277.6,91.46255321909786,241.8674756033518
2024-07-26 15:10:52+00:00,AAL1347,30.820374569650426,-86.40505371093747,11277.6,91.34072029090431,241.8548919171739
2024-07-26 15:10:53+00:00,AAL1347,30.820358276367188,-86.40278535730698,11277.6,91.34072029090431,241.8548919171739
2024-07-26 15:10:54+00:00,AAL1347,30.820281465174787,-86.3997802734375,11277.6,91.34072029090431,241.8548919171739
2024-07-26 15:10:58+00:00,AAL1347,30.82012939453125,-86.39169132008271,11277.6,91.34072029090431,241.8548919171739
2024-07-26 15:11:02+00:00,AAL1347,30.819909047272244,-86.3815979003906,11277.6,91.46255321909786,241.8674756033518
2024-07-26 15:11:04+00:00,AAL1347,30.81976939055879,-86.37555541992185,11277.6,91.46255321909786,241.8674756033518
2024-07-26 15:11:05+00:00,AAL1347,30.81971740722656,-86.3730037913603,11277.6,91.46255321909786,241.8674756033518
2024-07-26 15:11:06+00:00,AAL1347,30.819676286083155,-86.37176513671875,11277.6,91.46255321909786,241.8674756033518
2024-07-26 15:11:07+00:00,AAL1347,30.819580078125,-86.36697208180146,11277.6,91.46255321909786,241.8674756033518
2024-07-26 15:11:08+00:00,AAL1347,30.8195366293697,-86.36467895507809,11277.6,91.46255321909786,241.8674756033518
2024-07-26 15:11:09+00:00,AAL1347,30.819490077131885,-86.36193237304684,11277.6,91.46255321909786,241.8674756033518
2024-07-26 15:11:11+00:00,AAL1347,30.81939697265625,-86.35711669921875,11277.6,91.46255321909786,241.8674756033518
2024-07-26 15:11:12+00:00,AAL1347,30.81935042041843,-86.35457153320311,11277.6,91.46255321909786,241.8674756033518
2024-07-26 15:11:15+00:00,AAL1347,30.819168090820312,-86.34779986213238,11277.6,91.45944935499227,242.38175236340496
2024-07-26 15:11:16+00:00,AAL1347,30.81911765922934,-86.34473876953126,11277.6,91.45944935499227,242.38175236340496
2024-07-26 15:11:17+00:00,AAL1347,30.819076538085938,-86.34246826171875,11277.6,91.45944935499227,242.38175236340496
2024-07-26 15:11:18+00:00,AAL1347,30.81903076171875,-86.33993709788604,11277.6,91.45944935499227,242.38175236340496
2024-07-26 15:11:20+00:00,AAL1347,30.818893432617188,-86.33439007927393,11277.6,91.45944935499227,242.38175236340496
2024-07-26 15:11:21+00:00,AAL1347,30.81884765625,-86.33158964269302,11277.6,91.33787478668911,242.36919537821805
2024-07-26 15:11:22+00:00,AAL1347,30.81880187988281,-86.32911233340991,11277.6,91.33787478668911,242.36919537821805
2024-07-26 15:11:23+00:00,AAL1347,30.818756103515625,-86.3265811695772,11277.6,91.33787478668911,242.36919537821805
2024-07-26 15:11:25+00:00,AAL1347,30.818698689088983,-86.32402954101559,11277.6,91.33787478668911,242.36919537821805
2024-07-26 15:11:26+00:00,AAL1347,30.818618774414062,-86.32022633272061,11277.6,91.45944935499227,242.38175236340496
2024-07-26 15:11:27+00:00,AAL1347,30.81851248013771,-86.31694335937499,11277.6,91.45944935499227,242.38175236340496
2024-07-26 15:11:28+00:00,AAL1347,30.8184814453125,-86.31392535041363,11277.6,91.45944935499227,242.38175236340496
2024-07-26 15:11:29+00:00,AAL1347,30.818465927899894,-86.31265869140623,11277.6,91.45944935499227,242.38175236340496
2024-07-26 15:11:30+00:00,AAL1347,30.818435668945312,-86.31139418658091,11277.6,91.45944935499227,242.38175236340496
2024-07-26 15:11:31+00:00,AAL1347,30.818344116210938,-86.30837833180146,11277.6,91.45944935499227,242.38175236340496
2024-07-26 15:11:32+00:00,AAL1347,30.81827971894862,-86.30606689453123,11277.6,91.45944935499227,242.38175236340496
2024-07-26 15:11:33+00:00,AAL1347,30.81820678710937,-86.30153880399814,11277.6,91.45944935499227,242.38175236340496
2024-07-26 15:11:34+00:00,AAL1347,30.81814006223517,-86.29876098632809,11277.6,91.45944935499227,242.38175236340496
2024-07-26 15:11:36+00:00,AAL1347,30.818023681640625,-86.29421458524814,11277.6,91.45944935499227,242.38175236340496
2024-07-26 15:11:39+00:00,AAL1347,30.817840576171875,-86.28635182100186,11277.6,91.45944935499227,242.38175236340496
2024-07-26 15:11:40+00:00,AAL1347,30.817794799804688,-86.28382065716914,11277.6,91.45944935499227,242.38175236340496
2024-07-26 15:11:41+00:00,AAL1347,30.817767644332623,-86.28156738281251,11277.6,91.45944935499227,242.38175236340496
2024-07-26 15:11:42+00:00,AAL1347,30.817703247070312,-86.27875832950366,11277.6,91.4563586343397,242.89602983175783
2024-07-26 15:11:43+00:00,AAL1347,30.81762798761917,-86.27623901367184,11277.6,91.57766287549772,242.90964909562285
2024-07-26 15:11:44+00:00,AAL1347,30.81756591796875,-86.2734805836397,11277.6,91.57766287549772,242.90964909562285
2024-07-26 15:11:45+00:00,AAL1347,30.81752014160156,-86.27094941980698,11277.6,91.57766287549772,242.90964909562285
2024-07-26 15:11:47+00:00,AAL1347,30.817428588867188,-86.26712574678311,11269.98,91.4563586343397,242.89602983175783
2024-07-26 15:11:50+00:00,AAL1347,30.81725556971663,-86.25904541015626,11269.98,91.4563586343397,242.89602983175783
2024-07-26 15:11:51+00:00,AAL1347,30.81719970703125,-86.25624712775738,11269.98,91.4563586343397,242.89602983175783
2024-07-26 15:11:52+00:00,AAL1347,30.817108154296875,-86.25371596392466,11269.98,91.4563586343397,242.89602983175783
2024-07-26 15:11:53+00:00,AAL1347,30.817062377929688,-86.25118480009189,11269.98,91.4563586343397,242.89602983175783
2024-07-26 15:11:54+00:00,AAL1347,30.81702280852754,-86.2486633300781,11269.98,91.4563586343397,242.89602983175783
2024-07-26 15:11:56+00:00,AAL1347,30.81688315181409,-86.24360961914061,11269.98,91.4563586343397,242.89602983175783
2024-07-26 15:11:57+00:00,AAL1347,30.81683349609375,-86.24106014476104,11269.98,91.4563586343397,242.89602983175783
2024-07-26 15:11:58+00:00,AAL1347,30.81679004733845,-86.2387756347656,11269.98,91.4563586343397,242.89602983175783
2024-07-26 15:11:59+00:00,AAL1347,30.81674194335937,-86.23599781709561,11269.98,91.4563586343397,242.89602983175783
2024-07-26 15:12:00+00:00,AAL1347,30.816696166992188,-86.2334666532629,11269.98,91.4563586343397,242.89602983175783
2024-07-26 15:12:03+00:00,AAL1347,30.81651306152344,-86.2261424345129,11269.98,91.57766287549772,242.90964909562285
2024-07-26 15:12:04+00:00,AAL1347,30.816464181673727,-86.22333984375001,11269.98,91.57766287549772,242.90964909562285
2024-07-26 15:12:05+00:00,AAL1347,30.81637107719809,-86.22108764648436,11269.98,91.57766287549772,242.90964909562285
2024-07-26 15:12:07+00:00,AAL1347,30.816277972722457,-86.21625366210935,11269.98,91.57766287549772,242.90964909562285
2024-07-26 15:12:09+00:00,AAL1347,30.816146850585938,-86.21144014246323,11269.98,91.58101077996066,242.3954005225416
2024-07-26 15:12:10+00:00,AAL1347,30.816091763771183,-86.20867309570309,11277.6,91.58101077996066,242.3954005225416
2024-07-26 15:12:12+00:00,AAL1347,30.815963745117188,-86.20309268727021,11277.6,91.58101077996066,242.3954005225416
2024-07-26 15:12:13+00:00,AAL1347,30.815952107057733,-86.20186157226561,11277.6,91.58101077996066,242.3954005225416
2024-07-26 15:12:20+00:00,AAL1347,30.81544003244173,-86.18285522460934,11277.6,91.702557969523,242.4101396713224
2024-07-26 15:12:21+00:00,AAL1347,30.815414428710938,-86.18160472196689,11277.6,91.702557969523,242.4101396713224
2024-07-26 15:12:23+00:00,AAL1347,30.81530037572828,-86.17576904296874,11277.6,91.702557969523,242.4101396713224
2024-07-26 15:12:24+00:00,AAL1347,30.81520727125265,-86.17302246093749,11277.6,91.702557969523,242.4101396713224
2024-07-26 15:12:25+00:00,AAL1347,30.81516071901483,-86.17098999023438,11277.6,91.702557969523,242.4101396713224
2024-07-26 15:12:26+00:00,AAL1347,30.81511416677701,-86.1684631347656,11277.6,91.702557969523,242.4101396713224
2024-07-26 15:12:27+00:00,AAL1347,30.815021062301376,-86.16593627929689,11277.6,91.702557969523,242.4101396713224
2024-07-26 15:12:28+00:00,AAL1347,30.81497451006356,-86.16313476562499,11277.6,91.702557969523,242.4101396713224
2024-07-26 15:12:29+00:00,AAL1347,30.81488140558792,-86.15961914062501,11277.6,91.702557969523,242.4101396713224
2024-07-26 15:12:30+00:00,AAL1347,30.8148193359375,-86.15833955652573,11277.6,91.702557969523,242.4101396713224
2024-07-26 15:12:31+00:00,AAL1347,30.814788301112287,-86.15709228515624,11277.6,91.702557969523,242.4101396713224
2024-07-26 15:12:35+00:00,AAL1347,30.81450898768538,-86.14544677734375,11277.6,91.702557969523,242.4101396713224
2024-07-26 15:12:36+00:00,AAL1347,30.814498901367188,-86.14417580997241,11277.6,91.702557969523,242.4101396713224
2024-07-26 15:12:38+00:00,AAL1347,30.81432277873411,-86.13786621093749,11277.6,91.702557969523,242.4101396713224
2024-07-26 15:12:39+00:00,AAL1347,30.814224243164062,-86.1343204273897,11277.6,91.702557969523,242.4101396713224
2024-07-26 15:12:40+00:00,AAL1347,30.81418312202065,-86.13204345703122,11277.6,91.702557969523,242.4101396713224
2024-07-26 15:12:41+00:00,AAL1347,30.81409001754502,-86.1295166015625,11277.6,91.702557969523,242.4101396713224
2024-07-26 15:12:42+00:00,AAL1347,30.8140869140625,-86.12823486328125,11277.6,91.702557969523,242.4101396713224
2024-07-26 15:12:43+00:00,AAL1347,30.81395036083157,-86.12418823242189,11277.6,91.702557969523,242.4101396713224
2024-07-26 15:12:44+00:00,AAL1347,30.81390380859375,-86.12166137695311,11277.6,91.702557969523,242.4101396713224
2024-07-26 15:12:46+00:00,AAL1347,30.813766479492188,-86.11687155330884,11277.6,91.702557969523,242.4101396713224
2024-07-26 15:12:49+00:00,AAL1347,30.81358337402344,-86.11003202550552,11277.6,91.69895297144596,242.9243570429801
2024-07-26 15:12:50+00:00,AAL1347,30.81353759765625,-86.10723158892466,11277.6,91.82022783778018,242.94015347609837
2024-07-26 15:12:51+00:00,AAL1347,30.813491821289062,-86.10626220703125,11277.6,91.82022783778018,242.94015347609837
2024-07-26 15:12:54+00:00,AAL1347,30.813262939453125,-86.09689151539521,11277.6,91.82022783778018,242.94015347609837
2024-07-26 15:12:55+00:00,AAL1347,30.813158972788663,-86.09408569335938,11277.6,91.82022783778018,242.94015347609837
2024-07-26 15:12:56+00:00,AAL1347,30.81312561035156,-86.09182918772979,11277.6,91.82022783778018,242.94015347609837
2024-07-26 15:12:57+00:00,AAL1347,30.81301931607521,-86.08875732421876,11277.6,91.82022783778018,242.94015347609837
2024-07-26 15:12:58+00:00,AAL1347,30.81298828125,-86.08752082375918,11277.6,91.82022783778018,242.94015347609837
2024-07-26 15:12:59+00:00,AAL1347,30.81292621159957,-86.08474731445312,11277.6,91.82022783778018,242.94015347609837
2024-07-26 15:13:00+00:00,AAL1347,30.812896728515625,-86.08342787798716,11277.6,91.82022783778018,242.94015347609837
2024-07-26 15:13:01+00:00,AAL1347,30.81280517578125,-86.08089671415439,11277.6,91.82022783778018,242.94015347609837
2024-07-26 15:13:03+00:00,AAL1347,30.812667846679688,-86.07459573184741,11277.6,91.82022783778018,242.94015347609837
2024-07-26 15:13:04+00:00,AAL1347,30.81260034593485,-86.07233276367185,11277.6,91.82022783778018,242.94015347609837
2024-07-26 15:13:05+00:00,AAL1347,30.812484741210938,-86.06824089499082,11277.6,91.82022783778018,242.94015347609837
2024-07-26 15:13:06+00:00,AAL1347,30.8124606892214,-86.06700439453124,11277.6,91.82022783778018,242.94015347609837
2024-07-26 15:13:07+00:00,AAL1347,30.81239318847656,-86.06420180376841,11277.6,91.82022783778018,242.94015347609837
2024-07-26 15:13:08+00:00,AAL1347,30.812301635742188,-86.06193991268384,11277.6,91.82022783778018,242.94015347609837
2024-07-26 15:13:09+00:00,AAL1347,30.812227928032307,-86.05914916992185,11277.6,91.82022783778018,242.94015347609837
2024-07-26 15:13:10+00:00,AAL1347,30.812134823556672,-86.05557861328123,11277.6,91.81638215653032,243.45433844054568
2024-07-26 15:13:11+00:00,AAL1347,30.812088271318853,-86.05354614257811,11277.6,91.81638215653032,243.45433844054568
2024-07-26 15:13:12+00:00,AAL1347,30.812026977539062,-86.05100743910845,11277.6,91.81638215653032,243.45433844054568
2024-07-26 15:13:13+00:00,AAL1347,30.811981201171875,-86.04896096622241,11277.6,91.81638215653032,243.45433844054568
2024-07-26 15:13:14+00:00,AAL1347,30.811902062367583,-86.04618530273439,11277.6,91.81638215653032,243.45433844054568
2024-07-26 15:13:15+00:00,AAL1347,30.811798095703125,-86.04314467486216,11277.6,91.81638215653032,243.45433844054568
2024-07-26 15:13:16+00:00,AAL1347,30.811752319335938,-86.04061351102939,11269.98,91.81638215653032,243.45433844054568
2024-07-26 15:13:17+00:00,AAL1347,30.81166930117849,-86.038330078125,11277.6,91.81638215653032,243.45433844054568
2024-07-26 15:13:18+00:00,AAL1347,30.81162274894068,-86.03602294921876,11269.98,91.81638215653032,243.45433844054568
2024-07-26 15:13:19+00:00,AAL1347,30.81157619670286,-86.03404541015624,11277.6,91.81638215653032,243.45433844054568
2024-07-26 15:13:20+00:00,AAL1347,30.81147766113281,-86.03070427389707,11277.6,91.81638215653032,243.45433844054568
2024-07-26 15:13:21+00:00,AAL1347,30.81138998775159,-86.0284423828125,11277.6,91.81638215653032,243.45433844054568
2024-07-26 15:13:22+00:00,AAL1347,30.81134343551377,-86.0256408691406,11277.6,91.81638215653032,243.45433844054568
2024-07-26 15:13:23+00:00,AAL1347,30.81125033103813,-86.02311401367189,11277.6,91.81638215653032,243.45433844054568
2024-07-26 15:13:24+00:00,AAL1347,30.811203002929688,-86.02084889131436,11277.6,91.81638215653032,243.45433844054568
2024-07-26 15:13:25+00:00,AAL1347,30.8111572265625,-86.0185546875,11277.6,91.81638215653032,243.45433844054568
2024-07-26 15:13:26+00:00,AAL1347,30.81106412208686,-86.0157531738281,11277.6,91.81638215653032,243.45433844054568
2024-07-26 15:13:27+00:00,AAL1347,30.81101756984905,-86.01421508789059,11277.6,91.81638215653032,243.45433844054568
2024-07-26 15:13:28+00:00,AAL1347,30.81092834472656,-86.01093965418198,11277.6,91.81638215653032,243.45433844054568
2024-07-26 15:13:29+00:00,AAL1347,30.81092446537341,-86.00965576171876,11277.6,91.81638215653032,243.45433844054568
2024-07-26 15:13:30+00:00,AAL1347,30.810791015625,-86.00560805376841,11277.6,91.81638215653032,243.45433844054568
2024-07-26 15:13:31+00:00,AAL1347,30.810738256422137,-86.00333862304689,11277.6,91.81638215653032,243.45433844054568
2024-07-26 15:13:32+00:00,AAL1347,30.810645151946503,-86.00053710937499,11277.6,91.81638215653032,243.45433844054568
2024-07-26 15:13:33+00:00,AAL1347,30.810598599708683,-85.99795532226562,11277.6,91.81638215653032,243.45433844054568
2024-07-26 15:13:34+00:00,AAL1347,30.810562133789062,-85.99672205307905,11277.6,91.81638215653032,243.45433844054568
2024-07-26 15:13:36+00:00,AAL1347,30.810458942995236,-85.99213256835935,11277.6,91.81638215653032,243.45433844054568
2024-07-26 15:13:37+00:00,AAL1347,30.81031928628178,-85.98806762695312,11277.6,91.81638215653032,243.45433844054568
2024-07-26 15:13:38+00:00,AAL1347,30.810287475585938,-85.98552030675552,11277.6,91.81638215653032,243.45433844054568
2024-07-26 15:13:40+00:00,AAL1347,30.81015014648437,-85.98045797909009,11277.6,91.81638215653032,243.45433844054568
2024-07-26 15:13:41+00:00,AAL1347,30.81008652509269,-85.97916870117189,11277.6,91.81638215653032,243.45433844054568
2024-07-26 15:13:42+00:00,AAL1347,30.81001281738281,-85.97561106962314,11277.6,91.81638215653032,243.45433844054568
2024-07-26 15:13:43+00:00,AAL1347,30.809946868379235,-85.97334594726561,11277.6,91.81638215653032,243.45433844054568
2024-07-26 15:13:44+00:00,AAL1347,30.8098537639036,-85.96977539062499,11277.6,91.69536320311929,243.4385753722668
2024-07-26 15:13:45+00:00,AAL1347,30.809829711914062,-85.96828685087314,11277.6,91.69536320311929,243.4385753722668
2024-07-26 15:13:46+00:00,AAL1347,30.809783935546875,-85.96672506893384,11277.6,91.69536320311929,243.4385753722668
2024-07-26 15:13:49+00:00,AAL1347,30.80950927734375,-85.95681583180146,11277.6,91.69536320311929,243.4385753722668
2024-07-26 15:13:50+00:00,AAL1347,30.80943479376324,-85.95455932617188,11277.6,91.6917885682645,243.9527946531267
2024-07-26 15:13:52+00:00,AAL1347,30.809341689287603,-85.94945068359374,11277.6,91.6917885682645,243.9527946531267
2024-07-26 15:13:53+00:00,AAL1347,30.80928039550781,-85.94690659466914,11277.6,91.6917885682645,243.9527946531267
2024-07-26 15:13:54+00:00,AAL1347,30.80918884277344,-85.94437543083643,11277.6,91.6917885682645,243.9527946531267
2024-07-26 15:13:55+00:00,AAL1347,30.80914306640625,-85.94157499425552,11277.6,91.6917885682645,243.9527946531267
2024-07-26 15:13:57+00:00,AAL1347,30.80901582362288,-85.93676147460934,11277.6,91.6917885682645,243.9527946531267
2024-07-26 15:13:58+00:00,AAL1347,30.8089599609375,-85.93548943014707,11277.6,91.6917885682645,243.9527946531267
2024-07-26 15:13:59+00:00,AAL1347,30.808876166909428,-85.93143310546873,11277.6,91.6917885682645,243.9527946531267
2024-07-26 15:14:00+00:00,AAL1347,30.80882961467161,-85.93038940429688,11277.6,91.6917885682645,243.9527946531267
2024-07-26 15:14:01+00:00,AAL1347,30.80882961467161,-85.92890625000001,11277.6,91.6917885682645,243.9527946531267
2024-07-26 15:14:02+00:00,AAL1347,30.80873107910156,-85.92509550206802,11277.6,91.6917885682645,243.9527946531267
2024-07-26 15:14:03+00:00,AAL1347,30.808689957958155,-85.92379760742188,11277.6,91.6917885682645,243.9527946531267
2024-07-26 15:14:04+00:00,AAL1347,30.80859375,-85.91971004710479,11277.6,91.6917885682645,243.9527946531267
2024-07-26 15:14:05+00:00,AAL1347,30.808503749006885,-85.91594238281249,11277.6,91.6917885682645,243.9527946531267
2024-07-26 15:14:06+00:00,AAL1347,30.80845642089844,-85.91464771943936,11277.6,91.6917885682645,243.9527946531267
2024-07-26 15:14:07+00:00,AAL1347,30.80841064453125,-85.91313979204966,11277.6,91.6917885682645,243.9527946531267
2024-07-26 15:14:08+00:00,AAL1347,30.808319091796875,-85.90931611902573,11277.6,91.6917885682645,243.9527946531267
2024-07-26 15:14:09+00:00,AAL1347,30.808224435579977,-85.90599975585934,11277.6,91.6917885682645,243.9527946531267
2024-07-26 15:14:10+00:00,AAL1347,30.8082275390625,-85.90473848230698,11277.6,91.6917885682645,243.9527946531267
2024-07-26 15:14:11+00:00,AAL1347,30.80813133110434,-85.90166015624999,11277.6,91.6917885682645,243.9527946531267
2024-07-26 15:14:12+00:00,AAL1347,30.808090209960938,-85.89935302734375,11277.6,91.6917885682645,243.9527946531267
2024-07-26 15:14:13+00:00,AAL1347,30.807991674390887,-85.89605712890625,11277.6,91.8125526855156,243.96852449714805
2024-07-26 15:14:15+00:00,AAL1347,30.807861328125,-85.89095171760113,11277.6,91.8125526855156,243.96852449714805
2024-07-26 15:14:16+00:00,AAL1347,30.8077589132018,-85.88820190429686,11277.6,91.8125526855156,243.96852449714805
2024-07-26 15:14:17+00:00,AAL1347,30.807712360963983,-85.8856201171875,11277.6,91.8125526855156,243.96852449714805
2024-07-26 15:14:18+00:00,AAL1347,30.807619256488348,-85.88336791992185,11277.6,91.8125526855156,243.96852449714805
2024-07-26 15:14:19+00:00,AAL1347,30.807586669921875,-85.88104248046875,11277.6,91.8125526855156,243.96852449714805
2024-07-26 15:14:20+00:00,AAL1347,30.80752615201271,-85.87875366210938,11277.6,91.8125526855156,243.96852449714805
2024-07-26 15:14:21+00:00,AAL1347,30.807449340820312,-85.87619557100186,11277.6,91.8125526855156,243.96852449714805
2024-07-26 15:14:23+00:00,AAL1347,30.80731201171875,-85.87059469784009,11277.6,91.80873932249207,244.4827116390147
2024-07-26 15:14:24+00:00,AAL1347,30.80722045898437,-85.86860207950366,11277.6,91.80873932249207,244.4827116390147
2024-07-26 15:14:25+00:00,AAL1347,30.807174682617188,-85.8658016429228,11277.6,91.80873932249207,244.4827116390147
2024-07-26 15:14:26+00:00,AAL1347,30.80710718187235,-85.86348266601561,11277.6,91.80873932249207,244.4827116390147
2024-07-26 15:14:27+00:00,AAL1347,30.807037353515625,-85.86117015165439,11277.6,91.80873932249207,244.4827116390147
2024-07-26 15:14:28+00:00,AAL1347,30.80694580078125,-85.85863898782168,11277.6,91.80873932249207,244.4827116390147
2024-07-26 15:14:29+00:00,AAL1347,30.806900024414062,-85.85637709673716,11277.6,91.80873932249207,244.4827116390147
2024-07-26 15:14:30+00:00,AAL1347,30.806854248046875,-85.8548153147978,11277.6,91.80873932249207,244.4827116390147
2024-07-26 15:14:32+00:00,AAL1347,30.80668821173199,-85.84848632812498,11277.6,91.80873932249207,244.4827116390147
2024-07-26 15:14:33+00:00,AAL1347,30.806595107256356,-85.84562988281249,11277.6,91.80873932249207,244.4827116390147
2024-07-26 15:14:35+00:00,AAL1347,30.806455450542902,-85.840576171875,11277.6,91.80873932249207,244.4827116390147
2024-07-26 15:14:36+00:00,AAL1347,30.806442260742188,-85.83930520450366,11277.6,91.80873932249207,244.4827116390147
2024-07-26 15:14:37+00:00,AAL1347,30.806315793829448,-85.83519287109374,11277.6,91.80873932249207,244.4827116390147
2024-07-26 15:14:38+00:00,AAL1347,30.80625915527344,-85.83289651309741,11277.6,91.68822897141276,244.4670148795552
2024-07-26 15:14:39+00:00,AAL1347,30.806222689353813,-85.83013916015625,11277.6,91.68822897141276,244.4670148795552
2024-07-26 15:14:40+00:00,AAL1347,30.806129584878175,-85.82733764648435,11277.6,91.68822897141276,244.4670148795552
2024-07-26 15:14:41+00:00,AAL1347,30.80608303264036,-85.82475585937499,11277.6,91.68822897141276,244.4670148795552
2024-07-26 15:14:42+00:00,AAL1347,30.80603648040254,-85.82376708984373,11277.6,91.68822897141276,244.4670148795552
2024-07-26 15:14:43+00:00,AAL1347,30.805938720703125,-85.81991756663604,11277.6,91.68822897141276,244.4670148795552
2024-07-26 15:14:44+00:00,AAL1347,30.80589682368909,-85.81865844726559,11277.6,91.68822897141276,244.4670148795552
2024-07-26 15:14:45+00:00,AAL1347,30.80580139160156,-85.81458596622241,11277.6,91.68822897141276,244.4670148795552
2024-07-26 15:14:46+00:00,AAL1347,30.80575561523437,-85.81280876608457,11277.6,91.68822897141276,244.4670148795552
2024-07-26 15:14:47+00:00,AAL1347,30.8056640625,-85.80925436580884,11277.6,91.68822897141276,244.4670148795552
2024-07-26 15:14:48+00:00,AAL1347,30.8056640625,-85.80823112936582,11277.6,91.68822897141276,244.4670148795552
2024-07-26 15:14:49+00:00,AAL1347,30.80557095802436,-85.805419921875,11277.6,91.68822897141276,244.4670148795552
2024-07-26 15:14:50+00:00,AAL1347,30.80552673339844,-85.80284567440259,11277.6,91.68822897141276,244.4670148795552
2024-07-26 15:14:51+00:00,AAL1347,30.80548095703125,-85.8013377470129,11277.6,91.68822897141276,244.4670148795552
2024-07-26 15:14:52+00:00,AAL1347,30.805389404296875,-85.79778334673716,11277.6,91.80873932249207,244.4827116390147
2024-07-26 15:14:53+00:00,AAL1347,30.805338196835272,-85.79547729492185,11277.6,91.80873932249207,244.4827116390147
2024-07-26 15:14:54+00:00,AAL1347,30.80524509235964,-85.79267578125001,11277.6,91.80873932249207,244.4827116390147
2024-07-26 15:14:55+00:00,AAL1347,30.805151987884003,-85.79014892578124,11277.6,91.80873932249207,244.4827116390147
2024-07-26 15:14:56+00:00,AAL1347,30.805058883408368,-85.78657836914061,11277.6,91.80873932249207,244.4827116390147
2024-07-26 15:14:57+00:00,AAL1347,30.80501233117055,-85.78449096679685,11277.6,91.80873932249207,244.4827116390147
2024-07-26 15:14:58+00:00,AAL1347,30.804965778932733,-85.78300781249999,11277.6,91.80873932249207,244.4827116390147
2024-07-26 15:14:59+00:00,AAL1347,30.80488586425781,-85.7794189453125,11277.6,91.80873932249207,244.4827116390147
2024-07-26 15:15:00+00:00,AAL1347,30.804840087890625,-85.77785716337314,11277.6,91.80873932249207,244.4827116390147
2024-07-26 15:15:01+00:00,AAL1347,30.80477956998146,-85.77663574218747,11277.6,91.92923366710792,244.49948981924035
2024-07-26 15:15:02+00:00,AAL1347,30.804702758789062,-85.77306410845591,11277.6,91.92923366710792,244.49948981924035
2024-07-26 15:15:03+00:00,AAL1347,30.8045654296875,-85.7684326171875,11277.6,91.92923366710792,244.49948981924035
2024-07-26 15:15:04+00:00,AAL1347,30.804519653320312,-85.76719396254595,11277.6,91.92923366710792,244.49948981924035
2024-07-26 15:15:05+00:00,AAL1347,30.80445370431673,-85.76438598632814,11277.6,91.92923366710792,244.49948981924035
2024-07-26 15:15:06+00:00,AAL1347,30.8043605998411,-85.76180419921872,11277.6,91.92923366710792,244.49948981924035
2024-07-26 15:15:07+00:00,AAL1347,30.804267495365465,-85.75823364257809,11277.6,91.92923366710792,244.49948981924035
2024-07-26 15:15:09+00:00,AAL1347,30.804107666015625,-85.75367647058823,11277.6,91.92923366710792,244.49948981924035
2024-07-26 15:15:10+00:00,AAL1347,30.804034734176376,-85.75087280273436,11277.6,91.92923366710792,244.49948981924035
2024-07-26 15:15:11+00:00,AAL1347,30.80394162970074,-85.748291015625,11277.6,91.92923366710792,244.49948981924035
2024-07-26 15:15:13+00:00,AAL1347,30.803878784179688,-85.74527516084561,11277.6,92.04971094284876,244.51734919761893
2024-07-26 15:15:14+00:00,AAL1347,30.803755420749468,-85.74142456054688,11277.6,92.04971094284876,244.51734919761893
2024-07-26 15:15:15+00:00,AAL1347,30.803662316273837,-85.7388977050781,11277.6,92.04971094284876,244.51734919761893
2024-07-26 15:15:16+00:00,AAL1347,30.8035692117982,-85.73609619140626,11277.6,92.04971094284876,244.51734919761893
2024-07-26 15:15:17+00:00,AAL1347,30.8035692117982,-85.73455810546875,11277.6,92.04971094284876,244.51734919761893
2024-07-26 15:15:19+00:00,AAL1347,30.803375244140625,-85.72841868681064,11277.6,92.04540848888723,245.03146473246787
2024-07-26 15:15:23+00:00,AAL1347,30.803009033203125,-85.71743235868564,11277.6,91.92518370832316,245.01364282867425
2024-07-26 15:15:24+00:00,AAL1347,30.802963256835938,-85.71592443129595,11277.6,91.92518370832316,245.01364282867425
2024-07-26 15:15:25+00:00,AAL1347,30.80291748046875,-85.71333941291363,11277.6,91.92518370832316,245.01364282867425
2024-07-26 15:15:26+00:00,AAL1347,30.80282437599311,-85.70978393554685,11277.6,91.92518370832316,245.01364282867425
2024-07-26 15:15:27+00:00,AAL1347,30.802734375,-85.70746926700366,11277.6,91.92518370832316,245.01364282867425
2024-07-26 15:15:28+00:00,AAL1347,30.80273127151748,-85.70621337890623,11277.6,91.92518370832316,245.01364282867425
2024-07-26 15:15:30+00:00,AAL1347,30.80255126953125,-85.70009119370405,11277.6,91.92518370832316,245.01364282867425
2024-07-26 15:15:31+00:00,AAL1347,30.802459716796875,-85.69756002987134,11277.6,91.92518370832316,245.01364282867425
2024-07-26 15:15:32+00:00,AAL1347,30.8023681640625,-85.69497501148896,11277.6,91.92518370832316,245.01364282867425
2024-07-26 15:15:33+00:00,AAL1347,30.802358853614933,-85.69368896484372,11277.6,91.92518370832316,245.01364282867425
2024-07-26 15:15:34+00:00,AAL1347,30.802276611328125,-85.69066664751841,11277.6,91.92518370832316,245.01364282867425
2024-07-26 15:15:36+00:00,AAL1347,30.80209350585937,-85.6845272288603,11277.6,91.92518370832316,245.01364282867425
2024-07-26 15:15:37+00:00,AAL1347,30.80203298795021,-85.68198852539064,11277.6,91.92518370832316,245.01364282867425
2024-07-26 15:15:38+00:00,AAL1347,30.801986435712397,-85.68045043945312,11277.6,91.92518370832316,245.01364282867425
2024-07-26 15:15:39+00:00,AAL1347,30.80184677899894,-85.6768798828125,11277.6,91.92518370832316,245.01364282867425
2024-07-26 15:15:40+00:00,AAL1347,30.80180022676112,-85.67534179687499,11277.6,91.92518370832316,245.01364282867425
2024-07-26 15:15:41+00:00,AAL1347,30.801707122285485,-85.67149658203124,11277.6,91.92518370832316,245.01364282867425
2024-07-26 15:15:42+00:00,AAL1347,30.8016357421875,-85.6692325367647,11277.6,91.92518370832316,245.01364282867425
2024-07-26 15:15:43+00:00,AAL1347,30.80156746557203,-85.66693725585935,11277.6,91.92518370832316,245.01364282867425
2024-07-26 15:15:44+00:00,AAL1347,30.801498413085938,-85.6643856272978,11277.6,91.92518370832316,245.01364282867425
2024-07-26 15:15:45+00:00,AAL1347,30.80145263671875,-85.66282384535845,11277.6,91.92518370832316,245.01364282867425
2024-07-26 15:15:46+00:00,AAL1347,30.80142780885858,-85.66155395507809,11277.6,91.92518370832316,245.01364282867425
2024-07-26 15:15:47+00:00,AAL1347,30.801288152145126,-85.65699462890626,11277.6,91.92518370832316,245.01364282867425
2024-07-26 15:15:48+00:00,AAL1347,30.80119504766949,-85.65419311523436,11277.6,91.92518370832316,245.01364282867425
2024-07-26 15:15:49+00:00,AAL1347,30.80113220214844,-85.65291460822613,11277.6,91.92518370832316,245.01364282867425
2024-07-26 15:15:50+00:00,AAL1347,30.801040649414062,-85.64930635340073,11277.6,91.92518370832316,245.01364282867425
2024-07-26 15:15:51+00:00,AAL1347,30.800994873046875,-85.64677518956802,11277.6,91.92518370832316,245.01364282867425
2024-07-26 15:15:52+00:00,AAL1347,30.8009033203125,-85.64397475298716,11277.6,91.92518370832316,245.01364282867425
2024-07-26 15:15:54+00:00,AAL1347,30.80072021484375,-85.63885857077207,11277.6,91.92518370832316,245.01364282867425
2024-07-26 15:15:55+00:00,AAL1347,30.80063642081568,-85.63606567382811,11277.6,91.92518370832316,245.01364282867425
2024-07-26 15:15:56+00:00,AAL1347,30.80058986857786,-85.63375854492188,11277.6,91.92518370832316,245.01364282867425
2024-07-26 15:15:57+00:00,AAL1347,30.80049133300781,-85.63094195197613,11277.6,91.92518370832316,245.01364282867425
2024-07-26 15:15:58+00:00,AAL1347,30.800445556640625,-85.62889547909009,11277.6,91.92518370832316,245.01364282867425
2024-07-26 15:15:59+00:00,AAL1347,30.80039978027344,-85.62663358800552,11277.6,91.92923366710792,244.49948981924035
2024-07-26 15:16:00+00:00,AAL1347,30.80031055515095,-85.62431030273439,11277.6,91.92923366710792,244.49948981924035
2024-07-26 15:16:01+00:00,AAL1347,30.80021745067532,-85.62123413085936,11277.6,91.92923366710792,244.49948981924035
2024-07-26 15:16:02+00:00,AAL1347,30.8001708984375,-85.61898624195771,11277.6,91.92923366710792,244.49948981924035
2024-07-26 15:16:03+00:00,AAL1347,30.80007779396186,-85.61640014648435,11277.6,91.92923366710792,244.49948981924035
2024-07-26 15:16:04+00:00,AAL1347,30.79998779296875,-85.6131160960478,11277.6,91.92923366710792,244.49948981924035
2024-07-26 15:16:05+00:00,AAL1347,30.79994201660156,-85.61053107766543,11277.6,91.92923366710792,244.49948981924035
2024-07-26 15:16:07+00:00,AAL1347,30.79979848053496,-85.60546875,11277.6,91.92923366710792,244.49948981924035
2024-07-26 15:16:09+00:00,AAL1347,30.799658823821503,-85.60085449218747,11277.6,91.92923366710792,244.49948981924035
2024-07-26 15:16:10+00:00,AAL1347,30.799565719345868,-85.59755859374997,11277.6,91.92923366710792,244.49948981924035
2024-07-26 15:16:11+00:00,AAL1347,30.79951916710805,-85.59602050781251,11277.6,91.92923366710792,244.49948981924035
2024-07-26 15:16:12+00:00,AAL1347,30.799426062632413,-85.59398803710934,11277.6,91.92923366710792,244.49948981924035
2024-07-26 15:16:13+00:00,AAL1347,30.799346923828125,-85.59038947610293,11277.6,91.92923366710792,244.49948981924035
2024-07-26 15:16:14+00:00,AAL1347,30.799239853681144,-85.58761596679688,11277.6,91.92923366710792,244.49948981924035
2024-07-26 15:16:15+00:00,AAL1347,30.799239853681144,-85.58657226562497,11277.6,91.92923366710792,244.49948981924035
2024-07-26 15:16:16+00:00,AAL1347,30.79916381835937,-85.58376536649814,11277.6,91.92923366710792,244.49948981924035
2024-07-26 15:16:17+00:00,AAL1347,30.799072265625,-85.58096492991729,11277.6,91.92923366710792,244.49948981924035
2024-07-26 15:16:19+00:00,AAL1347,30.79888916015625,-85.57487936580884,11277.6,91.92923366710792,244.49948981924035
2024-07-26 15:16:20+00:00,AAL1347,30.79882088354078,-85.57256469726559,11277.6,91.92923366710792,244.49948981924035
2024-07-26 15:16:21+00:00,AAL1347,30.798751831054688,-85.56949391084561,11277.6,91.92923366710792,244.49948981924035
2024-07-26 15:16:22+00:00,AAL1347,30.79868122682733,-85.56723632812498,11277.6,91.92923366710792,244.49948981924035
2024-07-26 15:16:23+00:00,AAL1347,30.79863467458951,-85.56569824218747,11277.6,91.92923366710792,244.49948981924035
2024-07-26 15:16:26+00:00,AAL1347,30.798401913400426,-85.55778808593749,11277.6,92.04971094284876,244.51734919761893
2024-07-26 15:16:28+00:00,AAL1347,30.79820251464844,-85.55166805491729,11277.6,92.04971094284876,244.51734919761893
2024-07-26 15:16:29+00:00,AAL1347,30.798169152211333,-85.55042724609376,11277.6,92.04971094284876,244.51734919761893
2024-07-26 15:16:30+00:00,AAL1347,30.798076047735695,-85.54784545898434,11277.6,92.04971094284876,244.51734919761893
2024-07-26 15:16:31+00:00,AAL1347,30.797982943260063,-85.54405517578124,11277.6,92.04971094284876,244.51734919761893
2024-07-26 15:16:32+00:00,AAL1347,30.797889838784428,-85.54147338867188,11277.6,92.04971094284876,244.51734919761893
2024-07-26 15:16:33+00:00,AAL1347,30.79779052734375,-85.53917379940259,11277.6,92.04971094284876,244.51734919761893
2024-07-26 15:16:34+00:00,AAL1347,30.79779052734375,-85.53815056295957,11277.6,92.04971094284876,244.51734919761893
2024-07-26 15:16:35+00:00,AAL1347,30.797653198242188,-85.53432688993564,11277.6,92.04971094284876,244.51734919761893
2024-07-26 15:16:36+00:00,AAL1347,30.797653198242188,-85.53330365349268,11277.6,92.04971094284876,244.51734919761893
2024-07-26 15:16:37+00:00,AAL1347,30.79756164550781,-85.53077248965991,11277.6,92.04971094284876,244.51734919761893
2024-07-26 15:16:38+00:00,AAL1347,30.79747009277344,-85.52694881663604,11277.6,91.92923366710792,244.49948981924035
2024-07-26 15:16:40+00:00,AAL1347,30.79733121193061,-85.52312622070309,11277.6,91.92923366710792,244.49948981924035
2024-07-26 15:16:41+00:00,AAL1347,30.797195434570312,-85.51854750689341,11277.6,91.92923366710792,244.49948981924035
2024-07-26 15:16:43+00:00,AAL1347,30.797051898503707,-85.51373291015625,11277.6,91.92923366710792,244.49948981924035
2024-07-26 15:16:44+00:00,AAL1347,30.796958794028072,-85.51093139648435,11277.6,91.92923366710792,244.49948981924035
2024-07-26 15:16:45+00:00,AAL1347,30.796920776367188,-85.50863826976104,11277.6,92.04971094284876,244.51734919761893
2024-07-26 15:16:46+00:00,AAL1347,30.796819137314618,-85.50631713867188,11277.6,92.04971094284876,244.51734919761893
2024-07-26 15:16:47+00:00,AAL1347,30.796783447265625,-85.5050838694853,11277.6,92.04971094284876,244.51734919761893
2024-07-26 15:16:48+00:00,AAL1347,30.796679480601163,-85.50148315429686,11277.6,92.0540315273522,244.00323504736625
2024-07-26 15:16:49+00:00,AAL1347,30.796600341796875,-85.4992137235754,11277.6,92.0540315273522,244.00323504736625
2024-07-26 15:16:50+00:00,AAL1347,30.7965087890625,-85.49565932329966,11277.6,92.0540315273522,244.00323504736625
2024-07-26 15:16:51+00:00,AAL1347,30.796493271649894,-85.49439697265626,11277.6,92.0540315273522,244.00323504736625
2024-07-26 15:16:52+00:00,AAL1347,30.796371459960938,-85.49129710477939,11277.6,92.0540315273522,244.00323504736625
2024-07-26 15:16:53+00:00,AAL1347,30.79630706269862,-85.48851928710934,11277.6,92.0540315273522,244.00323504736625
2024-07-26 15:16:54+00:00,AAL1347,30.796213958222985,-85.48599243164062,11277.6,92.0540315273522,244.00323504736625
2024-07-26 15:16:55+00:00,AAL1347,30.796142578125,-85.48343434053311,11277.6,92.0540315273522,244.00323504736625
2024-07-26 15:16:56+00:00,AAL1347,30.79607430150953,-85.48115844726561,11277.6,91.93330069491849,243.9853380365688
2024-07-26 15:16:57+00:00,AAL1347,30.79600524902344,-85.47885670381436,11277.6,91.93330069491849,243.9853380365688
2024-07-26 15:16:58+00:00,AAL1347,30.79593464479608,-85.47659912109373,11277.6,91.93330069491849,243.9853380365688
2024-07-26 15:16:59+00:00,AAL1347,30.79584154032044,-85.47379760742189,11277.6,91.93330069491849,243.9853380365688
2024-07-26 15:17:00+00:00,AAL1347,30.7957763671875,-85.47045539407168,11277.6,91.93330069491849,243.9853380365688
2024-07-26 15:17:01+00:00,AAL1347,30.795730590820312,-85.46894746668198,11277.6,91.93330069491849,243.9853380365688
2024-07-26 15:17:04+00:00,AAL1347,30.79550170898437,-85.46210793887866,11277.6,92.05837035719333,243.48912229048025
2024-07-26 15:17:05+00:00,AAL1347,30.795455932617188,-85.45957677504595,11277.6,92.05837035719333,243.48912229048025
2024-07-26 15:17:06+00:00,AAL1347,30.79528291346663,-85.45501098632809,11269.98,92.05837035719333,243.48912229048025
2024-07-26 15:17:07+00:00,AAL1347,30.79522705078125,-85.45273724724268,11269.98,92.05837035719333,243.48912229048025
2024-07-26 15:17:08+00:00,AAL1347,30.795135498046875,-85.45020608340991,11269.98,92.05837035719333,243.48912229048025
2024-07-26 15:17:09+00:00,AAL1347,30.7950439453125,-85.44740564682905,11277.6,92.06272754813853,242.97501093580576
2024-07-26 15:17:10+00:00,AAL1347,30.795003600039724,-85.44611206054685,11277.6,92.06272754813853,242.97501093580576
2024-07-26 15:17:11+00:00,AAL1347,30.794952392578125,-85.44487448299634,11277.6,92.18395022767632,242.99407149408952
2024-07-26 15:17:12+00:00,AAL1347,30.79481506347656,-85.44029684627759,11277.6,92.18395022767632,242.99407149408952
2024-07-26 15:17:13+00:00,AAL1347,30.794724286612816,-85.43776245117186,11277.6,92.18395022767632,242.99407149408952
2024-07-26 15:17:16+00:00,AAL1347,30.794491525423727,-85.42996215820312,11277.6,92.18858256040322,242.48000196304733
2024-07-26 15:17:18+00:00,AAL1347,30.794305316472457,-85.42490844726564,11277.6,92.18858256040322,242.48000196304733
2024-07-26 15:17:21+00:00,AAL1347,30.79408264160156,-85.41832419002759,11277.6,92.19323457637556,241.96593402374324
2024-07-26 15:17:22+00:00,AAL1347,30.793991088867188,-85.41482364430146,11277.6,92.19323457637556,241.96593402374324
2024-07-26 15:17:23+00:00,AAL1347,30.7939453125,-85.41331571691177,11277.6,92.19323457637556,241.96593402374324
2024-07-26 15:17:25+00:00,AAL1347,30.793746689618644,-85.40826416015625,11277.6,92.31495186270224,241.9861677353904
2024-07-26 15:17:26+00:00,AAL1347,30.793670654296875,-85.40550680721509,11277.6,92.31495186270224,241.9861677353904
2024-07-26 15:17:27+00:00,AAL1347,30.79356048066737,-85.40321044921876,11277.6,92.31988240700912,241.4721444732328
2024-07-26 15:17:29+00:00,AAL1347,30.7933742717161,-85.39744262695314,11277.6,92.31988240700912,241.4721444732328
2024-07-26 15:17:31+00:00,AAL1347,30.79323461500265,-85.39238891601559,11277.6,92.31988240700912,241.4721444732328
2024-07-26 15:17:32+00:00,AAL1347,30.793121337890625,-85.38988898782168,11277.6,92.31988240700912,241.4721444732328
2024-07-26 15:17:33+00:00,AAL1347,30.79302978515625,-85.38735782398896,11277.6,92.31988240700912,241.4721444732328
2024-07-26 15:17:34+00:00,AAL1347,30.792984008789062,-85.38536520565259,11277.6,92.31988240700912,241.4721444732328
2024-07-26 15:17:35+00:00,AAL1347,30.792892456054688,-85.38283404181988,11277.6,92.31988240700912,241.4721444732328
2024-07-26 15:17:36+00:00,AAL1347,30.792815644862287,-85.38035888671874,11277.6,92.32483398741984,240.9581230068855
2024-07-26 15:17:37+00:00,AAL1347,30.79272254038665,-85.37783203124997,11269.98,92.32483398741984,240.9581230068855
2024-07-26 15:17:38+00:00,AAL1347,30.79261779785156,-85.3750789866728,11269.98,92.32483398741984,240.9581230068855
2024-07-26 15:17:39+00:00,AAL1347,30.79253633143538,-85.37206420898434,11269.98,92.32483398741984,240.9581230068855
2024-07-26 15:17:40+00:00,AAL1347,30.792443226959744,-85.36953735351562,11269.98,92.32483398741984,240.9581230068855
2024-07-26 15:17:41+00:00,AAL1347,30.79235012248411,-85.3670654296875,11269.98,92.32483398741984,240.9581230068855
2024-07-26 15:17:42+00:00,AAL1347,30.792257018008478,-85.36453857421873,11269.98,92.32483398741984,240.9581230068855
2024-07-26 15:17:43+00:00,AAL1347,30.792160034179688,-85.36204618566177,11269.98,92.32483398741984,240.9581230068855
2024-07-26 15:17:44+00:00,AAL1347,30.792160034179688,-85.36102294921875,11269.98,92.32980673877316,240.44410334786588
2024-07-26 15:17:46+00:00,AAL1347,30.79193115234375,-85.35499123965991,11269.98,92.32980673877316,240.44410334786588
2024-07-26 15:17:47+00:00,AAL1347,30.79188537597656,-85.35402185776655,11269.98,92.32980673877316,240.44410334786588
2024-07-26 15:17:48+00:00,AAL1347,30.791791495630296,-85.35102539062501,11269.98,92.32980673877316,240.44410334786588
2024-07-26 15:17:49+00:00,AAL1347,30.79165183891684,-85.34750976562498,11269.98,92.32980673877316,240.44410334786588
2024-07-26 15:17:50+00:00,AAL1347,30.79161071777344,-85.34524356617646,11269.98,92.32980673877316,240.44410334786588
2024-07-26 15:17:51+00:00,AAL1347,30.791558734441207,-85.343994140625,11269.98,92.2073099857283,240.42373985836167
2024-07-26 15:17:52+00:00,AAL1347,30.791473388671875,-85.3414737477022,11269.98,92.2073099857283,240.42373985836167
2024-07-26 15:17:53+00:00,AAL1347,30.79132597325212,-85.33773193359372,11269.98,92.2073099857283,240.42373985836167
2024-07-26 15:17:54+00:00,AAL1347,30.791290283203125,-85.33646527458643,11269.98,92.21204200204836,239.9096783885496
2024-07-26 15:17:55+00:00,AAL1347,30.79115295410156,-85.33274931066177,11269.98,92.21204200204836,239.9096783885496
2024-07-26 15:17:56+00:00,AAL1347,30.79110717773437,-85.33021814682905,11269.98,92.21204200204836,239.9096783885496
2024-07-26 15:17:57+00:00,AAL1347,30.791015625,-85.32774083754595,11269.98,92.21204200204836,239.9096783885496
2024-07-26 15:17:58+00:00,AAL1347,30.790924072265625,-85.3249942555147,11269.98,92.21204200204836,239.9096783885496
2024-07-26 15:17:59+00:00,AAL1347,30.79083251953125,-85.32300163717832,11269.98,92.21204200204836,239.9096783885496
2024-07-26 15:18:00+00:00,AAL1347,30.790767346398304,-85.32070312499997,11269.98,92.21204200204836,239.9096783885496
2024-07-26 15:18:01+00:00,AAL1347,30.79062768968485,-85.31696777343751,11269.98,92.21204200204836,239.9096783885496
2024-07-26 15:18:02+00:00,AAL1347,30.790557861328125,-85.31470803653491,11269.98,92.21204200204836,239.9096783885496
2024-07-26 15:18:03+00:00,AAL1347,30.7904880329714,-85.31196899414061,11269.98,92.21204200204836,239.9096783885496
2024-07-26 15:18:04+00:00,AAL1347,30.79037475585937,-85.30921487247241,11269.98,92.21204200204836,239.9096783885496
2024-07-26 15:18:05+00:00,AAL1347,30.790348376257946,-85.30795898437498,11269.98,92.21204200204836,239.9096783885496
2024-07-26 15:18:06+00:00,AAL1347,30.790255271782307,-85.30521240234373,11269.98,92.21204200204836,239.9096783885496
2024-07-26 15:18:07+00:00,AAL1347,30.790162167306672,-85.30175170898434,11277.6,92.21204200204836,239.9096783885496
2024-07-26 15:18:08+00:00,AAL1347,30.79010009765625,-85.30049043543198,11277.6,92.21204200204836,239.9096783885496
2024-07-26 15:18:09+00:00,AAL1347,30.790008544921875,-85.29774385340073,11277.6,92.21204200204836,239.9096783885496
2024-07-26 15:18:10+00:00,AAL1347,30.7899759583554,-85.29647827148438,11277.6,92.21204200204836,239.9096783885496
2024-07-26 15:18:11+00:00,AAL1347,30.789836301641948,-85.29246826171874,11277.6,92.21204200204836,239.9096783885496
2024-07-26 15:18:12+00:00,AAL1347,30.789743197166317,-85.28999633789061,11277.6,92.21204200204836,239.9096783885496
2024-07-26 15:18:13+00:00,AAL1347,30.78964233398437,-85.28697294347427,11277.6,92.21204200204836,239.9096783885496
2024-07-26 15:18:14+00:00,AAL1347,30.789596557617188,-85.28449563419116,11277.6,92.21204200204836,239.9096783885496
2024-07-26 15:18:15+00:00,AAL1347,30.78955698821504,-85.28323974609373,11277.6,92.21204200204836,239.9096783885496
2024-07-26 15:18:16+00:00,AAL1347,30.78941345214844,-85.27975643382354,11277.6,92.21204200204836,239.9096783885496
2024-07-26 15:18:17+00:00,AAL1347,30.78937077926377,-85.27846069335936,11277.6,92.21204200204836,239.9096783885496
2024-07-26 15:18:18+00:00,AAL1347,30.78927767478813,-85.27499999999998,11277.6,92.0892628848492,239.8903727590533
2024-07-26 15:18:19+00:00,AAL1347,30.7891845703125,-85.27247314453126,11277.6,92.0892628848492,239.8903727590533
2024-07-26 15:18:20+00:00,AAL1347,30.789093017578125,-85.27000876034009,11277.6,92.0892628848492,239.8903727590533
2024-07-26 15:18:21+00:00,AAL1347,30.788998361361227,-85.26725463867189,11277.6,92.0892628848492,239.8903727590533
2024-07-26 15:18:22+00:00,AAL1347,30.78895180912341,-85.26472778320311,11277.6,92.0892628848492,239.8903727590533
2024-07-26 15:18:23+00:00,AAL1347,30.788864135742188,-85.26198443244488,11277.6,92.0892628848492,239.8903727590533
2024-07-26 15:18:24+00:00,AAL1347,30.78881215240996,-85.260498046875,11277.6,92.0892628848492,239.8903727590533
2024-07-26 15:18:25+00:00,AAL1347,30.788726806640625,-85.25772992302393,11277.6,92.0892628848492,239.8903727590533
2024-07-26 15:18:26+00:00,AAL1347,30.78863525390625,-85.25525261374082,11277.6,92.0892628848492,239.8903727590533
2024-07-26 15:18:27+00:00,AAL1347,30.788579391220868,-85.25302734374998,11277.6,92.0892628848492,239.8903727590533
2024-07-26 15:18:28+00:00,AAL1347,30.788497924804688,-85.25051341337314,11277.6,92.0892628848492,239.8903727590533
2024-07-26 15:18:29+00:00,AAL1347,30.7883931822696,-85.24824829101561,11277.6,92.0892628848492,239.8903727590533
2024-07-26 15:18:30+00:00,AAL1347,30.788360595703125,-85.24598963120405,11277.6,92.0892628848492,239.8903727590533
2024-07-26 15:18:31+00:00,AAL1347,30.78826904296875,-85.24351232192095,11277.6,92.0892628848492,239.8903727590533
2024-07-26 15:18:32+00:00,AAL1347,30.788131713867188,-85.23974250344668,11277.6,92.09375192871856,239.37627147391177
2024-07-26 15:18:33+00:00,AAL1347,30.7880859375,-85.23726519416363,11277.6,92.09375192871856,239.37627147391177
2024-07-26 15:18:34+00:00,AAL1347,30.787974212129235,-85.23500976562497,11277.6,92.09375192871856,239.37627147391177
2024-07-26 15:18:35+00:00,AAL1347,30.787974212129235,-85.23402099609376,11277.6,92.09375192871856,239.37627147391177
2024-07-26 15:18:37+00:00,AAL1347,30.7877197265625,-85.22703282973345,11277.6,92.09375192871856,239.37627147391177
2024-07-26 15:18:38+00:00,AAL1347,30.78769489870233,-85.22578125000001,11277.6,92.09375192871856,239.37627147391177
2024-07-26 15:18:39+00:00,AAL1347,30.787582397460938,-85.2227783203125,11277.6,92.09375192871856,239.37627147391177
2024-07-26 15:18:40+00:00,AAL1347,30.78749084472656,-85.21927777458643,11277.6,92.09375192871856,239.37627147391177
2024-07-26 15:18:41+00:00,AAL1347,30.78744506835937,-85.21728515625,11277.6,92.09375192871856,239.37627147391177
2024-07-26 15:18:42+00:00,AAL1347,30.787369033037603,-85.21605834960934,11277.6,92.09375192871856,239.37627147391177
2024-07-26 15:18:44+00:00,AAL1347,30.78717041015625,-85.20958395565259,11277.6,92.09375192871856,239.37627147391177
2024-07-26 15:18:45+00:00,AAL1347,30.78713627184852,-85.20831298828125,11277.6,92.09375192871856,239.37627147391177
2024-07-26 15:18:48+00:00,AAL1347,30.786903510659428,-85.2005676269531,11277.6,92.09375192871856,239.37627147391177
2024-07-26 15:18:49+00:00,AAL1347,30.78681040618379,-85.19859008789064,11277.6,92.09375192871856,239.37627147391177
2024-07-26 15:18:50+00:00,AAL1347,30.786717301708155,-85.19485473632812,11277.6,92.09375192871856,239.37627147391177
2024-07-26 15:18:51+00:00,AAL1347,30.78662109375,-85.19261977251841,11277.6,92.09375192871856,239.37627147391177
2024-07-26 15:18:53+00:00,AAL1347,30.78643798828125,-85.18710937499998,11277.6,92.09375192871856,239.37627147391177
2024-07-26 15:18:54+00:00,AAL1347,30.78639143604343,-85.18513183593751,11277.6,92.09375192871856,239.37627147391177
2024-07-26 15:18:55+00:00,AAL1347,30.786300659179688,-85.18190271714155,11277.6,92.09375192871856,239.37627147391177
2024-07-26 15:18:56+00:00,AAL1347,30.78620522709216,-85.17941894531248,11277.6,92.09375192871856,239.37627147391177
2024-07-26 15:18:57+00:00,AAL1347,30.78615867485434,-85.17837524414062,11277.6,92.09375192871856,239.37627147391177
2024-07-26 15:18:58+00:00,AAL1347,30.786065570378707,-85.17442016601564,11277.6,92.09375192871856,239.37627147391177
2024-07-26 15:18:59+00:00,AAL1347,30.78602600097656,-85.17317828010113,11277.6,92.09375192871856,239.37627147391177
2024-07-26 15:19:00+00:00,AAL1347,30.785934448242188,-85.17043169806988,11277.6,92.09375192871856,239.37627147391177
2024-07-26 15:19:01+00:00,AAL1347,30.785832809189618,-85.16766357421875,11277.6,92.09375192871856,239.37627147391177
2024-07-26 15:19:02+00:00,AAL1347,30.7857862569518,-85.16667480468749,11277.6,92.09375192871856,239.37627147391177
2024-07-26 15:19:03+00:00,AAL1347,30.785693152476163,-85.16293945312498,11277.6,92.09375192871856,239.37627147391177
2024-07-26 15:19:04+00:00,AAL1347,30.785659790039062,-85.16170726102939,11277.6,92.09375192871856,239.37627147391177
2024-07-26 15:19:05+00:00,AAL1347,30.7855224609375,-85.15772202435664,11277.6,92.09375192871856,239.37627147391177
2024-07-26 15:19:06+00:00,AAL1347,30.785430908203125,-85.1549754423254,11277.6,92.09375192871856,239.37627147391177
2024-07-26 15:19:07+00:00,AAL1347,30.78536728681144,-85.15272216796876,11277.6,92.09375192871856,239.37627147391177
2024-07-26 15:19:08+00:00,AAL1347,30.785274182335804,-85.15019531249999,11277.6,92.09375192871856,239.37627147391177
2024-07-26 15:19:09+00:00,AAL1347,30.785227630097985,-85.14772338867186,11277.6,92.09375192871856,239.37627147391177
2024-07-26 15:19:11+00:00,AAL1347,30.785041421146715,-85.14250488281249,11277.6,92.09375192871856,239.37627147391177
2024-07-26 15:19:12+00:00,AAL1347,30.78497314453125,-85.13973460477939,11277.6,92.09375192871856,239.37627147391177
2024-07-26 15:19:13+00:00,AAL1347,30.784881591796875,-85.13752656824448,11277.6,92.09375192871856,239.37627147391177
2024-07-26 15:19:14+00:00,AAL1347,30.78485521219544,-85.13525390625,11277.6,92.09375192871856,239.37627147391177
2024-07-26 15:19:15+00:00,AAL1347,30.784744262695312,-85.1330027860754,11277.6,91.9706901934308,239.35802850121908
2024-07-26 15:19:16+00:00,AAL1347,30.78471555548199,-85.13179321289061,11277.6,91.9706901934308,239.35802850121908
2024-07-26 15:19:18+00:00,AAL1347,30.78451538085937,-85.12530158547793,11277.6,92.09375192871856,239.37627147391177
2024-07-26 15:19:19+00:00,AAL1347,30.784482794292902,-85.12404785156247,11277.6,92.09375192871856,239.37627147391177
2024-07-26 15:19:20+00:00,AAL1347,30.78437805175781,-85.12007769416363,11277.6,92.09375192871856,239.37627147391177
2024-07-26 15:19:21+00:00,AAL1347,30.78429658534163,-85.11784057617189,11277.6,92.09375192871856,239.37627147391177
2024-07-26 15:19:22+00:00,AAL1347,30.784203480865997,-85.11531372070311,11277.6,92.09375192871856,239.37627147391177
2024-07-26 15:19:23+00:00,AAL1347,30.784149169921875,-85.11232263901655,11277.6,92.09375192871856,239.37627147391177
2024-07-26 15:19:24+00:00,AAL1347,30.78411037639036,-85.111083984375,11277.6,92.09375192871856,239.37627147391177
2024-07-26 15:19:25+00:00,AAL1347,30.783970719676905,-85.10707397460936,11277.6,92.09375192871856,239.37627147391177
2024-07-26 15:19:26+00:00,AAL1347,30.78387761520127,-85.10460205078124,11277.6,92.09375192871856,239.37627147391177
2024-07-26 15:19:28+00:00,AAL1347,30.783737958487816,-85.10086669921873,11277.6,92.09375192871856,239.37627147391177
2024-07-26 15:19:29+00:00,AAL1347,30.78364485401218,-85.09740600585934,11277.6,92.09375192871856,239.37627147391177
2024-07-26 15:19:30+00:00,AAL1347,30.78359830177436,-85.09537353515623,11277.6,92.09375192871856,239.37627147391177
2024-07-26 15:19:31+00:00,AAL1347,30.78350830078125,-85.09288114659927,11277.6,92.2167943407402,239.39561856218603
2024-07-26 15:19:32+00:00,AAL1347,30.78341209282309,-85.09064941406251,11277.6,92.2167943407402,239.39561856218603
2024-07-26 15:19:33+00:00,AAL1347,30.783365540585272,-85.08817749023439,11277.6,92.2167943407402,239.39561856218603
2024-07-26 15:19:34+00:00,AAL1347,30.783279418945312,-85.08566463694854,11277.6,92.2167943407402,239.39561856218603
2024-07-26 15:19:35+00:00,AAL1347,30.783179331634003,-85.08290405273436,11277.6,92.2167943407402,239.39561856218603
2024-07-26 15:19:36+00:00,AAL1347,30.78309631347656,-85.08071001838238,11277.6,92.2167943407402,239.39561856218603
2024-07-26 15:19:37+00:00,AAL1347,30.783004760742188,-85.07796343635113,11277.6,92.2167943407402,239.39561856218603
2024-07-26 15:19:38+00:00,AAL1347,30.782946570444917,-85.07570800781247,11277.6,92.2167943407402,239.39561856218603
2024-07-26 15:19:40+00:00,AAL1347,30.78280691373146,-85.07219238281249,11277.6,92.2167943407402,239.39561856218603
2024-07-26 15:19:41+00:00,AAL1347,30.782638549804688,-85.06724638097427,11277.6,92.2167943407402,239.39561856218603
2024-07-26 15:19:42+00:00,AAL1347,30.78257415254237,-85.06499633789059,11277.6,92.2167943407402,239.39561856218603
2024-07-26 15:19:43+00:00,AAL1347,30.782501220703125,-85.06272259880518,11277.6,92.2167943407402,239.39561856218603
2024-07-26 15:19:44+00:00,AAL1347,30.78243449582892,-85.06027221679688,11277.6,92.2167943407402,239.39561856218603
2024-07-26 15:19:45+00:00,AAL1347,30.782294839115465,-85.0572509765625,11277.6,92.2167943407402,239.39561856218603
2024-07-26 15:19:46+00:00,AAL1347,30.7822265625,-85.05502139820771,11277.6,92.2167943407402,239.39561856218603
2024-07-26 15:19:50+00:00,AAL1347,30.781906127929688,-85.04581227022061,11277.6,92.33981629944616,239.41606949837285
2024-07-26 15:19:51+00:00,AAL1347,30.781829316737287,-85.04307861328124,11277.6,92.33981629944616,239.41606949837285
2024-07-26 15:19:52+00:00,AAL1347,30.781768798828125,-85.0418270335478,11277.6,92.33981629944616,239.41606949837285
2024-07-26 15:19:53+00:00,AAL1347,30.781643107786017,-85.03829956054688,11277.6,92.33981629944616,239.41606949837285
2024-07-26 15:19:54+00:00,AAL1347,30.78155000331038,-85.03560791015622,11277.6,92.33981629944616,239.41606949837285
2024-07-26 15:19:55+00:00,AAL1347,30.781456898834744,-85.0330810546875,11277.6,92.33981629944616,239.41606949837285
2024-07-26 15:19:56+00:00,AAL1347,30.78144836425781,-85.03186394186582,11277.6,92.33981629944616,239.41606949837285
2024-07-26 15:19:58+00:00,AAL1347,30.78117758540784,-85.02484130859375,11277.6,92.33981629944616,239.41606949837285
2024-07-26 15:19:59+00:00,AAL1347,30.78117758540784,-85.02385253906249,11277.6,92.33981629944616,239.41606949837285
2024-07-26 15:20:01+00:00,AAL1347,30.78099137645657,-85.01863403320311,11277.6,92.33981629944616,239.41606949837285
2024-07-26 15:20:04+00:00,AAL1347,30.78071206302966,-85.01088867187497,11277.6,92.33981629944616,239.41606949837285
2024-07-26 15:20:05+00:00,AAL1347,30.780670166015625,-85.00962201286768,11277.6,92.33981629944616,239.41606949837285
2024-07-26 15:20:06+00:00,AAL1347,30.780532836914062,-85.00563677619488,11277.6,92.33981629944616,239.41606949837285
2024-07-26 15:20:08+00:00,AAL1347,30.78033964512712,-85.00067138671875,11269.98,92.33981629944616,239.41606949837285
2024-07-26 15:20:09+00:00,AAL1347,30.780258178710938,-84.99842026654414,11269.98,92.33981629944616,239.41606949837285
2024-07-26 15:20:10+00:00,AAL1347,30.780199988413663,-84.99567260742185,11269.98,92.33981629944616,239.41606949837285
2024-07-26 15:20:11+00:00,AAL1347,30.780075073242188,-84.99319637522979,11269.98,92.33981629944616,239.41606949837285
2024-07-26 15:20:12+00:00,AAL1347,30.780013779462397,-84.99094848632814,11269.98,92.33981629944616,239.41606949837285
2024-07-26 15:20:13+00:00,AAL1347,30.77996722722457,-84.98891601562497,11269.98,92.33981629944616,239.41606949837285
2024-07-26 15:20:15+00:00,AAL1347,30.779734466035485,-84.98270874023439,11269.98,92.33981629944616,239.41606949837285
2024-07-26 15:20:16+00:00,AAL1347,30.77964136155985,-84.98073120117186,11269.98,92.33981629944616,239.41606949837285
2024-07-26 15:20:17+00:00,AAL1347,30.77959480932203,-84.97820434570309,11269.98,92.33981629944616,239.41606949837285
2024-07-26 15:20:18+00:00,AAL1347,30.779548257084212,-84.97672119140623,11269.98,92.33981629944616,239.41606949837285
2024-07-26 15:20:19+00:00,AAL1347,30.77940860037076,-84.97397460937498,11269.98,92.33981629944616,239.41606949837285
2024-07-26 15:20:20+00:00,AAL1347,30.779315495895126,-84.97023925781247,11269.98,92.33981629944616,239.41606949837285
2024-07-26 15:20:21+00:00,AAL1347,30.77922239141949,-84.96776733398434,11269.98,92.33981629944616,239.41606949837285
2024-07-26 15:20:22+00:00,AAL1347,30.779175839181672,-84.96672363281249,11269.98,92.33981629944616,239.41606949837285
2024-07-26 15:20:24+00:00,AAL1347,30.778976440429688,-84.96077593635113,11277.6,92.33981629944616,239.41606949837285
2024-07-26 15:20:28+00:00,AAL1347,30.77861721232786,-84.95079345703124,11277.6,92.33981629944616,239.41606949837285
2024-07-26 15:20:29+00:00,AAL1347,30.778524107852224,-84.94826660156247,11277.6,92.33981629944616,239.41606949837285
2024-07-26 15:20:30+00:00,AAL1347,30.778477555614405,-84.94727783203126,11277.6,92.33981629944616,239.41606949837285
2024-07-26 15:20:32+00:00,AAL1347,30.778289794921875,-84.94133444393384,11277.6,92.33981629944616,239.41606949837285
2024-07-26 15:20:33+00:00,AAL1347,30.778244018554688,-84.94031120749082,11277.6,92.33981629944616,239.41606949837285
2024-07-26 15:20:34+00:00,AAL1347,30.778152465820312,-84.9368106617647,11277.6,92.33981629944616,239.41606949837285
2024-07-26 15:20:35+00:00,AAL1347,30.778060913085938,-84.93508731617646,11277.6,92.33981629944616,239.41606949837285
2024-07-26 15:20:36+00:00,AAL1347,30.77791892876059,-84.93134765625001,11277.6,92.33981629944616,239.41606949837285
2024-07-26 15:20:37+00:00,AAL1347,30.77782582428496,-84.92860107421876,11277.6,92.33981629944616,239.41606949837285
2024-07-26 15:20:40+00:00,AAL1347,30.777593063095868,-84.92135009765622,11277.6,92.33981629944616,239.41606949837285
2024-07-26 15:20:42+00:00,AAL1347,30.777453406382413,-84.91734008789064,11277.6,92.33981629944616,239.41606949837285
2024-07-26 15:20:43+00:00,AAL1347,30.777267197431144,-84.91289062499999,11277.6,92.33981629944616,239.41606949837285
2024-07-26 15:20:44+00:00,AAL1347,30.777220645193324,-84.9111328125,11277.6,92.33981629944616,239.41606949837285
2024-07-26 15:20:45+00:00,AAL1347,30.777099609375,-84.90735222311582,11277.6,92.33981629944616,239.41606949837285
2024-07-26 15:20:49+00:00,AAL1347,30.776755122815143,-84.89937744140622,11277.6,92.70874817249464,239.4840424901697
2024-07-26 15:20:52+00:00,AAL1347,30.776382704912603,-84.89168701171872,11277.6,93.95368015522442,238.75578264722816
2024-07-26 15:20:53+00:00,AAL1347,30.776103391485695,-84.88817138671874,11277.6,93.95368015522442,238.75578264722816
2024-07-26 15:20:55+00:00,AAL1347,30.775680541992188,-84.8837100758272,11277.6,95.82132136890328,238.388043018884
2024-07-26 15:20:58+00:00,AAL1347,30.7747999288268,-84.87630615234372,11277.6,97.7985130587068,238.8533077230005
2024-07-26 15:21:01+00:00,AAL1347,30.774008540783896,-84.87037353515626,11277.6,99.685815249914,238.5006992402494
2024-07-26 15:21:02+00:00,AAL1347,30.773403361692267,-84.86674804687499,11277.6,100.3159031609316,238.4407705367125
2024-07-26 15:21:05+00:00,AAL1347,30.77206420898437,-84.85942167394302,11277.6,102.06027789988146,238.82893018756417
2024-07-26 15:21:06+00:00,AAL1347,30.771560668945312,-84.85699821920957,11277.6,102.689412136484,238.87768277070248
2024-07-26 15:21:07+00:00,AAL1347,30.7708740234375,-84.85360538258271,11277.6,103.34668862538442,238.4546442614813
2024-07-26 15:21:08+00:00,AAL1347,30.77046203613281,-84.85188203699448,11277.6,103.97631066602688,238.56227694235733
2024-07-26 15:21:09+00:00,AAL1347,30.76967918266684,-84.84829101562497,11277.6,104.48573042474476,238.5694877055755
2024-07-26 15:21:10+00:00,AAL1347,30.769399869239933,-84.84730224609376,11277.6,105.11434311529872,238.72917798478665
2024-07-26 15:21:11+00:00,AAL1347,30.768768310546875,-84.84466552734375,11277.6,105.77558080979912,238.4224559838685
2024-07-26 15:21:13+00:00,AAL1347,30.767491227489405,-84.83994140624998,11277.6,106.91210683179098,238.7380465350215
2024-07-26 15:21:14+00:00,AAL1347,30.76683949615996,-84.83757934570309,11277.6,107.575185836542,238.51789821644647
2024-07-26 15:21:15+00:00,AAL1347,30.76656018273305,-84.83659057617189,11277.6,108.08344538304868,238.6582177189013
2024-07-26 15:21:16+00:00,AAL1347,30.765151977539062,-84.83190199908091,11277.6,108.74761027331068,238.49459607959128
2024-07-26 15:21:17+00:00,AAL1347,30.764511884269066,-84.82977905273435,11277.6,109.29588617223274,238.19257194320187
2024-07-26 15:21:18+00:00,AAL1347,30.763767048463983,-84.82747192382811,11277.6,109.91977296680358,238.57115169690607
2024-07-26 15:21:20+00:00,AAL1347,30.762603242518537,-84.82395629882814,11277.6,111.13520951616869,238.2675585006292
2024-07-26 15:21:21+00:00,AAL1347,30.761398315429688,-84.82053868910845,11277.6,111.64078897936515,238.538979140723
2024-07-26 15:21:24+00:00,AAL1347,30.75888061523437,-84.81391457950366,11277.6,113.40977332075484,238.24978604338435
2024-07-26 15:21:26+00:00,AAL1347,30.757644653320312,-84.8107371610754,11277.6,114.07549825507884,238.34363185124624
2024-07-26 15:21:27+00:00,AAL1347,30.75673766055349,-84.80852050781249,11277.6,115.1813642097095,238.1881275544277
2024-07-26 15:21:28+00:00,AAL1347,30.755806615797137,-84.80626831054684,11277.6,115.84612642495476,238.36750388233557
2024-07-26 15:21:29+00:00,AAL1347,30.754410048662603,-84.80319213867188,11277.6,116.39913722138832,238.34973887748
2024-07-26 15:21:30+00:00,AAL1347,30.753936767578125,-84.80206657858457,11277.6,116.95217893122894,238.3541802528246
2024-07-26 15:21:32+00:00,AAL1347,30.751291048728813,-84.79638061523434,11277.6,118.2253335460608,238.21868105269743
2024-07-26 15:21:33+00:00,AAL1347,30.750173795021183,-84.79396362304686,11277.6,118.7782793534738,238.29643591662432
2024-07-26 15:21:34+00:00,AAL1347,30.748992919921875,-84.79161879595591,11277.6,119.33081301132748,238.39636919175243
2024-07-26 15:21:35+00:00,AAL1347,30.748580932617188,-84.79075712316177,11277.6,119.33081301132748,238.39636919175243
2024-07-26 15:21:36+00:00,AAL1347,30.746822033898304,-84.78731689453122,11277.6,120.32763411913386,238.40247486704249
2024-07-26 15:21:37+00:00,AAL1347,30.74570478019068,-84.78517456054686,11277.6,120.7728420162701,238.3008782854124
2024-07-26 15:21:38+00:00,AAL1347,30.74477373543432,-84.78352661132811,11277.6,121.04857627694076,238.388043018884
2024-07-26 15:21:39+00:00,AAL1347,30.743563377251057,-84.78116455078123,11277.6,121.32410259546076,238.4807246790377
2024-07-26 15:21:40+00:00,AAL1347,30.74244612354343,-84.77907714843747,11277.6,121.42956561483854,238.7485775105512
2024-07-26 15:21:43+00:00,AAL1347,30.739001257944917,-84.77248535156247,11277.6,121.32410259546076,238.4807246790377
2024-07-26 15:21:44+00:00,AAL1347,30.73853573556673,-84.7716064453125,11277.6,121.32410259546076,238.4807246790377
2024-07-26 15:21:45+00:00,AAL1347,30.736862182617188,-84.76840748506436,11277.6,121.15438873644506,238.65378200173035
2024-07-26 15:21:46+00:00,AAL1347,30.736083984375,-84.76695341222427,11277.6,121.15438873644506,238.65378200173035
2024-07-26 15:21:48+00:00,AAL1347,30.73397361626059,-84.76287231445309,11277.6,121.04857627694076,238.388043018884
2024-07-26 15:21:50+00:00,AAL1347,30.73155212402344,-84.75817512063418,11277.6,120.98492231593272,238.82893018756417
2024-07-26 15:21:51+00:00,AAL1347,30.730453491210938,-84.75607479319854,11277.6,120.87899952361242,238.56449566194576
2024-07-26 15:21:52+00:00,AAL1347,30.72935485839844,-84.75392061121323,11277.6,120.87899952361242,238.56449566194576
2024-07-26 15:21:53+00:00,AAL1347,30.72816467285156,-84.75160486557905,11277.6,120.87899952361242,238.56449566194576
2024-07-26 15:21:54+00:00,AAL1347,30.727020263671875,-84.74945068359375,11277.6,120.87899952361242,238.56449566194576
2024-07-26 15:21:55+00:00,AAL1347,30.726150512695312,-84.74772733800552,11277.6,120.87899952361242,238.56449566194576
2024-07-26 15:21:56+00:00,AAL1347,30.72503558659957,-84.74562377929686,11277.6,120.87899952361242,238.56449566194576
2024-07-26 15:21:57+00:00,AAL1347,30.72349936275159,-84.74260253906249,11277.6,120.87899952361242,238.56449566194576
2024-07-26 15:21:58+00:00,AAL1347,30.72261487023305,-84.74089965820309,11277.6,120.87899952361242,238.56449566194576
2024-07-26 15:21:59+00:00,AAL1347,30.72154416876324,-84.73881225585939,11277.6,120.87899952361242,238.56449566194576
2024-07-26 15:22:01+00:00,AAL1347,30.71921655687235,-84.73430786132809,11277.6,121.04857627694076,238.388043018884
2024-07-26 15:22:02+00:00,AAL1347,30.718518273305083,-84.73304443359376,11277.6,121.15438873644506,238.65378200173035
2024-07-26 15:22:03+00:00,AAL1347,30.716949462890625,-84.73006304572613,11277.6,121.15438873644506,238.65378200173035
2024-07-26 15:22:04+00:00,AAL1347,30.7156785867982,-84.72777099609374,11277.6,121.87448149498285,238.6826126898323
2024-07-26 15:22:05+00:00,AAL1347,30.71525961665784,-84.72689208984372,11277.6,122.3196165081802,238.63104765712035
2024-07-26 15:22:06+00:00,AAL1347,30.71337890625,-84.72360049977021,11277.6,122.935768108972,238.4407705367125
2024-07-26 15:22:08+00:00,AAL1347,30.711685180664062,-84.72069235409009,11277.6,123.4845844397837,238.70700516768773
2024-07-26 15:22:09+00:00,AAL1347,30.70980834960937,-84.71767649931064,11277.6,124.71860657106738,238.4585287597689
2024-07-26 15:22:16+00:00,AAL1347,30.70088195800781,-84.70437442555146,11277.6,129.12388811802558,238.0630951372529
2024-07-26 15:22:17+00:00,AAL1347,30.70033264160156,-84.70356660730698,11277.6,129.64690138015075,237.84955467004872
2024-07-26 15:22:18+00:00,AAL1347,30.69826804985434,-84.70074462890625,11277.6,130.26544984244944,237.98804415641425
2024-07-26 15:22:19+00:00,AAL1347,30.696121215820312,-84.69796573414521,11277.6,130.7895015966978,237.81784091375428
2024-07-26 15:22:20+00:00,AAL1347,30.695288706634003,-84.69684448242185,11277.6,131.4072782349891,238.00750409055408
2024-07-26 15:22:21+00:00,AAL1347,30.69384558726165,-84.69503173828122,11277.6,131.9319521565651,237.8807079272553
2024-07-26 15:22:22+00:00,AAL1347,30.6924024678893,-84.69321899414064,11277.6,132.37359436170925,238.15368072922556
2024-07-26 15:22:23+00:00,AAL1347,30.69062805175781,-84.69107235179229,11277.6,132.89834567232873,238.06365098216452
2024-07-26 15:22:24+00:00,AAL1347,30.689888647047137,-84.69014282226561,11277.6,133.42344994481627,237.99360429996165
2024-07-26 15:22:25+00:00,AAL1347,30.687652587890625,-84.68751795151655,11277.6,133.94881925045627,237.9435583306774
2024-07-26 15:22:26+00:00,AAL1347,30.687057495117188,-84.68681784237134,11277.6,134.4743653935424,237.9135256959788
2024-07-26 15:22:28+00:00,AAL1347,30.68304546808792,-84.68228759765623,11277.6,135.5256346064576,237.9135256959788
2024-07-26 15:22:29+00:00,AAL1347,30.681655883789062,-84.6807861328125,11277.6,136.05118074954376,237.9435583306774
2024-07-26 15:22:30+00:00,AAL1347,30.681060791015625,-84.68008602366729,11277.6,136.57655005518373,237.99360429996165
2024-07-26 15:22:32+00:00,AAL1347,30.67759885626324,-84.67640991210936,11269.98,137.63445076440163,237.42691362022603
2024-07-26 15:22:36+00:00,AAL1347,30.67144775390625,-84.67028449563418,11277.6,139.65436824499517,237.59572609340952
2024-07-26 15:22:38+00:00,AAL1347,30.667124602754235,-84.66624755859374,11277.6,140.71933391233847,237.265789150914
2024-07-26 15:22:40+00:00,AAL1347,30.66343688964844,-84.66285256778491,11277.6,141.68931539763406,237.33660818615036
2024-07-26 15:22:41+00:00,AAL1347,30.66158488645392,-84.66124877929684,11277.6,142.21205886380554,237.6007384911013
2024-07-26 15:22:42+00:00,AAL1347,30.66073608398437,-84.66048296760113,11277.6,142.7572500500434,237.16370563447117
2024-07-26 15:22:44+00:00,AAL1347,30.65711975097656,-84.65746711282168,11277.6,143.72613577629872,237.3773056280511
2024-07-26 15:22:45+00:00,AAL1347,30.65538024902344,-84.65601303998164,11277.6,144.17353544228192,237.30092249513388
2024-07-26 15:22:46+00:00,AAL1347,30.654693603515625,-84.6554744944853,11277.6,144.72262431194028,236.94153608828896
2024-07-26 15:22:47+00:00,AAL1347,30.65185546875,-84.65322875976562,11269.98,145.17106999825958,236.8974123247787
2024-07-26 15:22:48+00:00,AAL1347,30.64938820014565,-84.65130615234375,11277.6,145.68979792250286,237.29255788499668
2024-07-26 15:22:49+00:00,AAL1347,30.648513793945312,-84.65062758501841,11277.6,146.24094300764676,236.9934687251689
2024-07-26 15:22:50+00:00,AAL1347,30.64581298828125,-84.64863496668198,11277.6,146.62094390401768,236.56873889050564
2024-07-26 15:22:51+00:00,AAL1347,30.644027709960938,-84.64728860294116,11269.98,146.96569890530145,236.8661297419802
2024-07-26 15:22:55+00:00,AAL1347,30.63702392578125,-84.64217242072613,11277.6,147.62446000678798,236.3420908459688
2024-07-26 15:22:56+00:00,AAL1347,30.635238647460938,-84.6408260569853,11277.6,147.45223471162254,236.18414820649548
2024-07-26 15:22:58+00:00,AAL1347,30.631651797537074,-84.63817749023434,11277.6,147.45223471162254,236.18414820649548
2024-07-26 15:23:00+00:00,AAL1347,30.6287841796875,-84.63603300206802,11277.6,147.34715975930126,236.4613180108961
2024-07-26 15:23:01+00:00,AAL1347,30.62718278270657,-84.63482666015625,11277.6,147.27978047964802,236.02834243608967
2024-07-26 15:23:02+00:00,AAL1347,30.624668961864405,-84.63295898437497,11277.6,147.17483928845567,236.3068149457577
2024-07-26 15:23:03+00:00,AAL1347,30.62251281738281,-84.63140151079966,11277.6,147.17483928845567,236.3068149457577
2024-07-26 15:23:04+00:00,AAL1347,30.62164306640625,-84.63070678710938,11277.6,147.17483928845567,236.3068149457577
2024-07-26 15:23:05+00:00,AAL1347,30.619827529131356,-84.62938842773434,11277.6,147.17483928845567,236.3068149457577
2024-07-26 15:23:06+00:00,AAL1347,30.617499917240465,-84.62763061523435,11277.6,147.17483928845567,236.3068149457577
2024-07-26 15:23:07+00:00,AAL1347,30.615730932203387,-84.62631225585938,11277.6,147.07014548938793,236.5860783134702
2024-07-26 15:23:08+00:00,AAL1347,30.61428781283104,-84.62521362304688,11277.6,147.07014548938793,236.5860783134702
2024-07-26 15:23:09+00:00,AAL1347,30.61251882779396,-84.62389526367184,11277.6,147.0022948987837,236.15445215935188
2024-07-26 15:23:10+00:00,AAL1347,30.610382080078125,-84.62230009191177,11277.6,147.0022948987837,236.15445215935188
2024-07-26 15:23:11+00:00,AAL1347,30.609492932335804,-84.62164306640625,11277.6,147.0022948987837,236.15445215935188
2024-07-26 15:23:12+00:00,AAL1347,30.606979111493644,-84.61972045898438,11277.6,147.0022948987837,236.15445215935188
2024-07-26 15:23:13+00:00,AAL1347,30.606124877929688,-84.61906881893384,11277.6,147.0022948987837,236.15445215935188
2024-07-26 15:23:14+00:00,AAL1347,30.603254932468214,-84.61691894531248,11277.6,146.8977381947838,236.4350148389209
2024-07-26 15:23:17+00:00,AAL1347,30.597564697265625,-84.61260627297793,11277.6,146.8977381947838,236.4350148389209
2024-07-26 15:23:18+00:00,AAL1347,30.596466064453125,-84.61179845473345,11277.6,146.8977381947838,236.4350148389209
2024-07-26 15:23:19+00:00,AAL1347,30.594503111758478,-84.61032714843748,11277.6,146.8977381947838,236.4350148389209
2024-07-26 15:23:21+00:00,AAL1347,30.59077893273305,-84.60752563476564,11269.98,146.8977381947838,236.4350148389209
2024-07-26 15:23:22+00:00,AAL1347,30.58900994769597,-84.6062072753906,11269.98,146.8977381947838,236.4350148389209
2024-07-26 15:23:24+00:00,AAL1347,30.58491335076801,-84.60307617187499,11269.98,146.82952928919147,236.00423379692825
2024-07-26 15:23:26+00:00,AAL1347,30.58222961425781,-84.60108139935664,11269.98,146.82952928919147,236.00423379692825
2024-07-26 15:23:27+00:00,AAL1347,30.580258126986227,-84.5996154785156,11277.6,146.82952928919147,236.00423379692825
2024-07-26 15:23:29+00:00,AAL1347,30.576690673828125,-84.59693459903491,11277.6,146.82952928919147,236.00423379692825
2024-07-26 15:23:30+00:00,AAL1347,30.575835664393537,-84.59626464843751,11277.6,146.82952928919147,236.00423379692825
2024-07-26 15:23:31+00:00,AAL1347,30.57403564453125,-84.59488812614893,11277.6,146.82952928919147,236.00423379692825
2024-07-26 15:23:32+00:00,AAL1347,30.571563720703125,-84.59300321691177,11277.6,146.82952928919147,236.00423379692825
2024-07-26 15:23:34+00:00,AAL1347,30.56731660487288,-84.58978271484375,11277.6,146.82952928919147,236.00423379692825
2024-07-26 15:23:35+00:00,AAL1347,30.565501067597985,-84.58846435546872,11277.6,146.82952928919147,236.00423379692825
2024-07-26 15:23:37+00:00,AAL1347,30.56284759004237,-84.5864318847656,11277.6,146.82952928919147,236.00423379692825
2024-07-26 15:23:38+00:00,AAL1347,30.56038032143803,-84.58456420898438,11277.6,146.82952928919147,236.00423379692825
2024-07-26 15:23:39+00:00,AAL1347,30.559478759765625,-84.58384794347427,11277.6,146.82952928919147,236.00423379692825
2024-07-26 15:23:40+00:00,AAL1347,30.55682373046875,-84.5818553251379,11277.6,146.82952928919147,236.00423379692825
2024-07-26 15:23:41+00:00,AAL1347,30.555213023040253,-84.58066406249998,11277.6,146.76107102080752,235.5737884475432
2024-07-26 15:23:43+00:00,AAL1347,30.55186126191737,-84.57808227539061,11277.6,146.76107102080752,235.5737884475432
2024-07-26 15:23:44+00:00,AAL1347,30.549719858977756,-84.57648925781251,11277.6,146.65654518160062,235.85616395588065
2024-07-26 15:23:45+00:00,AAL1347,30.548126220703125,-84.57528507008271,11277.6,146.65654518160062,235.85616395588065
2024-07-26 15:23:46+00:00,AAL1347,30.547393798828125,-84.57474652458643,11277.6,146.65654518160062,235.85616395588065
2024-07-26 15:23:47+00:00,AAL1347,30.54405212402344,-84.57216150620405,11277.6,146.65654518160062,235.85616395588065
2024-07-26 15:23:50+00:00,AAL1347,30.53961181640625,-84.56882252412686,11277.6,146.65654518160062,235.85616395588065
2024-07-26 15:23:51+00:00,AAL1347,30.537094116210938,-84.5669376148897,11277.6,146.65654518160062,235.85616395588065
2024-07-26 15:23:52+00:00,AAL1347,30.53621971001059,-84.56627197265624,11277.6,146.76107102080752,235.5737884475432
2024-07-26 15:23:53+00:00,AAL1347,30.533935546875,-84.56451416015625,11277.6,146.76107102080752,235.5737884475432
2024-07-26 15:23:55+00:00,AAL1347,30.53035412804555,-84.56182250976559,11277.6,146.76107102080752,235.5737884475432
2024-07-26 15:23:56+00:00,AAL1347,30.52876281738281,-84.56063663258271,11277.6,146.76107102080752,235.5737884475432
2024-07-26 15:23:57+00:00,AAL1347,30.52679443359375,-84.55912870519302,11277.6,146.76107102080752,235.5737884475432
2024-07-26 15:23:58+00:00,AAL1347,30.52523338188559,-84.55792236328125,11277.6,146.76107102080752,235.5737884475432
2024-07-26 15:23:59+00:00,AAL1347,30.52363586425781,-84.55670525045957,11277.6,146.76107102080752,235.5737884475432
2024-07-26 15:24:00+00:00,AAL1347,30.52150920286017,-84.55512084960935,11277.6,146.82952928919147,236.00423379692825
2024-07-26 15:24:01+00:00,AAL1347,30.520764367055083,-84.5545715332031,11277.6,146.9341959250586,235.72315839322624
2024-07-26 15:24:03+00:00,AAL1347,30.516357421875,-84.55121208639707,11277.6,146.9341959250586,235.72315839322624
2024-07-26 15:24:04+00:00,AAL1347,30.51475524902344,-84.55002728630518,11277.6,146.9341959250586,235.72315839322624
2024-07-26 15:24:05+00:00,AAL1347,30.51280393438824,-84.548583984375,11277.6,146.9341959250586,235.72315839322624
2024-07-26 15:24:07+00:00,AAL1347,30.5093994140625,-84.54604204963238,11277.6,146.9341959250586,235.72315839322624
2024-07-26 15:24:10+00:00,AAL1347,30.50391245696504,-84.54188232421876,11277.6,146.9341959250586,235.72315839322624
2024-07-26 15:24:12+00:00,AAL1347,30.500002068988348,-84.53891601562498,11277.6,146.9341959250586,235.72315839322624
2024-07-26 15:24:13+00:00,AAL1347,30.4984130859375,-84.53774844898896,11277.6,146.9341959250586,235.72315839322624
2024-07-26 15:24:17+00:00,AAL1347,30.49269336765095,-84.53347778320312,11277.6,146.86584739527495,235.2921988429083
2024-07-26 15:24:19+00:00,AAL1347,30.488113403320312,-84.52999339384189,11277.6,146.86584739527495,235.2921988429083
2024-07-26 15:24:20+00:00,AAL1347,30.487380981445312,-84.52945484834561,11277.6,146.86584739527495,235.2921988429083
2024-07-26 15:24:21+00:00,AAL1347,30.484359741210938,-84.52719295726104,11277.6,146.86584739527495,235.2921988429083
2024-07-26 15:24:23+00:00,AAL1347,30.48170703952595,-84.52518310546873,11277.6,146.86584739527495,235.2921988429083
2024-07-26 15:24:24+00:00,AAL1347,30.479415893554688,-84.52342313878677,11277.6,146.86584739527495,235.2921988429083
2024-07-26 15:24:25+00:00,AAL1347,30.477447509765625,-84.52196906594668,11277.6,146.86584739527495,235.2921988429083
2024-07-26 15:24:26+00:00,AAL1347,30.4749755859375,-84.52008415670957,11269.98,146.86584739527495,235.2921988429083
2024-07-26 15:24:27+00:00,AAL1347,30.474288940429688,-84.51954561121323,11277.6,146.86584739527495,235.2921988429083
2024-07-26 15:24:29+00:00,AAL1347,30.471267700195312,-84.51728372012866,11269.98,146.86584739527495,235.2921988429083
2024-07-26 15:24:30+00:00,AAL1347,30.468429565429688,-84.51512953814341,11277.6,146.79724813072377,234.8615753482073
2024-07-26 15:24:31+00:00,AAL1347,30.466827392578125,-84.51394473805146,11277.6,146.79724813072377,234.8615753482073
2024-07-26 15:24:32+00:00,AAL1347,30.46504211425781,-84.51259837431064,11277.6,146.79724813072377,234.8615753482073
2024-07-26 15:24:33+00:00,AAL1347,30.464156845868644,-84.51194458007814,11277.6,146.79724813072377,234.8615753482073
2024-07-26 15:24:35+00:00,AAL1347,30.45991516113281,-84.50872084673716,11277.6,146.79724813072377,234.8615753482073
2024-07-26 15:24:37+00:00,AAL1347,30.45656883110434,-84.50617675781251,11277.6,146.79724813072377,234.8615753482073
2024-07-26 15:24:38+00:00,AAL1347,30.4537353515625,-84.50408935546875,11277.6,146.79724813072377,234.8615753482073
2024-07-26 15:24:39+00:00,AAL1347,30.4530029296875,-84.50355080997241,11277.6,146.79724813072377,234.8615753482073
2024-07-26 15:24:40+00:00,AAL1347,30.45107566704184,-84.50205688476564,11269.98,146.79724813072377,234.8615753482073
2024-07-26 15:24:42+00:00,AAL1347,30.44697907011388,-84.49898071289061,11269.98,146.90238596353583,234.58025900126972
2024-07-26 15:24:44+00:00,AAL1347,30.443441100039724,-84.4963439941406,11269.98,146.90238596353583,234.58025900126972
2024-07-26 15:24:46+00:00,AAL1347,30.440643310546875,-84.49418011833643,11269.98,146.90238596353583,234.58025900126972
2024-07-26 15:24:47+00:00,AAL1347,30.43906518968485,-84.49299316406251,11269.98,146.90238596353583,234.58025900126972
2024-07-26 15:24:52+00:00,AAL1347,30.42914956302966,-84.48552246093749,11269.98,146.90238596353583,234.58025900126972
2024-07-26 15:24:53+00:00,AAL1347,30.427380577992583,-84.48420410156251,11269.98,146.90238596353583,234.58025900126972
2024-07-26 15:24:54+00:00,AAL1347,30.425445556640625,-84.4827090992647,11269.98,146.90238596353583,234.58025900126972
2024-07-26 15:24:55+00:00,AAL1347,30.42420959472656,-84.48179357192095,11277.6,146.90238596353583,234.58025900126972
2024-07-26 15:24:56+00:00,AAL1347,30.42279052734375,-84.48071648092832,11269.98,146.90238596353583,234.58025900126972
2024-07-26 15:24:57+00:00,AAL1347,30.421887413930083,-84.48008422851564,11277.6,146.90238596353583,234.58025900126972
2024-07-26 15:24:58+00:00,AAL1347,30.418716430664062,-84.47770062614893,11269.98,146.90238596353583,234.58025900126972
2024-07-26 15:24:59+00:00,AAL1347,30.416766667770126,-84.47618408203124,11269.98,146.90238596353583,234.58025900126972
2024-07-26 15:25:00+00:00,AAL1347,30.41606838420286,-84.47568969726564,11269.98,146.90238596353583,234.58025900126972
2024-07-26 15:25:01+00:00,AAL1347,30.413414906647244,-84.47365722656247,11269.98,146.90238596353583,234.58025900126972
2024-07-26 15:25:02+00:00,AAL1347,30.41164592161017,-84.47233886718749,11277.6,146.90238596353583,234.58025900126972
2024-07-26 15:25:03+00:00,AAL1347,30.41075134277344,-84.47166891659009,11277.6,146.90238596353583,234.58025900126972
2024-07-26 15:25:04+00:00,AAL1347,30.408107951536017,-84.46970214843748,11277.6,146.90238596353583,234.58025900126972
2024-07-26 15:25:05+00:00,AAL1347,30.40615275754767,-84.46821899414061,11277.6,146.90238596353583,234.58025900126972
2024-07-26 15:25:07+00:00,AAL1347,30.40283203125,-84.46569106158091,11277.6,146.90238596353583,234.58025900126972
2024-07-26 15:25:08+00:00,AAL1347,30.40103201138771,-84.46437377929686,11277.6,146.8336453061607,234.1494564526513
2024-07-26 15:25:09+00:00,AAL1347,30.400177001953125,-84.46369844324448,11277.6,146.8336453061607,234.1494564526513
2024-07-26 15:25:10+00:00,AAL1347,30.39749404131356,-84.46173706054685,11277.6,146.8336453061607,234.1494564526513
2024-07-26 15:25:11+00:00,AAL1347,30.3957716085143,-84.46041870117188,11277.6,146.8336453061607,234.1494564526513
2024-07-26 15:25:12+00:00,AAL1347,30.39381641452595,-84.45893554687501,11277.6,146.8336453061607,234.1494564526513
2024-07-26 15:25:13+00:00,AAL1347,30.393118130958687,-84.45838623046876,11277.6,146.8336453061607,234.1494564526513
2024-07-26 15:25:14+00:00,AAL1347,30.390106201171875,-84.45615880629595,11277.6,146.8336453061607,234.1494564526513
2024-07-26 15:25:15+00:00,AAL1347,30.38902153403072,-84.45536499023439,11277.6,146.8336453061607,234.1494564526513
2024-07-26 15:25:16+00:00,AAL1347,30.38729910123146,-84.45404663085935,11277.6,146.8336453061607,234.1494564526513
2024-07-26 15:25:17+00:00,AAL1347,30.385530116194385,-84.45272827148438,11277.6,146.8336453061607,234.1494564526513
2024-07-26 15:25:19+00:00,AAL1347,30.381637573242188,-84.44980396943936,11277.6,146.93914697750438,233.86841514063292
2024-07-26 15:25:20+00:00,AAL1347,30.37971108646716,-84.44833374023438,11277.6,146.93914697750438,233.86841514063292
2024-07-26 15:25:21+00:00,AAL1347,30.379012802899894,-84.44778442382812,11277.6,146.93914697750438,233.86841514063292
2024-07-26 15:25:22+00:00,AAL1347,30.37635932534428,-84.4458068847656,11277.6,146.93914697750438,233.86841514063292
2024-07-26 15:25:23+00:00,AAL1347,30.375457763671875,-84.44511862362134,11277.6,146.93914697750438,233.86841514063292
2024-07-26 15:25:24+00:00,AAL1347,30.372821355270126,-84.44317016601559,11277.6,146.93914697750438,233.86841514063292
2024-07-26 15:25:25+00:00,AAL1347,30.371063232421875,-84.44183349609375,11277.6,146.93914697750438,233.86841514063292
2024-07-26 15:25:26+00:00,AAL1347,30.37016787771451,-84.44113769531248,11277.6,146.93914697750438,233.86841514063292
2024-07-26 15:25:27+00:00,AAL1347,30.36753845214844,-84.43919462316177,11277.6,146.93914697750438,233.86841514063292
2024-07-26 15:25:28+00:00,AAL1347,30.365605758408368,-84.43773193359374,11277.6,146.93914697750438,233.86841514063292
2024-07-26 15:25:29+00:00,AAL1347,30.36365056442002,-84.43624877929688,11277.6,146.93914697750438,233.86841514063292
2024-07-26 15:25:30+00:00,AAL1347,30.362952280852756,-84.43575439453122,11277.6,146.93914697750438,233.86841514063292
2024-07-26 15:25:31+00:00,AAL1347,30.36118329581568,-84.43438110351559,11277.6,146.93914697750438,233.86841514063292
2024-07-26 15:25:32+00:00,AAL1347,30.358529818260063,-84.43240356445312,11277.6,146.93914697750438,233.86841514063292
2024-07-26 15:25:33+00:00,AAL1347,30.357650756835938,-84.4317626953125,11277.6,146.93914697750438,233.86841514063292
2024-07-26 15:25:34+00:00,AAL1347,30.355690131753175,-84.43031616210936,11277.6,146.93914697750438,233.86841514063292
2024-07-26 15:25:35+00:00,AAL1347,30.354293564618644,-84.42921752929686,11277.6,146.93914697750438,233.86841514063292
2024-07-26 15:25:36+00:00,AAL1347,30.351470947265625,-84.42713120404414,11277.6,146.93914697750438,233.86841514063292
2024-07-26 15:25:38+00:00,AAL1347,30.3486328125,-84.42503087660845,11277.6,146.93914697750438,233.86841514063292
2024-07-26 15:25:39+00:00,AAL1347,30.34689175880561,-84.42366943359372,11277.6,146.93914697750438,233.86841514063292
2024-07-26 15:25:40+00:00,AAL1347,30.34492492675781,-84.42223044002759,11277.6,146.93914697750438,233.86841514063292
2024-07-26 15:25:41+00:00,AAL1347,30.34298137082892,-84.42075805664064,11277.6,146.93914697750438,233.86841514063292
2024-07-26 15:25:42+00:00,AAL1347,30.34071350097656,-84.41905302159927,11277.6,146.93914697750438,233.86841514063292
2024-07-26 15:25:44+00:00,AAL1347,30.3387451171875,-84.41759894875918,11277.6,146.93914697750438,233.86841514063292
2024-07-26 15:25:45+00:00,AAL1347,30.33627319335937,-84.41576789407168,11277.6,146.93914697750438,233.86841514063292
2024-07-26 15:25:46+00:00,AAL1347,30.335393356064618,-84.41510009765625,11277.6,146.93914697750438,233.86841514063292
2024-07-26 15:25:47+00:00,AAL1347,30.33241401284428,-84.4128479003906,11277.6,146.93914697750438,233.86841514063292
2024-07-26 15:25:48+00:00,AAL1347,30.330825805664062,-84.41167494829966,11277.6,146.93914697750438,233.86841514063292
2024-07-26 15:25:49+00:00,AAL1347,30.328903198242188,-84.41022087545957,11277.6,146.93914697750438,233.86841514063292
2024-07-26 15:25:50+00:00,AAL1347,30.32799155025159,-84.4095520019531,11277.6,146.93914697750438,233.86841514063292
2024-07-26 15:25:52+00:00,AAL1347,30.323776245117188,-84.40634334788604,11277.6,146.93914697750438,233.86841514063292
2024-07-26 15:25:56+00:00,AAL1347,30.316909790039062,-84.40117331112134,11277.6,146.93914697750438,233.86841514063292
2024-07-26 15:25:58+00:00,AAL1347,30.313201904296875,-84.39842672909009,11277.6,146.93914697750438,233.86841514063292
2024-07-26 15:25:59+00:00,AAL1347,30.31230344610699,-84.39774169921873,11277.6,146.93914697750438,233.86841514063292
2024-07-26 15:26:00+00:00,AAL1347,30.309463759600103,-84.39565429687497,11277.6,146.93914697750438,233.86841514063292
2024-07-26 15:26:01+00:00,AAL1347,30.30755511784957,-84.3941711425781,11277.6,146.93914697750438,233.86841514063292
2024-07-26 15:26:02+00:00,AAL1347,30.306484416379767,-84.39340209960938,11277.6,146.93914697750438,233.86841514063292
2024-07-26 15:26:04+00:00,AAL1347,30.30244445800781,-84.39034854664521,11277.6,146.93914697750438,233.86841514063292
2024-07-26 15:26:05+00:00,AAL1347,30.30066538665254,-84.38900756835938,11277.6,146.93914697750438,233.86841514063292
2024-07-26 15:26:06+00:00,AAL1347,30.299102783203125,-84.3878173828125,11277.6,146.93914697750438,233.86841514063292
2024-07-26 15:26:08+00:00,AAL1347,30.29571533203125,-84.38534007352939,11277.6,146.93914697750438,233.86841514063292
2024-07-26 15:26:10+00:00,AAL1347,30.291867013704977,-84.38241577148438,11277.6,146.93914697750438,233.86841514063292
2024-07-26 15:26:11+00:00,AAL1347,30.290267944335938,-84.38119327320771,11277.6,146.93914697750438,233.86841514063292
2024-07-26 15:26:12+00:00,AAL1347,30.288329043630824,-84.37977905273436,11277.6,146.93914697750438,233.86841514063292
2024-07-26 15:26:13+00:00,AAL1347,30.28763076006356,-84.37922973632811,11277.6,146.93914697750438,233.86841514063292
2024-07-26 15:26:16+00:00,AAL1347,30.281113446769066,-84.37434082031251,11277.6,146.93914697750438,233.86841514063292
2024-07-26 15:26:17+00:00,AAL1347,30.27915825278072,-84.37285766601559,11277.6,146.93914697750438,233.86841514063292
2024-07-26 15:26:18+00:00,AAL1347,30.27827453613281,-84.37219956341914,11269.98,146.93914697750438,233.86841514063292
2024-07-26 15:26:21+00:00,AAL1347,30.272640939486227,-84.36796874999999,11269.98,146.93914697750438,233.86841514063292
2024-07-26 15:26:22+00:00,AAL1347,30.270871954449152,-84.36665039062501,11269.98,146.93914697750438,233.86841514063292
2024-07-26 15:26:24+00:00,AAL1347,30.266821909759003,-84.36362915039064,11269.98,146.8702645315879,233.4374326230028
2024-07-26 15:26:25+00:00,AAL1347,30.26596069335937,-84.36299043543198,11269.98,146.8702645315879,233.4374326230028
2024-07-26 15:26:27+00:00,AAL1347,30.262585656117583,-84.36044311523438,11269.98,146.8702645315879,233.4374326230028
2024-07-26 15:26:28+00:00,AAL1347,30.259780883789062,-84.35835894416363,11277.6,146.8702645315879,233.4374326230028
2024-07-26 15:26:29+00:00,AAL1347,30.25872802734375,-84.35755112591914,11277.6,146.97613244420336,233.1566681401084
2024-07-26 15:26:31+00:00,AAL1347,30.254653930664062,-84.3545352711397,11277.6,146.97613244420336,233.1566681401084
2024-07-26 15:26:32+00:00,AAL1347,30.252914428710938,-84.35318890739893,11277.6,146.97613244420336,233.1566681401084
2024-07-26 15:26:33+00:00,AAL1347,30.25132001456568,-84.35203857421874,11277.6,146.97613244420336,233.1566681401084
2024-07-26 15:26:35+00:00,AAL1347,30.247467041015625,-84.34909596162686,11277.6,146.97613244420336,233.1566681401084
2024-07-26 15:26:39+00:00,AAL1347,30.240234375,-84.34371050666363,11277.6,146.97613244420336,233.1566681401084
2024-07-26 15:26:40+00:00,AAL1347,30.239181518554688,-84.34290268841914,11277.6,146.97613244420336,233.1566681401084
2024-07-26 15:26:43+00:00,AAL1347,30.233367919921875,-84.33859432444854,11277.6,146.97613244420336,233.1566681401084
2024-07-26 15:26:45+00:00,AAL1347,30.230026245117188,-84.33606316061582,11277.6,146.97613244420336,233.1566681401084
2024-07-26 15:26:46+00:00,AAL1347,30.228973388671875,-84.33530919692095,11277.6,146.97613244420336,233.1566681401084
2024-07-26 15:26:49+00:00,AAL1347,30.22247314453125,-84.33040843290439,11277.6,146.97613244420336,233.1566681401084
2024-07-26 15:26:50+00:00,AAL1347,30.22194555250265,-84.33001098632809,11277.6,146.97613244420336,233.1566681401084
2024-07-26 15:26:54+00:00,AAL1347,30.215428239208155,-84.32517700195314,11277.6,146.97613244420336,233.1566681401084
2024-07-26 15:26:56+00:00,AAL1347,30.21067991095074,-84.32160644531251,11277.6,146.97613244420336,233.1566681401084
2024-07-26 15:26:57+00:00,AAL1347,30.209060668945312,-84.3203914866728,11277.6,146.97613244420336,233.1566681401084
2024-07-26 15:26:58+00:00,AAL1347,30.2082126423464,-84.31973876953123,11277.6,146.97613244420336,233.1566681401084
2024-07-26 15:26:59+00:00,AAL1347,30.20555916479078,-84.31776123046876,11277.6,146.97613244420336,233.1566681401084
2024-07-26 15:27:00+00:00,AAL1347,30.203790179753707,-84.31644287109373,11277.6,146.97613244420336,233.1566681401084
2024-07-26 15:27:02+00:00,AAL1347,30.200438418630824,-84.3139709472656,11277.6,146.97613244420336,233.1566681401084
2024-07-26 15:27:12+00:00,AAL1347,30.18232727050781,-84.30041144875918,11277.6,146.97613244420336,233.1566681401084
2024-07-26 15:27:14+00:00,AAL1347,30.17879162804555,-84.29776611328123,11277.6,146.97613244420336,233.1566681401084
2024-07-26 15:27:16+00:00,AAL1347,30.1754150390625,-84.29529526654414,11277.6,146.97613244420336,233.1566681401084
2024-07-26 15:27:19+00:00,AAL1347,30.17138671875,-84.2922794117647,11277.6,147.04490215854096,233.58816868362388
2024-07-26 15:27:20+00:00,AAL1347,30.168365478515625,-84.29001752068018,11277.6,147.04490215854096,233.58816868362388
2024-07-26 15:27:21+00:00,AAL1347,30.167525986493644,-84.28936157226559,11277.6,147.04490215854096,233.58816868362388
2024-07-26 15:27:23+00:00,AAL1347,30.164313882084212,-84.28699951171876,11277.6,146.97613244420336,233.1566681401084
2024-07-26 15:27:24+00:00,AAL1347,30.1614990234375,-84.28490133846509,11277.6,146.97613244420336,233.1566681401084
2024-07-26 15:27:25+00:00,AAL1347,30.16063625529661,-84.28425292968751,11277.6,147.04490215854096,233.58816868362388
2024-07-26 15:27:27+00:00,AAL1347,30.156051635742188,-84.28080839269302,11277.6,147.04490215854096,233.58816868362388
2024-07-26 15:27:28+00:00,AAL1347,30.15551550913665,-84.28040771484376,11277.6,147.04490215854096,233.58816868362388
2024-07-26 15:27:30+00:00,AAL1347,30.15109304654396,-84.27711181640626,11277.6,147.04490215854096,233.58816868362388
2024-07-26 15:27:31+00:00,AAL1347,30.150068897311968,-84.27634277343748,11277.6,147.04490215854096,233.58816868362388
2024-07-26 15:27:32+00:00,AAL1347,30.148452758789062,-84.27515366498164,11277.6,147.04490215854096,233.58816868362388
2024-07-26 15:27:34+00:00,AAL1347,30.144436076536017,-84.27211303710936,11277.6,147.04490215854096,233.58816868362388
2024-07-26 15:27:37+00:00,AAL1347,30.13894291247352,-84.26804809570314,11277.6,147.04490215854096,233.58816868362388
2024-07-26 15:27:40+00:00,AAL1347,30.133496300648837,-84.26392822265626,11277.6,147.04490215854096,233.58816868362388
2024-07-26 15:27:41+00:00,AAL1347,30.131541106660485,-84.26249999999999,11277.6,147.04490215854096,233.58816868362388
2024-07-26 15:27:43+00:00,AAL1347,30.127853393554688,-84.25975126378677,11277.6,147.04490215854096,233.58816868362388
2024-07-26 15:27:44+00:00,AAL1347,30.126251220703125,-84.25856646369488,11277.6,147.04490215854096,233.58816868362388
2024-07-26 15:27:45+00:00,AAL1347,30.12465137546345,-84.25733642578126,11277.6,147.04490215854096,233.58816868362388
2024-07-26 15:27:47+00:00,AAL1347,30.120973748675848,-84.25458984375001,11277.6,147.04490215854096,233.58816868362388
2024-07-26 15:27:48+00:00,AAL1347,30.119384765625,-84.25339642693018,11277.6,147.04490215854096,233.58816868362388
2024-07-26 15:27:49+00:00,AAL1347,30.117599487304688,-84.25210391773896,11277.6,147.04490215854096,233.58816868362388
2024-07-26 15:27:50+00:00,AAL1347,30.11585998535156,-84.25075755399814,11277.6,147.04490215854096,233.58816868362388
2024-07-26 15:27:51+00:00,AAL1347,30.1138916015625,-84.24930348115811,11277.6,147.04490215854096,233.58816868362388
2024-07-26 15:27:52+00:00,AAL1347,30.113204956054688,-84.24881879021143,11277.6,147.04490215854096,233.58816868362388
2024-07-26 15:27:56+00:00,AAL1347,30.105972290039062,-84.24337948069854,11277.6,147.04490215854096,233.58816868362388
2024-07-26 15:27:57+00:00,AAL1347,30.10313415527344,-84.2412791532629,11277.6,147.04490215854096,233.58816868362388
2024-07-26 15:28:01+00:00,AAL1347,30.09588209249205,-84.23591308593751,11277.6,147.04490215854096,233.58816868362388
2024-07-26 15:28:03+00:00,AAL1347,30.09361267089844,-84.23417035271143,11277.6,147.04490215854096,233.58816868362388
2024-07-26 15:28:05+00:00,AAL1347,30.08921813964844,-84.23088522518384,11277.6,147.04490215854096,233.58816868362388
2024-07-26 15:28:06+00:00,AAL1347,30.08834062996557,-84.23025512695312,11277.6,147.04490215854096,233.58816868362388
2024-07-26 15:28:08+00:00,AAL1347,30.085128525556144,-84.22783813476559,11277.6,147.04490215854096,233.58816868362388
2024-07-26 15:28:09+00:00,AAL1347,30.08321988380561,-84.22640991210938,11277.6,147.04490215854096,233.58816868362388
2024-07-26 15:28:13+00:00,AAL1347,30.075631869041317,-84.22075195312499,11269.98,147.04490215854096,233.58816868362388
2024-07-26 15:28:14+00:00,AAL1347,30.072978391485695,-84.21877441406247,11269.98,147.04490215854096,233.58816868362388
2024-07-26 15:28:15+00:00,AAL1347,30.071907690015887,-84.21800537109374,11269.98,147.04490215854096,233.58816868362388
2024-07-26 15:28:16+00:00,AAL1347,30.070138704978813,-84.21668701171876,11269.98,147.04490215854096,233.58816868362388
2024-07-26 15:28:18+00:00,AAL1347,30.0662841796875,-84.2138133329504,11269.98,147.04490215854096,233.58816868362388
2024-07-26 15:28:19+00:00,AAL1347,30.064498901367188,-84.21246696920957,11269.98,147.04490215854096,233.58816868362388
2024-07-26 15:28:20+00:00,AAL1347,30.06362139168432,-84.21185302734375,11269.98,147.04490215854096,233.58816868362388
2024-07-26 15:28:21+00:00,AAL1347,30.060967914128707,-84.20987548828123,11277.6,147.04490215854096,233.58816868362388
2024-07-26 15:28:22+00:00,AAL1347,30.059051513671875,-84.20842787798716,11277.6,147.04490215854096,233.58816868362388
2024-07-26 15:28:23+00:00,AAL1347,30.05747649629237,-84.20723876953122,11277.6,147.04490215854096,233.58816868362388
2024-07-26 15:28:24+00:00,AAL1347,30.055707511255296,-84.20592041015624,11277.6,147.04490215854096,233.58816868362388
2024-07-26 15:28:25+00:00,AAL1347,30.053938526218214,-84.20460205078126,11277.6,147.04490215854096,233.58816868362388
2024-07-26 15:28:26+00:00,AAL1347,30.053054809570312,-84.20395795036768,11277.6,146.97613244420336,233.1566681401084
2024-07-26 15:28:28+00:00,AAL1347,30.04951606362553,-84.20130615234376,11277.6,146.97613244420336,233.1566681401084
2024-07-26 15:28:34+00:00,AAL1347,30.03877258300781,-84.19329474954043,11277.6,146.97613244420336,233.1566681401084
2024-07-26 15:28:36+00:00,AAL1347,30.034011840820312,-84.1897403492647,11277.6,146.97613244420336,233.1566681401084
2024-07-26 15:28:38+00:00,AAL1347,30.032272338867188,-84.18844784007354,11277.6,146.97613244420336,233.1566681401084
2024-07-26 15:28:40+00:00,AAL1347,30.027511596679688,-84.1848934397978,11277.6,147.04490215854096,233.58816868362388
2024-07-26 15:28:42+00:00,AAL1347,30.024703720868644,-84.18279418945309,11277.6,147.04490215854096,233.58816868362388
2024-07-26 15:28:43+00:00,AAL1347,30.02206420898437,-84.1808543485754,11277.6,147.04490215854096,233.58816868362388
2024-07-26 15:28:44+00:00,AAL1347,30.02009504932468,-84.17938842773435,11277.6,147.04490215854096,233.58816868362388
2024-07-26 15:28:45+00:00,AAL1347,30.018326064287603,-84.17807006835938,11277.6,147.04490215854096,233.58816868362388
2024-07-26 15:28:46+00:00,AAL1347,30.016571044921875,-84.17676140280332,11277.6,147.04490215854096,233.58816868362388
2024-07-26 15:28:47+00:00,AAL1347,30.014974303164724,-84.1755432128906,11277.6,147.04490215854096,233.58816868362388
2024-07-26 15:28:49+00:00,AAL1347,30.01304626464844,-84.17412252987134,11277.6,147.04490215854096,233.58816868362388
2024-07-26 15:28:51+00:00,AAL1347,30.00865173339844,-84.17083740234375,11277.6,147.04490215854096,233.58816868362388
2024-07-26 15:28:52+00:00,AAL1347,30.00636213916843,-84.16911621093749,11277.6,147.04490215854096,233.58816868362388
2024-07-26 15:28:53+00:00,AAL1347,30.004406945180083,-84.16768798828122,11277.6,147.04490215854096,233.58816868362388
2024-07-26 15:28:54+00:00,AAL1347,30.00263796014301,-84.16636962890624,11277.6,147.04490215854096,233.58816868362388
2024-07-26 15:28:56+00:00,AAL1347,30.0,-84.1643748563879,11277.6,147.04490215854096,233.58816868362388
2024-07-26 15:28:57+00:00,AAL1347,29.997711181640625,-84.16265151079966,11269.98,147.04490215854096,233.58816868362388
2024-07-26 15:28:58+00:00,AAL1347,29.99612064684852,-84.16148071289064,11269.98,147.04490215854096,233.58816868362388
2024-07-26 15:28:59+00:00,AAL1347,29.994369506835938,-84.16017420151655,11269.98,147.04490215854096,233.58816868362388
2024-07-26 15:29:00+00:00,AAL1347,29.99244302006091,-84.15873413085939,11269.98,147.04490215854096,233.58816868362388
2024-07-26 15:29:01+00:00,AAL1347,29.9908447265625,-84.15753532858457,11269.98,147.04490215854096,233.58816868362388
2024-07-26 15:29:02+00:00,AAL1347,29.98997575145657,-84.1568664550781,11269.98,147.04490215854096,233.58816868362388
2024-07-26 15:29:03+00:00,AAL1347,29.988006591796875,-84.15543500114893,11277.6,147.04490215854096,233.58816868362388
2024-07-26 15:29:04+00:00,AAL1347,29.986083984375,-84.15398092830884,11269.98,147.04490215854096,233.58816868362388
2024-07-26 15:29:05+00:00,AAL1347,29.984344482421875,-84.15268841911768,11277.6,147.04490215854096,233.58816868362388
2024-07-26 15:29:06+00:00,AAL1347,29.98150634765625,-84.15058809168198,11277.6,147.04490215854096,233.58816868362388
2024-07-26 15:29:07+00:00,AAL1347,29.98081970214844,-84.15004954618564,11277.6,147.04490215854096,233.58816868362388
2024-07-26 15:29:08+00:00,AAL1347,29.979035975569385,-84.14873657226559,11277.6,147.04490215854096,233.58816868362388
2024-07-26 15:29:10+00:00,AAL1347,29.97445678710937,-84.14531034581802,11277.6,147.04490215854096,233.58816868362388
2024-07-26 15:29:11+00:00,AAL1347,29.972671508789062,-84.1439639820772,11277.6,147.04490215854096,233.58816868362388
2024-07-26 15:29:12+00:00,AAL1347,29.971820378707623,-84.14335327148439,11277.6,147.04490215854096,233.58816868362388
2024-07-26 15:29:14+00:00,AAL1347,29.96791076660156,-84.14046343635113,11277.6,147.04490215854096,233.58816868362388
2024-07-26 15:29:16+00:00,AAL1347,29.96530306541313,-84.13846435546873,11277.6,147.04490215854096,233.58816868362388
2024-07-26 15:29:17+00:00,AAL1347,29.962277169954977,-84.13621215820314,11277.6,147.04490215854096,233.58816868362388
2024-07-26 15:29:18+00:00,AAL1347,29.96157888638771,-84.13571777343748,11277.6,147.04490215854096,233.58816868362388
2024-07-26 15:29:19+00:00,AAL1347,29.958785752118644,-84.13363037109372,11277.6,147.04490215854096,233.58816868362388
2024-07-26 15:29:20+00:00,AAL1347,29.957199096679688,-84.13243910845591,11277.6,147.04490215854096,233.58816868362388
2024-07-26 15:29:21+00:00,AAL1347,29.95614624023437,-84.13163129021143,11277.6,147.04490215854096,233.58816868362388
2024-07-26 15:29:22+00:00,AAL1347,29.9534912109375,-84.129638671875,11277.6,147.04490215854096,233.58816868362388
2024-07-26 15:29:23+00:00,AAL1347,29.952072143554688,-84.12861543543198,11277.6,147.04490215854096,233.58816868362388
2024-07-26 15:29:26+00:00,AAL1347,29.94677527476165,-84.12467651367189,11277.6,147.04490215854096,233.58816868362388
2024-07-26 15:29:27+00:00,AAL1347,29.94500628972457,-84.12335815429685,11277.6,147.04490215854096,233.58816868362388
2024-07-26 15:29:28+00:00,AAL1347,29.94342041015625,-84.12215288947613,11277.6,147.04490215854096,233.58816868362388
2024-07-26 15:29:29+00:00,AAL1347,29.942539021120236,-84.12154541015622,11277.6,147.04490215854096,233.58816868362388
2024-07-26 15:29:30+00:00,AAL1347,29.939885543564618,-84.11956787109375,11277.6,147.04490215854096,233.58816868362388
2024-07-26 15:29:31+00:00,AAL1347,29.93811655852754,-84.11824951171872,11277.6,147.04490215854096,233.58816868362388
2024-07-26 15:29:32+00:00,AAL1347,29.936553955078125,-84.11703670726104,11277.6,147.04490215854096,233.58816868362388
2024-07-26 15:29:33+00:00,AAL1347,29.93476867675781,-84.11574419806988,11277.6,147.04490215854096,233.58816868362388
2024-07-26 15:29:34+00:00,AAL1347,29.932846069335938,-84.11429012522979,11277.6,147.04490215854096,233.58816868362388
2024-07-26 15:29:38+00:00,AAL1347,29.924880981445312,-84.10841997931988,11277.6,147.04490215854096,233.58816868362388
2024-07-26 15:29:42+00:00,AAL1347,29.91796875,-84.10324994255518,11277.6,147.04490215854096,233.58816868362388
2024-07-26 15:29:45+00:00,AAL1347,29.91302490234375,-84.09957275390622,11277.6,147.1134181705374,234.02000449747857
2024-07-26 15:29:46+00:00,AAL1347,29.91200075311176,-84.09880371093749,11277.6,147.1134181705374,234.02000449747857
2024-07-26 15:29:49+00:00,AAL1347,29.90650758904926,-84.09474092371323,11277.6,147.1134181705374,234.02000449747857
2024-07-26 15:29:50+00:00,AAL1347,29.90580930548199,-84.09420237821689,11277.6,147.1134181705374,234.02000449747857
2024-07-26 15:29:52+00:00,AAL1347,29.901712708554022,-84.0911865234375,11277.6,147.1134181705374,234.02000449747857
2024-07-26 15:29:54+00:00,AAL1347,29.897290245961333,-84.08790139590991,11277.6,147.1134181705374,234.02000449747857
2024-07-26 15:29:57+00:00,AAL1347,29.891797081898837,-84.0838084501379,11277.6,147.1134181705374,234.02000449747857
2024-07-26 15:29:58+00:00,AAL1347,29.889862060546875,-84.08238337590143,11277.6,147.1134181705374,234.02000449747857
2024-07-26 15:29:59+00:00,AAL1347,29.889003947629767,-84.0817081227022,11277.6,147.1134181705374,234.02000449747857
2024-07-26 15:30:04+00:00,AAL1347,29.87924194335937,-84.07451336200421,11277.6,147.1134181705374,234.02000449747857
2024-07-26 15:30:05+00:00,AAL1347,29.878189086914062,-84.07372107872595,11277.6,147.1134181705374,234.02000449747857
2024-07-26 15:30:06+00:00,AAL1347,29.87606242551642,-84.07212201286768,11277.6,147.1134181705374,234.02000449747857
2024-07-26 15:30:08+00:00,AAL1347,29.873748779296875,-84.07044630784253,11277.6,147.18168168665295,234.45217372907615
2024-07-26 15:30:09+00:00,AAL1347,29.870040893554688,-84.06769972581128,11277.6,147.18168168665295,234.45217372907615
2024-07-26 15:30:10+00:00,AAL1347,29.869172694319385,-84.06700583065259,11277.6,147.18168168665295,234.45217372907615
2024-07-26 15:30:12+00:00,AAL1347,29.865401963056144,-84.06425924862134,11277.6,147.18168168665295,234.45217372907615
2024-07-26 15:30:14+00:00,AAL1347,29.862075805664062,-84.06178401066705,11277.6,147.18168168665295,234.45217372907615
2024-07-26 15:30:20+00:00,AAL1347,29.85072326660156,-84.05338580791766,11277.6,147.18168168665295,234.45217372907615
2024-07-26 15:30:23+00:00,AAL1347,29.845230102539062,-84.04926593487079,11277.6,147.18168168665295,234.45217372907615
2024-07-26 15:30:24+00:00,AAL1347,29.84344482421875,-84.04799828162561,11277.6,147.18168168665295,234.45217372907615
2024-07-26 15:30:25+00:00,AAL1347,29.84271240234375,-84.04747009277344,11277.6,147.18168168665295,234.45217372907615
2024-07-26 15:30:26+00:00,AAL1347,29.84026375463453,-84.04562557444854,11277.6,147.18168168665295,234.45217372907615
2024-07-26 15:30:28+00:00,AAL1347,29.83685302734375,-84.04313894418567,11277.6,147.18168168665295,234.45217372907615
2024-07-26 15:30:31+00:00,AAL1347,29.83241271972656,-84.03981135441705,11277.6,147.18168168665295,234.45217372907615
2024-07-26 15:30:34+00:00,AAL1347,29.82623291015625,-84.03521611140326,11277.6,147.07615253837176,234.73138865032783
2024-07-26 15:30:35+00:00,AAL1347,29.82532048629502,-84.03458539177393,11277.6,147.07615253837176,234.73138865032783
2024-07-26 15:30:37+00:00,AAL1347,29.82069396972656,-84.03114905724158,11277.6,147.07615253837176,234.73138865032783
2024-07-26 15:30:39+00:00,AAL1347,29.81698608398437,-84.02840247521033,11277.6,147.07615253837176,234.73138865032783
2024-07-26 15:30:43+00:00,AAL1347,29.81039428710937,-84.0234903188852,11277.6,147.14427804956702,235.1633759416176
2024-07-26 15:30:46+00:00,AAL1347,29.805768546411542,-84.0200985179228,11277.6,147.14427804956702,235.1633759416176
2024-07-26 15:30:47+00:00,AAL1347,29.8033012778072,-84.01821360868564,11277.6,147.14427804956702,235.1633759416176
2024-07-26 15:30:48+00:00,AAL1347,29.802602994239937,-84.01772891773896,11277.6,147.14427804956702,235.1633759416176
2024-07-26 15:30:50+00:00,AAL1347,29.799728393554688,-84.01562030498798,11277.6,147.14427804956702,235.1633759416176
2024-07-26 15:30:52+00:00,AAL1347,29.794409800384003,-84.01164335363052,11277.6,147.14427804956702,235.1633759416176
2024-07-26 15:30:55+00:00,AAL1347,29.78997802734375,-84.00838411771332,11277.6,147.14427804956702,235.1633759416176
2024-07-26 15:30:57+00:00,AAL1347,29.786076949814618,-84.0054500804228,11277.6,147.14427804956702,235.1633759416176
2024-07-26 15:30:58+00:00,AAL1347,29.78411865234375,-84.00400015024036,11277.6,147.14427804956702,235.1633759416176
2024-07-26 15:31:01+00:00,AAL1347,29.778579711914062,-83.99993309607873,11277.6,147.14427804956702,235.1633759416176
2024-07-26 15:31:02+00:00,AAL1347,29.775742353019066,-83.997802734375,11277.6,147.14427804956702,235.1633759416176
2024-07-26 15:31:03+00:00,AAL1347,29.7750440694518,-83.99731804342832,11277.6,147.14427804956702,235.1633759416176
2024-07-26 15:31:04+00:00,AAL1347,29.77308654785156,-83.99586604191705,11277.6,147.14427804956702,235.1633759416176
2024-07-26 15:31:06+00:00,AAL1347,29.770065307617188,-83.99359482985278,11277.6,147.14427804956702,235.1633759416176
2024-07-26 15:31:12+00:00,AAL1347,29.75830078125,-83.98487971379205,11277.6,147.14427804956702,235.1633759416176
2024-07-26 15:31:13+00:00,AAL1347,29.75670248775159,-83.98369284237134,11277.6,147.0391121160223,235.4428715016429
2024-07-26 15:31:14+00:00,AAL1347,29.75473022460937,-83.98229158841644,11277.6,147.0391121160223,235.4428715016429
2024-07-26 15:31:15+00:00,AAL1347,29.75316451767744,-83.98105396943936,11277.6,147.0391121160223,235.4428715016429
2024-07-26 15:31:16+00:00,AAL1347,29.751388549804688,-83.97975628192609,11277.6,147.0391121160223,235.4428715016429
2024-07-26 15:31:17+00:00,AAL1347,29.749923706054688,-83.97869990422174,11277.6,147.0391121160223,235.4428715016429
2024-07-26 15:31:19+00:00,AAL1347,29.74725238347457,-83.97674560546875,11277.6,147.0391121160223,235.4428715016429
2024-07-26 15:31:20+00:00,AAL1347,29.743698120117188,-83.97410466120795,11277.6,147.10709998494548,235.8746777692441
2024-07-26 15:31:21+00:00,AAL1347,29.742829920881885,-83.97340662339155,11277.6,147.10709998494548,235.8746777692441
2024-07-26 15:31:22+00:00,AAL1347,29.74012989108845,-83.97141400505518,11277.6,147.10709998494548,235.8746777692441
2024-07-26 15:31:23+00:00,AAL1347,29.7392578125,-83.97077707143927,11277.6,147.10709998494548,235.8746777692441
2024-07-26 15:31:24+00:00,AAL1347,29.738360906051376,-83.97012149586396,11277.6,147.10709998494548,235.8746777692441
2024-07-26 15:31:26+00:00,AAL1347,29.7331936076536,-83.96629782284009,11277.6,147.10709998494548,235.8746777692441
2024-07-26 15:31:27+00:00,AAL1347,29.731613159179688,-83.96512545072113,11277.6,147.10709998494548,235.8746777692441
2024-07-26 15:31:28+00:00,AAL1347,29.730880737304688,-83.96459726186896,11277.6,147.10709998494548,235.8746777692441
2024-07-26 15:31:29+00:00,AAL1347,29.729795294292902,-83.96376665900738,11277.6,147.10709998494548,235.8746777692441
2024-07-26 15:31:30+00:00,AAL1347,29.72607421875,-83.96100557767426,11277.6,147.10709998494548,235.8746777692441
2024-07-26 15:31:32+00:00,AAL1347,29.722686767578125,-83.9585230900691,11277.6,147.10709998494548,235.8746777692441
2024-07-26 15:31:33+00:00,AAL1347,29.721267700195312,-83.95746671236475,11277.6,147.10709998494548,235.8746777692441
2024-07-26 15:31:34+00:00,AAL1347,29.72016906738281,-83.95667442908655,11277.6,147.10709998494548,235.8746777692441
2024-07-26 15:31:35+00:00,AAL1347,29.717514038085938,-83.9546673114483,11277.6,147.10709998494548,235.8746777692441
2024-07-26 15:31:36+00:00,AAL1347,29.71699342889301,-83.95428825827207,11277.6,147.10709998494548,235.8746777692441
2024-07-26 15:31:37+00:00,AAL1347,29.714107190148304,-83.95218793083643,11277.6,147.10709998494548,235.8746777692441
2024-07-26 15:31:38+00:00,AAL1347,29.7117919921875,-83.95044180063098,11277.6,147.10709998494548,235.8746777692441
2024-07-26 15:31:39+00:00,AAL1347,29.70982360839844,-83.94901569073016,11277.6,147.10709998494548,235.8746777692441
2024-07-26 15:31:40+00:00,AAL1347,29.70893989175053,-83.9483642578125,11277.6,147.10709998494548,235.8746777692441
2024-07-26 15:31:41+00:00,AAL1347,29.707351684570312,-83.94716702974756,11277.6,147.10709998494548,235.8746777692441
2024-07-26 15:31:42+00:00,AAL1347,29.70538330078125,-83.94568810096155,11277.6,147.10709998494548,235.8746777692441
2024-07-26 15:31:45+00:00,AAL1347,29.701080322265625,-83.94251896784857,11277.6,147.10709998494548,235.8746777692441
2024-07-26 15:31:46+00:00,AAL1347,29.69805908203125,-83.94030057466944,11277.6,147.10709998494548,235.8746777692441
2024-07-26 15:31:47+00:00,AAL1347,29.696273803710938,-83.93898010253906,11277.6,147.10709998494548,235.8746777692441
2024-07-26 15:31:48+00:00,AAL1347,29.694488525390625,-83.93765963040863,11277.6,147.17483928845567,236.3068149457577
2024-07-26 15:31:49+00:00,AAL1347,29.69269316075212,-83.93635469324448,11277.6,147.17483928845567,236.3068149457577
2024-07-26 15:31:51+00:00,AAL1347,29.689108638440143,-83.9337158203125,11277.6,147.17483928845567,236.3068149457577
2024-07-26 15:31:52+00:00,AAL1347,29.687339653403072,-83.93236945657168,11277.6,147.17483928845567,236.3068149457577
2024-07-26 15:31:53+00:00,AAL1347,29.685384459414724,-83.93091538373164,11277.6,147.17483928845567,236.3068149457577
2024-07-26 15:31:54+00:00,AAL1347,29.68341064453125,-83.92947270320013,11277.6,147.17483928845567,236.3068149457577
2024-07-26 15:31:56+00:00,AAL1347,29.679656982421875,-83.92672612116888,11277.6,147.17483928845567,236.3068149457577
2024-07-26 15:31:57+00:00,AAL1347,29.67802920583951,-83.92552992876841,11277.6,147.17483928845567,236.3068149457577
2024-07-26 15:32:03+00:00,AAL1347,29.66732219114142,-83.91761330997241,11277.6,147.17483928845567,236.3068149457577
2024-07-26 15:32:04+00:00,AAL1347,29.66550665386652,-83.91626694623164,11277.6,147.17483928845567,236.3068149457577
2024-07-26 15:32:05+00:00,AAL1347,29.66390991210937,-83.91510596642127,11277.6,147.17483928845567,236.3068149457577
2024-07-26 15:32:06+00:00,AAL1347,29.662857055664062,-83.914313683143,11277.6,147.17483928845567,236.3068149457577
2024-07-26 15:32:07+00:00,AAL1347,29.659966937566207,-83.91217400045957,11277.6,147.17483928845567,236.3068149457577
2024-07-26 15:32:09+00:00,AAL1347,29.65658569335937,-83.90966562124396,11277.6,147.17483928845567,236.3068149457577
2024-07-26 15:32:10+00:00,AAL1347,29.654617309570312,-83.90823951134314,11277.6,147.17483928845567,236.3068149457577
2024-07-26 15:32:13+00:00,AAL1347,29.649398803710938,-83.90438373272235,11277.6,147.17483928845567,236.3068149457577
2024-07-26 15:32:18+00:00,AAL1347,29.641904669292902,-83.8988719267004,11277.6,147.17483928845567,236.3068149457577
2024-07-26 15:32:20+00:00,AAL1347,29.63832014698093,-83.89623305376841,11277.6,147.17483928845567,236.3068149457577
2024-07-26 15:32:21+00:00,AAL1347,29.63543701171875,-83.89408405010516,11277.6,147.17483928845567,236.3068149457577
2024-07-26 15:32:22+00:00,AAL1347,29.63454941571769,-83.8934326171875,11277.6,147.17483928845567,236.3068149457577
2024-07-26 15:32:24+00:00,AAL1347,29.62953186035156,-83.8897529015174,11277.6,147.17483928845567,236.3068149457577
2024-07-26 15:32:25+00:00,AAL1347,29.62774658203125,-83.88843242938702,11277.6,147.17483928845567,236.3068149457577
2024-07-26 15:32:26+00:00,AAL1347,29.62612346067267,-83.88723934397979,11277.6,147.17483928845567,236.3068149457577
2024-07-26 15:32:28+00:00,AAL1347,29.622399281647244,-83.88449276194854,11277.6,147.17483928845567,236.3068149457577
2024-07-26 15:32:29+00:00,AAL1347,29.62078857421875,-83.883308997521,11277.6,147.17483928845567,236.3068149457577
2024-07-26 15:32:32+00:00,AAL1347,29.61541644597457,-83.87932272518384,11277.6,147.24233119887444,236.7392812190886
2024-07-26 15:32:33+00:00,AAL1347,29.61360090869968,-83.87803021599268,11277.6,147.24233119887444,236.7392812190886
2024-07-26 15:32:34+00:00,AAL1347,29.61181640625,-83.87670663686896,11277.6,147.24233119887444,236.7392812190886
2024-07-26 15:32:35+00:00,AAL1347,29.610031127929688,-83.87538616473859,11277.6,147.24233119887444,236.7392812190886
2024-07-26 15:32:36+00:00,AAL1347,29.608433610301905,-83.87420654296875,11277.6,147.24233119887444,236.7392812190886
2024-07-26 15:32:37+00:00,AAL1347,29.60751342773437,-83.87353750375598,11277.6,147.24233119887444,236.7392812190886
2024-07-26 15:32:39+00:00,AAL1347,29.60302734375,-83.87020991398737,11277.6,147.24233119887444,236.7392812190886
2024-07-26 15:32:40+00:00,AAL1347,29.602149058196503,-83.8695750517004,11277.6,147.24233119887444,236.7392812190886
2024-07-26 15:32:42+00:00,AAL1347,29.597680043365997,-83.8662899241728,11277.6,147.24233119887444,236.7392812190886
2024-07-26 15:32:43+00:00,AAL1347,29.5960693359375,-83.8650864821214,11277.6,147.24233119887444,236.7392812190886
2024-07-26 15:32:46+00:00,AAL1347,29.591069625595868,-83.86138916015625,11277.6,147.24233119887444,236.7392812190886
2024-07-26 15:32:48+00:00,AAL1347,29.58655405852754,-83.85810403262866,11277.6,147.24233119887444,236.7392812190886
2024-07-26 15:32:49+00:00,AAL1347,29.585678100585938,-83.85742774376502,11277.6,147.24233119887444,236.7392812190886
2024-07-26 15:32:50+00:00,AAL1347,29.584945678710938,-83.85689955491284,11277.6,147.24233119887444,236.7392812190886
2024-07-26 15:32:51+00:00,AAL1347,29.581014342227224,-83.85401108685664,11277.6,147.24233119887444,236.7392812190886
2024-07-26 15:32:52+00:00,AAL1347,29.57957122285487,-83.85293399586396,11277.6,147.24233119887444,236.7392812190886
2024-07-26 15:32:55+00:00,AAL1347,29.574031506554554,-83.84884105009189,11277.6,147.24233119887444,236.7392812190886
2024-07-26 15:32:56+00:00,AAL1347,29.573333222987287,-83.84830250459561,11277.6,147.24233119887444,236.7392812190886
2024-07-26 15:32:57+00:00,AAL1347,29.571890103614937,-83.84727926815259,11277.6,147.24233119887444,236.7392812190886
2024-07-26 15:32:58+00:00,AAL1347,29.569015502929688,-83.84517376239484,11277.6,147.24233119887444,236.7392812190886
2024-07-26 15:32:59+00:00,AAL1347,29.56667625297934,-83.84345559512866,11277.6,147.24233119887444,236.7392812190886
2024-07-26 15:33:01+00:00,AAL1347,29.56329345703125,-83.84094825157752,11277.6,147.24233119887444,236.7392812190886
2024-07-26 15:33:02+00:00,AAL1347,29.56256103515625,-83.84042006272534,11277.6,147.24233119887444,236.7392812190886
2024-07-26 15:33:04+00:00,AAL1347,29.558995133739405,-83.83780086741729,11277.6,147.24233119887444,236.7392812190886
2024-07-26 15:33:06+00:00,AAL1347,29.555224402476163,-83.83500043083643,11277.6,147.24233119887444,236.7392812190886
2024-07-26 15:33:07+00:00,AAL1347,29.55345541743909,-83.83370792164521,11277.6,147.24233119887444,236.7392812190886
2024-07-26 15:33:08+00:00,AAL1347,29.55075538764565,-83.83171530330884,11277.6,147.24233119887444,236.7392812190886
2024-07-26 15:33:10+00:00,AAL1347,29.547543283236227,-83.829345703125,11277.6,147.24233119887444,236.7392812190886
2024-07-26 15:33:11+00:00,AAL1347,29.546630859375,-83.82869427020734,11277.6,147.24233119887444,236.7392812190886
2024-07-26 15:33:12+00:00,AAL1347,29.543772551972985,-83.82654526654414,11277.6,147.24233119887444,236.7392812190886
2024-07-26 15:33:13+00:00,AAL1347,29.542144775390625,-83.82536668043872,11277.6,147.24233119887444,236.7392812190886
2024-07-26 15:33:14+00:00,AAL1347,29.541258731130824,-83.82471421185664,11277.6,147.24233119887444,236.7392812190886
2024-07-26 15:33:15+00:00,AAL1347,29.538558701337397,-83.82272159352021,11277.6,147.24233119887444,236.7392812190886
2024-07-26 15:33:17+00:00,AAL1347,29.535186767578125,-83.8202432485727,11277.6,147.24233119887444,236.7392812190886
2024-07-26 15:33:18+00:00,AAL1347,29.534275895458155,-83.81959802964155,11277.6,147.24233119887444,236.7392812190886
2024-07-26 15:33:19+00:00,AAL1347,29.53125,-83.81733613855698,11277.6,147.24233119887444,236.7392812190886
2024-07-26 15:33:20+00:00,AAL1347,29.53017929853019,-83.8165283203125,11277.6,147.24233119887444,236.7392812190886
2024-07-26 15:33:21+00:00,AAL1347,29.528549194335938,-83.81538391113281,11277.6,147.24233119887444,236.7392812190886
2024-07-26 15:33:22+00:00,AAL1347,29.52566373146186,-83.81324319278491,11277.6,147.24233119887444,236.7392812190886
2024-07-26 15:33:23+00:00,AAL1347,29.523894746424787,-83.81195068359375,11277.6,147.24233119887444,236.7392812190886
2024-07-26 15:33:25+00:00,AAL1347,29.520675659179688,-83.80957383375903,11277.6,147.24233119887444,236.7392812190886
2024-07-26 15:33:26+00:00,AAL1347,29.519751597259003,-83.8088809742647,11277.6,147.24233119887444,236.7392812190886
2024-07-26 15:33:27+00:00,AAL1347,29.518680895789192,-83.80812701056988,11277.6,147.24233119887444,236.7392812190886
2024-07-26 15:33:28+00:00,AAL1347,29.514724731445312,-83.80518986628607,11277.6,147.24233119887444,236.7392812190886
2024-07-26 15:33:29+00:00,AAL1347,29.51314117948888,-83.8040340647978,11277.6,147.24233119887444,236.7392812190886
2024-07-26 15:33:30+00:00,AAL1347,29.51244289592161,-83.80349551930146,11277.6,147.24233119887444,236.7392812190886
2024-07-26 15:33:31+00:00,AAL1347,29.510787963867188,-83.80228482759912,11277.6,147.24233119887444,236.7392812190886
2024-07-26 15:33:32+00:00,AAL1347,29.50792732885328,-83.80021039177393,11277.6,147.24233119887444,236.7392812190886
2024-07-26 15:33:35+00:00,AAL1347,29.503463745117188,-83.79689730130707,11277.6,147.24233119887444,236.7392812190886
2024-07-26 15:33:36+00:00,AAL1347,29.50164277674788,-83.79557890050552,11277.6,147.24233119887444,236.7392812190886
2024-07-26 15:33:37+00:00,AAL1347,29.49897766113281,-83.79356971153845,11277.6,147.24233119887444,236.7392812190886
2024-07-26 15:33:38+00:00,AAL1347,29.49824523925781,-83.79304152268628,11277.6,147.24233119887444,236.7392812190886
2024-07-26 15:33:40+00:00,AAL1347,29.49449157714844,-83.79029494065503,11277.6,147.24233119887444,236.7392812190886
2024-07-26 15:33:41+00:00,AAL1347,29.493392944335938,-83.78950265737677,11277.6,147.24233119887444,236.7392812190886
2024-07-26 15:33:43+00:00,AAL1347,29.48822021484375,-83.78569969764123,11277.6,147.24233119887444,236.7392812190886
2024-07-26 15:33:44+00:00,AAL1347,29.48643493652344,-83.7843792255108,11277.6,147.24233119887444,236.7392812190886
2024-07-26 15:33:45+00:00,AAL1347,29.484420776367188,-83.78290029672473,11277.6,147.24233119887444,236.7392812190886
2024-07-26 15:33:46+00:00,AAL1347,29.48300170898437,-83.78184391902045,11277.6,147.24233119887444,236.7392812190886
2024-07-26 15:33:47+00:00,AAL1347,29.482090836864405,-83.78119973575366,11277.6,147.24233119887444,236.7392812190886
2024-07-26 15:33:48+00:00,AAL1347,29.479577016022244,-83.77931482651655,11277.6,147.24233119887444,236.7392812190886
2024-07-26 15:33:49+00:00,AAL1347,29.47869873046875,-83.77867478590747,11277.6,147.24233119887444,236.7392812190886
2024-07-26 15:33:50+00:00,AAL1347,29.475852836996825,-83.7765682444853,11277.6,147.1377488640548,237.01803503967707
2024-07-26 15:33:52+00:00,AAL1347,29.472244262695312,-83.77392108623798,11277.6,147.1377488640548,237.01803503967707
2024-07-26 15:33:55+00:00,AAL1347,29.46724067300053,-83.77021340762866,11277.6,147.1377488640548,237.01803503967707
2024-07-26 15:33:56+00:00,AAL1347,29.464508056640625,-83.76821664663458,11277.6,147.1377488640548,237.01803503967707
2024-07-26 15:33:57+00:00,AAL1347,29.46308898925781,-83.7671602689303,11277.6,147.1377488640548,237.01803503967707
2024-07-26 15:33:58+00:00,AAL1347,29.462213031316207,-83.76649744370405,11277.6,147.1377488640548,237.01803503967707
2024-07-26 15:33:59+00:00,AAL1347,29.459140583620236,-83.76428940716914,11277.6,147.1377488640548,237.01803503967707
2024-07-26 15:34:00+00:00,AAL1347,29.457550048828125,-83.76309321476862,11277.6,147.1377488640548,237.01803503967707
2024-07-26 15:34:01+00:00,AAL1347,29.456626762778072,-83.76240449793198,11277.6,147.1377488640548,237.01803503967707
2024-07-26 15:34:02+00:00,AAL1347,29.454671568789724,-83.76095042509189,11277.6,147.1377488640548,237.01803503967707
2024-07-26 15:34:03+00:00,AAL1347,29.45196533203125,-83.75897334172174,11269.98,147.1377488640548,237.01803503967707
2024-07-26 15:34:04+00:00,AAL1347,29.450912475585938,-83.75818105844348,11269.98,147.1377488640548,237.01803503967707
2024-07-26 15:34:05+00:00,AAL1347,29.44838701668432,-83.75637278837314,11269.98,147.1377488640548,237.01803503967707
2024-07-26 15:34:06+00:00,AAL1347,29.446746826171875,-83.75517038198615,11269.98,147.2051061842313,237.45032053389608
2024-07-26 15:34:07+00:00,AAL1347,29.445144653320312,-83.75395554762622,11269.98,147.2051061842313,237.45032053389608
2024-07-26 15:34:08+00:00,AAL1347,29.44354558395127,-83.7527645335478,11269.98,147.3095768827223,237.17207478898337
2024-07-26 15:34:09+00:00,AAL1347,29.441730046676376,-83.75147202435664,11277.6,147.3095768827223,237.17207478898337
2024-07-26 15:34:10+00:00,AAL1347,29.440109252929688,-83.75025822566107,11277.6,147.3095768827223,237.17207478898337
2024-07-26 15:34:12+00:00,AAL1347,29.43598937988281,-83.74724754920373,11277.6,147.3095768827223,237.17207478898337
2024-07-26 15:34:13+00:00,AAL1347,29.43525695800781,-83.74671936035156,11277.6,147.3095768827223,237.17207478898337
2024-07-26 15:34:14+00:00,AAL1347,29.433304091631356,-83.74527875114893,11277.6,147.24233119887444,236.7392812190886
2024-07-26 15:34:15+00:00,AAL1347,29.431137084960938,-83.74365586500903,11277.6,147.24233119887444,236.7392812190886
2024-07-26 15:34:16+00:00,AAL1347,29.428835076800848,-83.74193976907168,11277.6,147.24233119887444,236.7392812190886
2024-07-26 15:34:18+00:00,AAL1347,29.42523193359375,-83.73932471642127,11277.6,147.3095768827223,237.17207478898337
2024-07-26 15:34:20+00:00,AAL1347,29.42287639036017,-83.73763140510113,11277.6,147.3095768827223,237.17207478898337
2024-07-26 15:34:21+00:00,AAL1347,29.420196533203125,-83.73562739445612,11277.6,147.3095768827223,237.17207478898337
2024-07-26 15:34:23+00:00,AAL1347,29.41733667405985,-83.73353845932905,11277.6,147.3095768827223,237.17207478898337
2024-07-26 15:34:24+00:00,AAL1347,29.415148718882413,-83.73192282284009,11277.6,147.3095768827223,237.17207478898337
2024-07-26 15:34:25+00:00,AAL1347,29.4124952413268,-83.72998405905332,11277.6,147.3095768827223,237.17207478898337
2024-07-26 15:34:26+00:00,AAL1347,29.410858154296875,-83.72876093937799,11277.6,147.3095768827223,237.17207478898337
2024-07-26 15:34:28+00:00,AAL1347,29.4071044921875,-83.72601435734674,11277.6,147.3095768827223,237.17207478898337
2024-07-26 15:34:30+00:00,AAL1347,29.404586791992188,-83.7241656963642,11277.6,147.3095768827223,237.17207478898337
2024-07-26 15:34:31+00:00,AAL1347,29.403488159179688,-83.72337341308594,11277.6,147.3095768827223,237.17207478898337
2024-07-26 15:34:32+00:00,AAL1347,29.400787353515625,-83.72141911433295,11277.6,147.3095768827223,237.17207478898337
2024-07-26 15:34:36+00:00,AAL1347,29.393096923828125,-83.71571467472955,11277.6,147.24233119887444,236.7392812190886
2024-07-26 15:34:37+00:00,AAL1347,29.39219846563824,-83.71506634880518,11277.6,147.24233119887444,236.7392812190886
2024-07-26 15:34:38+00:00,AAL1347,29.390382928363348,-83.71377383961396,11277.6,147.24233119887444,236.7392812190886
2024-07-26 15:34:39+00:00,AAL1347,29.389126017942267,-83.71280445772061,11277.6,147.24233119887444,236.7392812190886
2024-07-26 15:34:40+00:00,AAL1347,29.38591391353284,-83.71043485753677,11277.6,147.24233119887444,236.7392812190886
2024-07-26 15:34:42+00:00,AAL1347,29.382339477539062,-83.70784466083234,11277.6,147.3095768827223,237.17207478898337
2024-07-26 15:34:43+00:00,AAL1347,29.38050842285156,-83.7065241887019,11277.6,147.3095768827223,237.17207478898337
2024-07-26 15:34:45+00:00,AAL1347,29.378372451006356,-83.70494169347427,11277.6,147.3095768827223,237.17207478898337
2024-07-26 15:34:46+00:00,AAL1347,29.37548621226165,-83.70284136603863,11277.6,147.3095768827223,237.17207478898337
2024-07-26 15:34:47+00:00,AAL1347,29.374787928694385,-83.70230282054229,11277.6,147.3095768827223,237.17207478898337
2024-07-26 15:34:51+00:00,AAL1347,29.36617576469809,-83.69594798368564,11277.6,147.3095768827223,237.17207478898337
2024-07-26 15:34:53+00:00,AAL1347,29.362564086914062,-83.69331946739783,11277.6,147.3095768827223,237.17207478898337
2024-07-26 15:34:55+00:00,AAL1347,29.35882051112288,-83.69056252872241,11277.6,147.3095768827223,237.17207478898337
2024-07-26 15:34:57+00:00,AAL1347,29.355194091796875,-83.68793194110577,11277.6,147.3095768827223,237.17207478898337
2024-07-26 15:34:58+00:00,AAL1347,29.354507446289062,-83.6874037522536,11277.6,147.3095768827223,237.17207478898337
2024-07-26 15:35:00+00:00,AAL1347,29.35016179488877,-83.68420769186582,11277.6,147.3095768827223,237.17207478898337
2024-07-26 15:35:02+00:00,AAL1347,29.34764797404661,-83.68237663717832,11277.6,147.3095768827223,237.17207478898337
2024-07-26 15:35:04+00:00,AAL1347,29.342434123411017,-83.67855296415439,11277.6,147.3095768827223,237.17207478898337
2024-07-26 15:35:05+00:00,AAL1347,29.341037556276483,-83.67752972771143,11277.6,147.3095768827223,237.17207478898337
2024-07-26 15:35:06+00:00,AAL1347,29.3402927204714,-83.67699118221509,11277.6,147.3095768827223,237.17207478898337
2024-07-26 15:35:07+00:00,AAL1347,29.337432861328125,-83.67488567645734,11277.6,147.3095768827223,237.17207478898337
2024-07-26 15:35:08+00:00,AAL1347,29.335823705640887,-83.6737060546875,11277.6,147.3095768827223,237.17207478898337
2024-07-26 15:35:09+00:00,AAL1347,29.33491516113281,-83.67303701547473,11277.6,147.3095768827223,237.17207478898337
2024-07-26 15:35:11+00:00,AAL1347,29.330609855005296,-83.66988238166363,11277.6,147.3095768827223,237.17207478898337
2024-07-26 15:35:12+00:00,AAL1347,29.32896423339844,-83.66870586688702,11277.6,147.3095768827223,237.17207478898337
2024-07-26 15:35:13+00:00,AAL1347,29.328277587890625,-83.66817767803485,11277.6,147.3095768827223,237.17207478898337
2024-07-26 15:35:15+00:00,AAL1347,29.32342529296875,-83.66458599384015,11277.6,147.3095768827223,237.17207478898337
2024-07-26 15:35:19+00:00,AAL1347,29.3162252135196,-83.65932688993564,11277.6,147.3095768827223,237.17207478898337
2024-07-26 15:35:21+00:00,AAL1347,29.31278034792108,-83.65684958065259,11277.6,147.3095768827223,237.17207478898337
2024-07-26 15:35:23+00:00,AAL1347,29.30918884277344,-83.65423349233771,11277.6,147.3095768827223,237.17207478898337
2024-07-26 15:35:24+00:00,AAL1347,29.30831133309057,-83.653564453125,11277.6,147.3095768827223,237.17207478898337
2024-07-26 15:35:25+00:00,AAL1347,29.30561828613281,-83.6515925480769,11277.6,147.3095768827223,237.17207478898337
2024-07-26 15:35:26+00:00,AAL1347,29.30360412597656,-83.65016643817609,11277.6,147.3095768827223,237.17207478898337
2024-07-26 15:35:27+00:00,AAL1347,29.30181884765625,-83.64884596604566,11277.6,147.3095768827223,237.17207478898337
2024-07-26 15:35:29+00:00,AAL1347,29.29806984077065,-83.64607867072613,11277.6,147.3095768827223,237.17207478898337
2024-07-26 15:35:30+00:00,AAL1347,29.29623413085937,-83.64472609299878,11277.6,147.3095768827223,237.17207478898337
2024-07-26 15:35:31+00:00,AAL1347,29.294448852539062,-83.6434056208684,11277.6,147.3095768827223,237.17207478898337
2024-07-26 15:35:32+00:00,AAL1347,29.29266357421875,-83.64213796762317,11277.6,147.3095768827223,237.17207478898337
2024-07-26 15:35:33+00:00,AAL1347,29.291061401367188,-83.64092313326319,11277.6,147.3095768827223,237.17207478898337
2024-07-26 15:35:34+00:00,AAL1347,29.289411124536542,-83.63972383386948,11277.6,147.3095768827223,237.17207478898337
2024-07-26 15:35:35+00:00,AAL1347,29.287811279296875,-83.63854628342847,11277.6,147.3095768827223,237.17207478898337
2024-07-26 15:35:36+00:00,AAL1347,29.286897303694385,-83.63789277918198,11277.6,147.3095768827223,237.17207478898337
2024-07-26 15:35:37+00:00,AAL1347,29.283871408236227,-83.63563088809741,11277.6,147.2051061842313,237.45032053389608
2024-07-26 15:35:38+00:00,AAL1347,29.2818603515625,-83.63421513484076,11277.6,147.2051061842313,237.45032053389608
2024-07-26 15:35:39+00:00,AAL1347,29.281173706054688,-83.63368694598859,11277.6,147.2051061842313,237.45032053389608
2024-07-26 15:35:40+00:00,AAL1347,29.280100676972985,-83.63288430606616,11277.6,147.2051061842313,237.45032053389608
2024-07-26 15:35:41+00:00,AAL1347,29.27828513969809,-83.631591796875,11277.6,147.2051061842313,237.45032053389608
2024-07-26 15:35:42+00:00,AAL1347,29.27485656738281,-83.62903888408954,11277.6,147.2051061842313,237.45032053389608
2024-07-26 15:35:43+00:00,AAL1347,29.27288818359375,-83.62761277418872,11277.6,147.2051061842313,237.45032053389608
2024-07-26 15:35:45+00:00,AAL1347,29.270736694335938,-83.6260282076322,11277.6,147.2051061842313,237.45032053389608
2024-07-26 15:35:46+00:00,AAL1347,29.268043647378175,-83.62405215992646,11269.98,147.2051061842313,237.45032053389608
2024-07-26 15:35:47+00:00,AAL1347,29.266433715820312,-83.62285907451923,11269.98,147.3095768827223,237.17207478898337
2024-07-26 15:35:48+00:00,AAL1347,29.263900498212397,-83.62103630514707,11277.6,147.3095768827223,237.17207478898337
2024-07-26 15:35:50+00:00,AAL1347,29.260315975900426,-83.61839743221509,11269.98,147.3095768827223,237.17207478898337
2024-07-26 15:35:51+00:00,AAL1347,29.258360781912074,-83.616943359375,11277.6,147.3095768827223,237.17207478898337
2024-07-26 15:35:52+00:00,AAL1347,29.25654524463718,-83.61565085018384,11277.6,147.3095768827223,237.17207478898337
2024-07-26 15:35:53+00:00,AAL1347,29.25494384765625,-83.61446087176984,11277.6,147.3095768827223,237.17207478898337
2024-07-26 15:35:54+00:00,AAL1347,29.253333140227756,-83.61328125,11277.6,147.3095768827223,237.17207478898337
2024-07-26 15:35:55+00:00,AAL1347,29.25133139400159,-83.61182717715991,11277.6,147.3095768827223,237.17207478898337
2024-07-26 15:35:56+00:00,AAL1347,29.24956240896451,-83.61048081341914,11277.6,147.3095768827223,237.17207478898337
2024-07-26 15:35:57+00:00,AAL1347,29.24794006347656,-83.60933743990381,11277.6,147.3095768827223,237.17207478898337
2024-07-26 15:35:58+00:00,AAL1347,29.24704858812235,-83.60864975873164,11277.6,147.3095768827223,237.17207478898337
2024-07-26 15:35:59+00:00,AAL1347,29.244140625,-83.60653803898737,11277.6,147.3095768827223,237.17207478898337
2024-07-26 15:36:03+00:00,AAL1347,29.2364501953125,-83.60088641826923,11277.6,147.3095768827223,237.17207478898337
2024-07-26 15:36:04+00:00,AAL1347,29.235550185381356,-83.60024844898896,11277.6,147.3095768827223,237.17207478898337
2024-07-26 15:36:05+00:00,AAL1347,29.23374938964844,-83.59893211951623,11277.6,147.3095768827223,237.17207478898337
2024-07-26 15:36:06+00:00,AAL1347,29.23210531978284,-83.59771728515625,11277.6,147.3095768827223,237.17207478898337
2024-07-26 15:36:07+00:00,AAL1347,29.229963916843214,-83.59615550321689,11277.6,147.3095768827223,237.17207478898337
2024-07-26 15:36:08+00:00,AAL1347,29.228347778320312,-83.594970703125,11277.6,147.3095768827223,237.17207478898337
2024-07-26 15:36:10+00:00,AAL1347,29.22582076767744,-83.5931396484375,11277.6,147.3765775007372,237.60519386694767
2024-07-26 15:36:13+00:00,AAL1347,29.218791379766948,-83.58802346622241,11277.6,147.3765775007372,237.60519386694767
2024-07-26 15:36:14+00:00,AAL1347,29.21697584249205,-83.58673095703125,11277.6,147.3765775007372,237.60519386694767
2024-07-26 15:36:15+00:00,AAL1347,29.21502685546875,-83.58525202824518,11277.6,147.3765775007372,237.60519386694767
2024-07-26 15:36:16+00:00,AAL1347,29.21429443359375,-83.584723839393,11277.6,147.3765775007372,237.60519386694767
2024-07-26 15:36:17+00:00,AAL1347,29.21143612619173,-83.58263801125918,11277.6,147.3765775007372,237.60519386694767
2024-07-26 15:36:18+00:00,AAL1347,29.21054077148437,-83.58197725736176,11277.6,147.3765775007372,237.60519386694767
2024-07-26 15:36:19+00:00,AAL1347,29.209442138671875,-83.5811849740835,11277.6,147.3765775007372,237.60519386694767
2024-07-26 15:36:20+00:00,AAL1347,29.20765686035156,-83.57986450195312,11277.6,147.3765775007372,237.60519386694767
2024-07-26 15:36:21+00:00,AAL1347,29.2042236328125,-83.57738201434796,11277.6,147.3765775007372,237.60519386694767
2024-07-26 15:36:23+00:00,AAL1347,29.202392578125,-83.57606154221753,11277.6,147.3765775007372,237.60519386694767
2024-07-26 15:36:24+00:00,AAL1347,29.19932556152344,-83.57384314903845,11277.6,147.3765775007372,237.60519386694767
2024-07-26 15:36:25+00:00,AAL1347,29.196807861328125,-83.5719944880559,11277.6,147.3765775007372,237.60519386694767
2024-07-26 15:36:26+00:00,AAL1347,29.195189395193324,-83.5708438648897,11277.6,147.3765775007372,237.60519386694767
2024-07-26 15:36:27+00:00,AAL1347,29.19429016113281,-83.5701986459585,11277.6,147.3765775007372,237.60519386694767
2024-07-26 15:36:28+00:00,AAL1347,29.19158935546875,-83.56819152832031,11277.6,147.3765775007372,237.60519386694767
2024-07-26 15:36:30+00:00,AAL1347,29.18820655952065,-83.56572768267466,11277.6,147.3765775007372,237.60519386694767
2024-07-26 15:36:31+00:00,AAL1347,29.18620481329449,-83.56427360983457,11277.6,147.3765775007372,237.60519386694767
2024-07-26 15:36:33+00:00,AAL1347,29.183318574549787,-83.56217328239893,11277.6,147.3765775007372,237.60519386694767
2024-07-26 15:36:35+00:00,AAL1347,29.179733276367188,-83.55952923114484,11277.6,147.3765775007372,237.60519386694767
2024-07-26 15:36:36+00:00,AAL1347,29.177902221679688,-83.5582087590144,11277.6,147.3765775007372,237.60519386694767
2024-07-26 15:36:37+00:00,AAL1347,29.17538452148437,-83.55641291691705,11277.6,147.3765775007372,237.60519386694767
2024-07-26 15:36:38+00:00,AAL1347,29.173775365797137,-83.55522604549634,11277.6,147.3765775007372,237.60519386694767
2024-07-26 15:36:39+00:00,AAL1347,29.17214603747352,-83.55404124540439,11277.6,147.3765775007372,237.60519386694767
2024-07-26 15:36:40+00:00,AAL1347,29.1712646484375,-83.55340224045972,11277.6,147.3765775007372,237.60519386694767
2024-07-26 15:36:41+00:00,AAL1347,29.169479370117188,-83.55208176832934,11277.6,147.3765775007372,237.60519386694767
2024-07-26 15:36:42+00:00,AAL1347,29.16655976893538,-83.54994829963238,11277.6,147.3765775007372,237.60519386694767
2024-07-26 15:36:43+00:00,AAL1347,29.165679931640625,-83.5493351862981,11277.6,147.3765775007372,237.60519386694767
2024-07-26 15:36:44+00:00,AAL1347,29.163162231445312,-83.54748652531549,11277.6,147.3765775007372,237.60519386694767
2024-07-26 15:36:45+00:00,AAL1347,29.162429809570312,-83.54695833646332,11277.6,147.3765775007372,237.60519386694767
2024-07-26 15:36:46+00:00,AAL1347,29.15990279892744,-83.54510139016543,11277.6,147.3765775007372,237.60519386694767
2024-07-26 15:36:47+00:00,AAL1347,29.15813381389036,-83.54380888097427,11277.6,147.3765775007372,237.60519386694767
2024-07-26 15:36:48+00:00,AAL1347,29.156478881835938,-83.54262718787561,11277.6,147.3765775007372,237.60519386694767
2024-07-26 15:36:49+00:00,AAL1347,29.153778076171875,-83.54067288912256,11277.6,147.3765775007372,237.60519386694767
2024-07-26 15:36:50+00:00,AAL1347,29.152359008789062,-83.53961651141827,11277.6,147.3765775007372,237.60519386694767
2024-07-26 15:36:51+00:00,AAL1347,29.15057373046875,-83.53829603928784,11277.6,147.3765775007372,237.60519386694767
2024-07-26 15:36:52+00:00,AAL1347,29.14966130660752,-83.53761560776655,11277.6,147.3765775007372,237.60519386694767
2024-07-26 15:36:53+00:00,AAL1347,29.147506713867188,-83.53607764610877,11277.6,147.3765775007372,237.60519386694767
2024-07-26 15:36:55+00:00,AAL1347,29.144073486328125,-83.5335423396184,11277.6,147.3765775007372,237.60519386694767
2024-07-26 15:36:56+00:00,AAL1347,29.14137500827595,-83.53158389820771,11277.6,147.3765775007372,237.60519386694767
2024-07-26 15:36:58+00:00,AAL1347,29.13775634765625,-83.52894709660455,11277.6,147.3765775007372,237.60519386694767
2024-07-26 15:36:59+00:00,AAL1347,29.135971069335938,-83.52762662447412,11277.6,147.3765775007372,237.60519386694767
2024-07-26 15:37:00+00:00,AAL1347,29.134506225585938,-83.52662306565503,11277.6,147.3765775007372,237.60519386694767
2024-07-26 15:37:01+00:00,AAL1347,29.132537841796875,-83.52514413686896,11277.6,147.3765775007372,237.60519386694767
2024-07-26 15:37:02+00:00,AAL1347,29.13075256347656,-83.52382366473859,11277.6,147.3765775007372,237.60519386694767
2024-07-26 15:37:04+00:00,AAL1347,29.1265869140625,-83.52081298828125,11277.6,147.3765775007372,237.60519386694767
2024-07-26 15:37:05+00:00,AAL1347,29.12498862056409,-83.51962818818936,11277.6,147.3765775007372,237.60519386694767
2024-07-26 15:37:06+00:00,AAL1347,29.123173083289192,-83.51833567899814,11277.6,147.3765775007372,237.60519386694767
2024-07-26 15:37:07+00:00,AAL1347,29.121551513671875,-83.5171156663161,11277.6,147.3765775007372,237.60519386694767
2024-07-26 15:37:08+00:00,AAL1347,29.11958312988281,-83.51568955641528,11277.6,147.3765775007372,237.60519386694767
2024-07-26 15:37:09+00:00,AAL1347,29.118657516220868,-83.51505055147061,11277.6,147.3765775007372,237.60519386694767
2024-07-26 15:37:11+00:00,AAL1347,29.11418850139036,-83.51176542394302,11277.6,147.3765775007372,237.60519386694767
2024-07-26 15:37:12+00:00,AAL1347,29.112372964115465,-83.5104190602022,11277.6,147.3765775007372,237.60519386694767
2024-07-26 15:37:13+00:00,AAL1347,29.11055742684057,-83.50912655101104,11277.6,147.3765775007372,237.60519386694767
2024-07-26 15:37:14+00:00,AAL1347,29.10877990722656,-83.507819542518,11277.6,147.3765775007372,237.60519386694767
2024-07-26 15:37:15+00:00,AAL1347,29.106948852539062,-83.50649907038763,11277.6,147.3765775007372,237.60519386694767
2024-07-26 15:37:16+00:00,AAL1347,29.10589599609375,-83.50570678710938,11277.6,147.3765775007372,237.60519386694767
2024-07-26 15:37:17+00:00,AAL1347,29.10406494140625,-83.50438631497894,11277.6,147.3765775007372,237.60519386694767
2024-07-26 15:37:18+00:00,AAL1347,29.101730346679688,-83.50269611065204,11277.6,147.3765775007372,237.60519386694767
2024-07-26 15:37:19+00:00,AAL1347,29.100129725569385,-83.5015330595129,11277.6,147.3765775007372,237.60519386694767
2024-07-26 15:37:20+00:00,AAL1347,29.09831418829449,-83.50018669577207,11277.6,147.3765775007372,237.60519386694767
2024-07-26 15:37:21+00:00,AAL1347,29.096684859970868,-83.49900189568018,11277.6,147.3765775007372,237.60519386694767
2024-07-26 15:37:22+00:00,AAL1347,29.094171039128707,-83.49717084099268,11277.6,147.3765775007372,237.60519386694767
2024-07-26 15:37:23+00:00,AAL1347,29.09347275556144,-83.49663229549634,11277.6,147.3765775007372,237.60519386694767
2024-07-26 15:37:24+00:00,AAL1347,29.090560913085938,-83.49456200232873,11277.6,147.3765775007372,237.60519386694767
2024-07-26 15:37:25+00:00,AAL1347,29.088775634765625,-83.4932415301983,11277.6,147.3765775007372,237.60519386694767
2024-07-26 15:37:26+00:00,AAL1347,29.087141651218214,-83.49205465877759,11277.6,147.3765775007372,237.60519386694767
2024-07-26 15:37:27+00:00,AAL1347,29.08607094974841,-83.49130069508271,11277.6,147.3765775007372,237.60519386694767
2024-07-26 15:37:28+00:00,AAL1347,29.084069203522244,-83.48984662224268,11277.6,147.3765775007372,237.60519386694767
2024-07-26 15:37:29+00:00,AAL1347,29.08172607421875,-83.48811809833234,11277.6,147.3765775007372,237.60519386694767
2024-07-26 15:37:30+00:00,AAL1347,29.080112263307733,-83.4869384765625,11277.6,147.3765775007372,237.60519386694767
2024-07-26 15:37:31+00:00,AAL1347,29.078109741210938,-83.48552997295673,11277.6,147.3765775007372,237.60519386694767
2024-07-26 15:37:32+00:00,AAL1347,29.077423095703125,-83.48500178410455,11277.6,147.3765775007372,237.60519386694767
2024-07-26 15:37:33+00:00,AAL1347,29.0745259947696,-83.48289938534009,11277.6,147.3765775007372,237.60519386694767
2024-07-26 15:37:34+00:00,AAL1347,29.07289123535156,-83.48172701322113,11277.6,147.3765775007372,237.60519386694767
2024-07-26 15:37:35+00:00,AAL1347,29.070894920219807,-83.48026051240811,11277.6,147.3765775007372,237.60519386694767
2024-07-26 15:37:36+00:00,AAL1347,29.06982421875,-83.47945580115686,11277.6,147.3765775007372,237.60519386694767
2024-07-26 15:37:37+00:00,AAL1347,29.068038940429688,-83.47813532902643,11277.6,147.3765775007372,237.60519386694767
2024-07-26 15:37:38+00:00,AAL1347,29.066207885742188,-83.47686767578125,11277.6,147.3765775007372,237.60519386694767
2024-07-26 15:37:39+00:00,AAL1347,29.06442415916313,-83.47552131204043,11277.6,147.3765775007372,237.60519386694767
2024-07-26 15:37:40+00:00,AAL1347,29.062088012695312,-83.47380418043872,11277.6,147.3765775007372,237.60519386694767
2024-07-26 15:37:41+00:00,AAL1347,29.061165502515887,-83.47315171185664,11277.6,147.3765775007372,237.60519386694767
2024-07-26 15:37:42+00:00,AAL1347,29.0584716796875,-83.47121605506311,11277.6,147.3765775007372,237.60519386694767
2024-07-26 15:37:43+00:00,AAL1347,29.05758098020392,-83.47056669347427,11277.6,147.3765775007372,237.60519386694767
2024-07-26 15:37:45+00:00,AAL1347,29.05306541313559,-83.46728156594668,11277.6,147.3765775007372,237.60519386694767
2024-07-26 15:37:47+00:00,AAL1347,29.04929468187235,-83.46453498391543,11277.6,147.3765775007372,237.60519386694767
2024-07-26 15:37:48+00:00,AAL1347,29.04766845703125,-83.46334604116583,11277.6,147.44333420789326,238.03863667616383
2024-07-26 15:37:49+00:00,AAL1347,29.0460205078125,-83.4621312068059,11277.6,147.44333420789326,238.03863667616383
2024-07-26 15:37:50+00:00,AAL1347,29.044406696901483,-83.4609805836397,11277.6,147.44333420789326,238.03863667616383
2024-07-26 15:37:51+00:00,AAL1347,29.04296357752913,-83.45990349264707,11277.6,147.44333420789326,238.03863667616383
2024-07-26 15:37:52+00:00,AAL1347,29.04135131835937,-83.45875079815204,11277.6,147.44333420789326,238.03863667616383
2024-07-26 15:37:53+00:00,AAL1347,29.038650512695312,-83.45679649939905,11277.6,147.44333420789326,238.03863667616383
2024-07-26 15:37:54+00:00,AAL1347,29.03681945800781,-83.45547602726862,11277.6,147.44333420789326,238.03863667616383
2024-07-26 15:37:55+00:00,AAL1347,29.0350341796875,-83.45415555513819,11277.6,147.44333420789326,238.03863667616383
2024-07-26 15:37:56+00:00,AAL1347,29.03286174192267,-83.45257927389707,11277.6,147.44333420789326,238.03863667616383
2024-07-26 15:37:57+00:00,AAL1347,29.031967163085938,-83.45193716195911,11277.6,147.44333420789326,238.03863667616383
2024-07-26 15:37:58+00:00,AAL1347,29.029975503177965,-83.45047894646143,11277.6,147.44333420789326,238.03863667616383
2024-07-26 15:37:59+00:00,AAL1347,29.027984619140625,-83.44903212327222,11277.6,147.44333420789326,238.03863667616383
2024-07-26 15:38:01+00:00,AAL1347,29.024185180664062,-83.44628554124097,11277.6,147.44333420789326,238.03863667616383
2024-07-26 15:38:02+00:00,AAL1347,29.02239990234375,-83.4449650691106,11277.6,147.44333420789326,238.03863667616383
2024-07-26 15:38:03+00:00,AAL1347,29.020751953125,-83.4438030536358,11277.6,147.44333420789326,238.03863667616383
2024-07-26 15:38:04+00:00,AAL1347,29.01875641386388,-83.44234690946689,11277.6,147.44333420789326,238.03863667616383
2024-07-26 15:38:06+00:00,AAL1347,29.015350341796875,-83.43984163724457,11277.6,147.3765775007372,237.60519386694767
2024-07-26 15:38:07+00:00,AAL1347,29.012844279661017,-83.43803854549634,11277.6,147.3765775007372,237.60519386694767
2024-07-26 15:38:08+00:00,AAL1347,29.01209944385593,-83.4375,11277.6,147.3765775007372,237.60519386694767
2024-07-26 15:38:09+00:00,AAL1347,29.01028390658104,-83.43620749080884,11277.6,147.3765775007372,237.60519386694767
2024-07-26 15:38:10+00:00,AAL1347,29.007614135742188,-83.43424283541162,11277.6,147.3765775007372,237.60519386694767
2024-07-26 15:38:11+00:00,AAL1347,29.0065131753178,-83.43346090877759,11277.6,147.3765775007372,237.60519386694767
2024-07-26 15:38:12+00:00,AAL1347,29.004547119140625,-83.43202444223255,11277.6,147.3765775007372,237.60519386694767
2024-07-26 15:38:13+00:00,AAL1347,29.00288210076801,-83.43082203584561,11277.6,147.3765775007372,237.60519386694767
2024-07-26 15:38:14+00:00,AAL1347,29.000747680664062,-83.4292250413161,11277.6,147.3765775007372,237.60519386694767
2024-07-26 15:38:15+00:00,AAL1347,28.999111369504767,-83.42807545381436,11277.6,147.3765775007372,237.60519386694767
2024-07-26 15:38:16+00:00,AAL1347,28.99804066803496,-83.42726763556988,11277.6,147.3765775007372,237.60519386694767
2024-07-26 15:38:17+00:00,AAL1347,28.995162963867188,-83.42515798715442,11277.6,147.3765775007372,237.60519386694767
2024-07-26 15:38:18+00:00,AAL1347,28.994269936771715,-83.42452105353863,11277.6,147.3765775007372,237.60519386694767
2024-07-26 15:38:19+00:00,AAL1347,28.99154663085937,-83.42256986177881,11277.6,147.3765775007372,237.60519386694767
2024-07-26 15:38:20+00:00,AAL1347,28.98994057865466,-83.4213436351103,11277.6,147.3765775007372,237.60519386694767
2024-07-26 15:38:21+00:00,AAL1347,28.988113403320312,-83.42003455528845,11277.6,147.3765775007372,237.60519386694767
2024-07-26 15:38:22+00:00,AAL1347,28.986328125,-83.41871408315802,11277.6,147.3765775007372,237.60519386694767
2024-07-26 15:38:23+00:00,AAL1347,28.984726728019066,-83.41757381663604,11277.6,147.27221860564586,237.88293300379635
2024-07-26 15:38:24+00:00,AAL1347,28.98360947431144,-83.41676599839155,11277.6,147.27221860564586,237.88293300379635
2024-07-26 15:38:25+00:00,AAL1347,28.98202514648437,-83.4155977689303,11277.6,147.27221860564586,237.88293300379635
2024-07-26 15:38:26+00:00,AAL1347,28.979278564453125,-83.41359065129205,11277.6,147.27221860564586,237.88293300379635
2024-07-26 15:38:27+00:00,AAL1347,28.97749328613281,-83.41232299804688,11277.6,147.3765775007372,237.60519386694767
2024-07-26 15:38:28+00:00,AAL1347,28.975695593882413,-83.41100356158091,11277.6,147.3765775007372,237.60519386694767
2024-07-26 15:38:29+00:00,AAL1347,28.97388005660752,-83.40965719784009,11277.6,147.3765775007372,237.60519386694767
2024-07-26 15:38:30+00:00,AAL1347,28.97211107157044,-83.40836468864893,11277.6,147.3765775007372,237.60519386694767
2024-07-26 15:38:31+00:00,AAL1347,28.97136623576536,-83.40782614315259,11277.6,147.3765775007372,237.60519386694767
2024-07-26 15:38:32+00:00,AAL1347,28.968666205971928,-83.40588737936582,11277.6,147.3765775007372,237.60519386694767
2024-07-26 15:38:33+00:00,AAL1347,28.96685066869703,-83.404541015625,11277.6,147.3765775007372,237.60519386694767
2024-07-26 15:38:34+00:00,AAL1347,28.964895474708687,-83.40308694278491,11277.6,147.3765775007372,237.60519386694767
2024-07-26 15:38:35+00:00,AAL1347,28.9632568359375,-83.40191767765924,11277.6,147.3765775007372,237.60519386694767
2024-07-26 15:38:36+00:00,AAL1347,28.96163681806144,-83.40071734260113,11277.6,147.3765775007372,237.60519386694767
2024-07-26 15:38:37+00:00,AAL1347,28.959635071835272,-83.39931712431064,11277.6,147.3765775007372,237.60519386694767
2024-07-26 15:38:38+00:00,AAL1347,28.95712125099311,-83.39748606962314,11277.6,147.3765775007372,237.60519386694767
2024-07-26 15:38:39+00:00,AAL1347,28.956207275390625,-83.39679424579327,11277.6,147.3765775007372,237.60519386694767
2024-07-26 15:38:40+00:00,AAL1347,28.953536728681144,-83.39484719669116,11277.6,147.3765775007372,237.60519386694767
2024-07-26 15:38:41+00:00,AAL1347,28.95172119140625,-83.39351947490985,11277.6,147.3765775007372,237.60519386694767
2024-07-26 15:38:42+00:00,AAL1347,28.950091863082623,-83.39236988740811,11277.6,147.3765775007372,237.60519386694767
2024-07-26 15:38:43+00:00,AAL1347,28.948276325807733,-83.39102352366729,11277.6,147.3765775007372,237.60519386694767
2024-07-26 15:38:44+00:00,AAL1347,28.946321131819385,-83.38962330537686,11277.6,147.3765775007372,237.60519386694767
2024-07-26 15:38:45+00:00,AAL1347,28.94450559454449,-83.38827694163604,11277.6,147.3765775007372,237.60519386694767
2024-07-26 15:38:46+00:00,AAL1347,28.9426900572696,-83.38698443244488,11277.6,147.3765775007372,237.60519386694767
2024-07-26 15:38:48+00:00,AAL1347,28.939990027476163,-83.38499181410845,11277.6,147.3765775007372,237.60519386694767
2024-07-26 15:38:49+00:00,AAL1347,28.93798828125,-83.3835895244892,11277.6,147.3765775007372,237.60519386694767
2024-07-26 15:38:50+00:00,AAL1347,28.936203002929688,-83.38226905235877,11277.6,147.3765775007372,237.60519386694767
2024-07-26 15:38:51+00:00,AAL1347,28.934031341035485,-83.3806834501379,11277.6,147.3765775007372,237.60519386694767
2024-07-26 15:38:52+00:00,AAL1347,28.93208312988281,-83.37925837590143,11277.6,147.3765775007372,237.60519386694767
2024-07-26 15:38:53+00:00,AAL1347,28.930252075195312,-83.377937903771,11277.6,147.3765775007372,237.60519386694767
2024-07-26 15:38:54+00:00,AAL1347,28.92863128144862,-83.3767520680147,11277.6,147.3765775007372,237.60519386694767
2024-07-26 15:38:55+00:00,AAL1347,28.92681884765625,-83.37545541616583,11277.6,147.3765775007372,237.60519386694767
2024-07-26 15:38:56+00:00,AAL1347,28.925033569335938,-83.37413494403546,11277.6,147.3765775007372,237.60519386694767
2024-07-26 15:38:57+00:00,AAL1347,28.923568725585938,-83.37307856633112,11277.6,147.3765775007372,237.60519386694767
2024-07-26 15:38:58+00:00,AAL1347,28.92197431144068,-83.3719051585478,11277.6,147.3765775007372,237.60519386694767
2024-07-26 15:38:59+00:00,AAL1347,28.920135498046875,-83.37059607872595,11277.6,147.3765775007372,237.60519386694767
2024-07-26 15:39:00+00:00,AAL1347,28.91745874437235,-83.36862003102021,11277.6,147.3765775007372,237.60519386694767
2024-07-26 15:39:01+00:00,AAL1347,28.915643207097457,-83.36732752182905,11277.6,147.3765775007372,237.60519386694767
2024-07-26 15:39:02+00:00,AAL1347,28.914200087725103,-83.36625043083643,11277.6,147.3765775007372,237.60519386694767
2024-07-26 15:39:03+00:00,AAL1347,28.912399291992188,-83.36494445800781,11277.6,147.3765775007372,237.60519386694767
2024-07-26 15:39:04+00:00,AAL1347,28.91024780273437,-83.3633598914513,11277.6,147.3765775007372,237.60519386694767
2024-07-26 15:39:05+00:00,AAL1347,28.908613819186968,-83.36221133961396,11277.6,147.3765775007372,237.60519386694767
2024-07-26 15:39:06+00:00,AAL1347,28.906997680664062,-83.36103586050177,11277.6,147.3765775007372,237.60519386694767
2024-07-26 15:39:07+00:00,AAL1347,28.90498352050781,-83.35955693171576,11277.6,147.3765775007372,237.60519386694767
2024-07-26 15:39:08+00:00,AAL1347,28.903027550648837,-83.35811839384189,11277.6,147.3765775007372,237.60519386694767
2024-07-26 15:39:09+00:00,AAL1347,28.902099609375,-83.35749699519232,11277.6,147.3765775007372,237.60519386694767
2024-07-26 15:39:10+00:00,AAL1347,28.89995510295286,-83.35591035730698,11277.6,147.3765775007372,237.60519386694767
2024-07-26 15:39:11+00:00,AAL1347,28.898139565677965,-83.35461784811582,11277.6,147.3765775007372,237.60519386694767
2024-07-26 15:39:12+00:00,AAL1347,28.896148681640625,-83.35316584660455,11277.6,147.3765775007372,237.60519386694767
2024-07-26 15:39:13+00:00,AAL1347,28.894555043365997,-83.35197897518384,11277.6,147.3765775007372,237.60519386694767
2024-07-26 15:39:14+00:00,AAL1347,28.89271545410156,-83.35068335899939,11277.6,147.3765775007372,237.60519386694767
2024-07-26 15:39:15+00:00,AAL1347,28.89093017578125,-83.34936288686896,11277.6,147.3765775007372,237.60519386694767
2024-07-26 15:39:16+00:00,AAL1347,28.889294640492583,-83.34820915670957,11277.6,147.3765775007372,237.60519386694767
2024-07-26 15:39:17+00:00,AAL1347,28.886947631835938,-83.34645784818207,11277.6,147.3765775007372,237.60519386694767
2024-07-26 15:39:18+00:00,AAL1347,28.8851514913268,-83.34519330193018,11277.6,147.3765775007372,237.60519386694767
2024-07-26 15:39:19+00:00,AAL1347,28.883382506289724,-83.34384693818936,11277.6,147.3765775007372,237.60519386694767
2024-07-26 15:39:20+00:00,AAL1347,28.88156696901483,-83.34255442899814,11277.6,147.3765775007372,237.60519386694767
2024-07-26 15:39:21+00:00,AAL1347,28.87994384765625,-83.3413872352013,11277.6,147.3765775007372,237.60519386694767
2024-07-26 15:39:22+00:00,AAL1347,28.8782958984375,-83.34017240084131,11277.6,147.3765775007372,237.60519386694767
2024-07-26 15:39:23+00:00,AAL1347,28.87630656614142,-83.33873075597427,11277.6,147.3765775007372,237.60519386694767
2024-07-26 15:39:24+00:00,AAL1347,28.874176025390625,-83.33716172438403,11277.6,147.3765775007372,237.60519386694767
2024-07-26 15:39:25+00:00,AAL1347,28.872535834878175,-83.33598417394302,11277.6,147.3765775007372,237.60519386694767
2024-07-26 15:39:26+00:00,AAL1347,28.870925903320312,-83.33483769343451,11277.6,147.3765775007372,237.60519386694767
2024-07-26 15:39:27+00:00,AAL1347,28.86909484863281,-83.33351722130408,11277.6,147.3765775007372,237.60519386694767
2024-07-26 15:39:28+00:00,AAL1347,28.86712646484375,-83.33209111140326,11277.6,147.3765775007372,237.60519386694767
2024-07-26 15:39:29+00:00,AAL1347,28.86550644696769,-83.33092184627759,11277.6,147.3765775007372,237.60519386694767
2024-07-26 15:39:30+00:00,AAL1347,28.8636909096928,-83.32957548253677,11277.6,147.48118030572988,237.3282448337517
2024-07-26 15:39:31+00:00,AAL1347,28.861541748046875,-83.32802405724158,11277.6,147.48118030572988,237.3282448337517
2024-07-26 15:39:32+00:00,AAL1347,28.859920178429554,-83.32682890050552,11277.6,147.48118030572988,237.3282448337517
2024-07-26 15:39:33+00:00,AAL1347,28.85810464115466,-83.32553639131436,11277.6,147.48118030572988,237.3282448337517
2024-07-26 15:39:34+00:00,AAL1347,28.85650634765625,-83.32437955416162,11277.6,147.48118030572988,237.3282448337517
2024-07-26 15:39:35+00:00,AAL1347,28.854659775556144,-83.32305908203125,11277.6,147.48118030572988,237.3282448337517
2024-07-26 15:39:36+00:00,AAL1347,28.853073120117188,-83.32189706655646,11277.6,147.48118030572988,237.3282448337517
2024-07-26 15:39:37+00:00,AAL1347,28.851447671146715,-83.32068948184741,11277.6,147.48118030572988,237.3282448337517
2024-07-26 15:39:38+00:00,AAL1347,28.84944592492055,-83.31928926355698,11277.6,147.48118030572988,237.3282448337517
2024-07-26 15:39:39+00:00,AAL1347,28.847808837890625,-83.31809410682092,11277.6,147.48118030572988,237.3282448337517
2024-07-26 15:39:40+00:00,AAL1347,28.846023559570312,-83.31677363469049,11277.6,147.48118030572988,237.3282448337517
2024-07-26 15:39:41+00:00,AAL1347,28.843859656382413,-83.31525017233457,11277.6,147.54782389813568,237.7621925243081
2024-07-26 15:39:42+00:00,AAL1347,28.842416537010063,-83.31417308134189,11277.6,147.54782389813568,237.7621925243081
2024-07-26 15:39:43+00:00,AAL1347,28.84043884277344,-83.31275939941406,11277.6,147.54782389813568,237.7621925243081
2024-07-26 15:39:44+00:00,AAL1347,28.83824157714844,-83.31117483285755,11277.6,147.54782389813568,237.7621925243081
2024-07-26 15:39:45+00:00,AAL1347,28.836457850569385,-83.30986471737134,11277.6,147.54782389813568,237.7621925243081
2024-07-26 15:39:46+00:00,AAL1347,28.83538714909957,-83.30905689912686,11277.6,147.54782389813568,237.7621925243081
2024-07-26 15:39:47+00:00,AAL1347,28.83357161182468,-83.30776438993564,11277.6,147.54782389813568,237.7621925243081
2024-07-26 15:39:48+00:00,AAL1347,28.831383656647244,-83.30620260799634,11277.6,147.54782389813568,237.7621925243081
2024-07-26 15:39:49+00:00,AAL1347,28.82958984375,-83.30488938551684,11277.6,147.54782389813568,237.7621925243081
2024-07-26 15:39:50+00:00,AAL1347,28.827804565429688,-83.30362173227161,11277.6,147.54782389813568,237.7621925243081
2024-07-26 15:39:51+00:00,AAL1347,28.825973510742188,-83.30230126014123,11277.6,147.54782389813568,237.7621925243081
2024-07-26 15:39:52+00:00,AAL1347,28.824371337890625,-83.30113924466644,11277.6,147.54782389813568,237.7621925243081
2024-07-26 15:39:53+00:00,AAL1347,28.82239907474841,-83.29968620749082,11277.6,147.54782389813568,237.7621925243081
2024-07-26 15:39:54+00:00,AAL1347,28.82002258300781,-83.29797011155347,11277.6,147.54782389813568,237.7621925243081
2024-07-26 15:39:55+00:00,AAL1347,28.819140418101163,-83.29731660730698,11277.6,147.54782389813568,237.7621925243081
2024-07-26 15:39:56+00:00,AAL1347,28.817138671875,-83.29591638901655,11277.6,147.54782389813568,237.7621925243081
2024-07-26 15:39:57+00:00,AAL1347,28.81462485103284,-83.29408533432905,11277.6,147.54782389813568,237.7621925243081
2024-07-26 15:39:58+00:00,AAL1347,28.812973022460938,-83.2928994985727,11277.6,147.54782389813568,237.7621925243081
2024-07-26 15:39:59+00:00,AAL1347,28.81136619438559,-83.29171573414521,11277.6,147.54782389813568,237.7621925243081
2024-07-26 15:40:00+00:00,AAL1347,28.80921936035156,-83.29015291654144,11277.6,147.54782389813568,237.7621925243081
2024-07-26 15:40:01+00:00,AAL1347,28.80759546312235,-83.28896915211396,11277.6,147.54782389813568,237.7621925243081
2024-07-26 15:40:02+00:00,AAL1347,28.80596923828125,-83.28777606670673,11277.6,147.54782389813568,237.7621925243081
2024-07-26 15:40:03+00:00,AAL1347,28.804150597523837,-83.28649184283091,11277.6,147.54782389813568,237.7621925243081
2024-07-26 15:40:04+00:00,AAL1347,28.802169799804688,-83.28508230356067,11277.6,147.54782389813568,237.7621925243081
2024-07-26 15:40:05+00:00,AAL1347,28.80051952297405,-83.28390682444854,11277.6,147.54782389813568,237.7621925243081
2024-07-26 15:40:06+00:00,AAL1347,28.798370361328125,-83.28233572152942,11277.6,147.54782389813568,237.7621925243081
2024-07-26 15:40:07+00:00,AAL1347,28.796748791710804,-83.28116024241729,11277.6,147.54782389813568,237.7621925243081
2024-07-26 15:40:08+00:00,AAL1347,28.79585266113281,-83.28048706054688,11277.6,147.54782389813568,237.7621925243081
2024-07-26 15:40:09+00:00,AAL1347,28.7933349609375,-83.27863839956427,11277.6,147.54782389813568,237.7621925243081
2024-07-26 15:40:10+00:00,AAL1347,28.79116252317267,-83.27706729664521,11277.6,147.54782389813568,237.7621925243081
2024-07-26 15:40:11+00:00,AAL1347,28.790267944335938,-83.2764200063852,11277.6,147.54782389813568,237.7621925243081
2024-07-26 15:40:12+00:00,AAL1347,28.78753144862288,-83.2744822782629,11277.6,147.54782389813568,237.7621925243081
2024-07-26 15:40:13+00:00,AAL1347,28.78573608398437,-83.27314523550177,11277.6,147.48118030572988,237.3282448337517
2024-07-26 15:40:14+00:00,AAL1347,28.78413313526218,-83.27200496897979,11277.6,147.3765775007372,237.60519386694767
2024-07-26 15:40:15+00:00,AAL1347,28.782317597987287,-83.27071245978863,11277.6,147.3765775007372,237.60519386694767
2024-07-26 15:40:16+00:00,AAL1347,28.78143310546875,-83.27002892127405,11277.6,147.3765775007372,237.60519386694767
2024-07-26 15:40:17+00:00,AAL1347,28.779245150291317,-83.26845056870405,11277.6,147.3765775007372,237.60519386694767
2024-07-26 15:40:18+00:00,AAL1347,28.77742961301642,-83.2671580595129,11277.6,147.3765775007372,237.60519386694767
2024-07-26 15:40:19+00:00,AAL1347,28.775436401367188,-83.26569777268628,11277.6,147.3765775007372,237.60519386694767
2024-07-26 15:40:20+00:00,AAL1347,28.773472672801905,-83.26430376838238,11277.6,147.3765775007372,237.60519386694767
2024-07-26 15:40:21+00:00,AAL1347,28.77147092657574,-83.26284969554229,11277.6,147.3765775007372,237.60519386694767
2024-07-26 15:40:22+00:00,AAL1347,28.77040022510593,-83.2620418772978,11277.6,147.3765775007372,237.60519386694767
2024-07-26 15:40:23+00:00,AAL1347,28.76858468783104,-83.26074936810664,11277.6,147.3765775007372,237.60519386694767
2024-07-26 15:40:24+00:00,AAL1347,28.765884658037606,-83.25881060431988,11277.6,147.3765775007372,237.60519386694767
2024-07-26 15:40:25+00:00,AAL1347,28.76426696777344,-83.25761648324817,11277.6,147.3765775007372,237.60519386694767
2024-07-26 15:40:26+00:00,AAL1347,28.76337083719544,-83.25697954963238,11277.6,147.3765775007372,237.60519386694767
2024-07-26 15:40:27+00:00,AAL1347,28.760650634765625,-83.25502835787256,11277.6,147.48118030572988,237.3282448337517
2024-07-26 15:40:28+00:00,AAL1347,28.75941467285156,-83.25407761793872,11277.6,147.48118030572988,237.3282448337517
2024-07-26 15:40:29+00:00,AAL1347,28.75689697265625,-83.25228177584131,11277.6,147.48118030572988,237.3282448337517
2024-07-26 15:40:30+00:00,AAL1347,28.755270747815143,-83.25110940372241,11277.6,147.48118030572988,237.3282448337517
2024-07-26 15:40:31+00:00,AAL1347,28.754150390625,-83.25032747708832,11277.6,147.48118030572988,237.3282448337517
2024-07-26 15:40:32+00:00,AAL1347,28.75145346431409,-83.24836282169116,11277.6,147.48118030572988,237.3282448337517
2024-07-26 15:40:33+00:00,AAL1347,28.74968447927701,-83.2470703125,11277.6,147.48118030572988,237.3282448337517
2024-07-26 15:40:34+00:00,AAL1347,28.747879028320312,-83.24573223407452,11277.6,147.48118030572988,237.3282448337517
2024-07-26 15:40:35+00:00,AAL1347,28.74623961367849,-83.24459300321689,11277.6,147.48118030572988,237.3282448337517
2024-07-26 15:40:36+00:00,AAL1347,28.74531555175781,-83.24393639197717,11277.6,147.48118030572988,237.3282448337517
2024-07-26 15:40:37+00:00,AAL1347,28.742608539128707,-83.24195413028491,11269.98,147.48118030572988,237.3282448337517
2024-07-26 15:40:38+00:00,AAL1347,28.74065334514036,-83.24050005744488,11269.98,147.48118030572988,237.3282448337517
2024-07-26 15:40:39+00:00,AAL1347,28.738837807865465,-83.23920754825366,11269.98,147.48118030572988,237.3282448337517
2024-07-26 15:40:40+00:00,AAL1347,28.73739468849311,-83.23818431181064,11269.98,147.48118030572988,237.3282448337517
2024-07-26 15:40:41+00:00,AAL1347,28.73524475097656,-83.23659456693207,11269.98,147.48118030572988,237.3282448337517
2024-07-26 15:40:42+00:00,AAL1347,28.73362395722987,-83.23543772977939,11269.98,147.48118030572988,237.3282448337517
2024-07-26 15:40:43+00:00,AAL1347,28.731808419954977,-83.23414522058823,11269.98,147.48118030572988,237.3282448337517
2024-07-26 15:40:44+00:00,AAL1347,28.729992882680083,-83.23285271139707,11269.98,147.48118030572988,237.3282448337517
2024-07-26 15:40:45+00:00,AAL1347,28.727828979492188,-83.23125985952521,11269.98,147.48118030572988,237.3282448337517
2024-07-26 15:40:46+00:00,AAL1347,28.72640991210937,-83.23025630070612,11269.98,147.48118030572988,237.3282448337517
2024-07-26 15:40:47+00:00,AAL1347,28.724406614141948,-83.22881362017466,11269.98,147.48118030572988,237.3282448337517
2024-07-26 15:40:48+00:00,AAL1347,28.72279357910156,-83.22761535644531,11269.98,147.48118030572988,237.3282448337517
2024-07-26 15:40:49+00:00,AAL1347,28.721511840820312,-83.22671743539661,11269.98,147.48118030572988,237.3282448337517
2024-07-26 15:40:50+00:00,AAL1347,28.71919276350636,-83.2250438017004,11269.98,147.58602717699304,237.05208867345357
2024-07-26 15:40:51+00:00,AAL1347,28.71737722623146,-83.22375129250918,11269.98,147.58602717699304,237.05208867345357
2024-07-26 15:40:52+00:00,AAL1347,28.71630652476165,-83.2229434742647,11269.98,147.58602717699304,237.05208867345357
2024-07-26 15:40:53+00:00,AAL1347,28.713606494968214,-83.22100471047793,11269.98,147.58602717699304,237.05208867345357
2024-07-26 15:40:54+00:00,AAL1347,28.711790957693324,-83.21971220128677,11269.98,147.58602717699304,237.05208867345357
2024-07-26 15:40:55+00:00,AAL1347,28.71072025622352,-83.21895823759189,11269.98,147.58602717699304,237.05208867345357
2024-07-26 15:40:56+00:00,AAL1347,28.7091064453125,-83.21779104379505,11277.6,147.58602717699304,237.05208867345357
2024-07-26 15:40:57+00:00,AAL1347,28.70713806152344,-83.21631211500903,11277.6,147.58602717699304,237.05208867345357
2024-07-26 15:40:58+00:00,AAL1347,28.70513398768538,-83.21491914636948,11277.6,147.58602717699304,237.05208867345357
2024-07-26 15:40:59+00:00,AAL1347,28.703318450410485,-83.21362663717832,11277.6,147.58602717699304,237.05208867345357
2024-07-26 15:41:00+00:00,AAL1347,28.701363256422137,-83.21217256433823,11277.6,147.58602717699304,237.05208867345357
2024-07-26 15:41:01+00:00,AAL1347,28.699722290039062,-83.21103022648737,11277.6,147.58602717699304,237.05208867345357
2024-07-26 15:41:02+00:00,AAL1347,28.69793701171875,-83.20970975435694,11277.6,147.51925363561776,236.6179571621905
2024-07-26 15:41:03+00:00,AAL1347,28.695590778932733,-83.20802576401655,11277.6,147.51925363561776,236.6179571621905
2024-07-26 15:41:04+00:00,AAL1347,28.694000244140625,-83.2068575345553,11277.6,147.51925363561776,236.6179571621905
2024-07-26 15:41:05+00:00,AAL1347,28.69219246557203,-83.20554845473345,11277.6,147.51925363561776,236.6179571621905
2024-07-26 15:41:06+00:00,AAL1347,28.690200805664062,-83.20416377140924,11277.6,147.51925363561776,236.6179571621905
2024-07-26 15:41:07+00:00,AAL1347,28.68930622682733,-83.20350198184741,11277.6,147.51925363561776,236.6179571621905
2024-07-26 15:41:08+00:00,AAL1347,28.6871337890625,-83.20194537823016,11277.6,147.51925363561776,236.6179571621905
2024-07-26 15:41:09+00:00,AAL1347,28.685348510742188,-83.20062490609973,11277.6,147.51925363561776,236.6179571621905
2024-07-26 15:41:10+00:00,AAL1347,28.683563232421875,-83.19935725285455,11277.6,147.51925363561776,236.6179571621905
2024-07-26 15:41:11+00:00,AAL1347,28.682098388671875,-83.19830087515021,11277.6,147.51925363561776,236.6179571621905
2024-07-26 15:41:12+00:00,AAL1347,28.679623361361227,-83.19650089039521,11277.6,147.51925363561776,236.6179571621905
2024-07-26 15:41:13+00:00,AAL1347,28.677807824086333,-83.19515452665439,11277.6,147.51925363561776,236.6179571621905
2024-07-26 15:41:14+00:00,AAL1347,28.67599228681144,-83.19386201746323,11277.6,147.51925363561776,236.6179571621905
2024-07-26 15:41:15+00:00,AAL1347,28.67403709282309,-83.1924617991728,11277.6,147.51925363561776,236.6179571621905
2024-07-26 15:41:16+00:00,AAL1347,28.6722215555482,-83.19116928998164,11277.6,147.51925363561776,236.6179571621905
2024-07-26 15:41:17+00:00,AAL1347,28.67045257051112,-83.18987678079043,11269.98,147.51925363561776,236.6179571621905
2024-07-26 15:41:18+00:00,AAL1347,28.668637033236227,-83.18858427159927,11269.98,147.51925363561776,236.6179571621905
2024-07-26 15:41:19+00:00,AAL1347,28.66685485839844,-83.18726172814002,11269.98,147.51925363561776,236.6179571621905
2024-07-26 15:41:20+00:00,AAL1347,28.66539001464844,-83.18625816932092,11269.98,147.51925363561776,236.6179571621905
2024-07-26 15:41:21+00:00,AAL1347,28.663604736328125,-83.18493769719049,11269.98,147.51925363561776,236.6179571621905
2024-07-26 15:41:22+00:00,AAL1347,28.66181945800781,-83.18367004394531,11269.98,147.51925363561776,236.6179571621905
2024-07-26 15:41:23+00:00,AAL1347,28.660024869239937,-83.18233714384189,11269.98,147.51925363561776,236.6179571621905
2024-07-26 15:41:24+00:00,AAL1347,28.65820933196504,-83.18104463465073,11269.98,147.51925363561776,236.6179571621905
2024-07-26 15:41:25+00:00,AAL1347,28.656440346927965,-83.17975212545957,11269.98,147.51925363561776,236.6179571621905
2024-07-26 15:41:26+00:00,AAL1347,28.655548095703125,-83.17912761981671,11269.98,147.51925363561776,236.6179571621905
2024-07-26 15:41:27+00:00,AAL1347,28.652669615664724,-83.17705939797793,11269.98,147.51925363561776,236.6179571621905
2024-07-26 15:41:28+00:00,AAL1347,28.65106201171875,-83.17585284893329,11269.98,147.51925363561776,236.6179571621905
2024-07-26 15:41:29+00:00,AAL1347,28.64923095703125,-83.17458519568811,11269.98,147.55755621627887,235.9077746024149
2024-07-26 15:41:30+00:00,AAL1347,28.647262573242188,-83.17315908578723,11269.98,147.55755621627887,235.9077746024149
2024-07-26 15:41:31+00:00,AAL1347,28.645477294921875,-83.17183861365686,11269.98,147.55755621627887,235.9077746024149
2024-07-26 15:41:32+00:00,AAL1347,28.64369201660156,-83.17057096041162,11269.98,147.55755621627887,235.9077746024149
2024-07-26 15:41:33+00:00,AAL1347,28.642055705442267,-83.16941205193018,11269.98,147.55755621627887,235.9077746024149
2024-07-26 15:41:34+00:00,AAL1347,28.64010051145392,-83.1680118336397,11269.98,147.55755621627887,235.9077746024149
2024-07-26 15:41:35+00:00,AAL1347,28.638473510742188,-83.16682081956128,11277.6,147.55755621627887,235.9077746024149
2024-07-26 15:41:36+00:00,AAL1347,28.63688840704449,-83.16564223345591,11277.6,147.55755621627887,235.9077746024149
2024-07-26 15:41:37+00:00,AAL1347,28.6350728697696,-83.1643497242647,11277.6,147.55755621627887,235.9077746024149
2024-07-26 15:41:38+00:00,AAL1347,28.63330078125,-83.16307067871094,11277.6,147.55755621627887,235.9077746024149
2024-07-26 15:41:39+00:00,AAL1347,28.631674556408896,-83.16192626953125,11277.6,147.55755621627887,235.9077746024149
2024-07-26 15:41:40+00:00,AAL1347,28.62916073556673,-83.16009521484375,11277.6,147.55755621627887,235.9077746024149
2024-07-26 15:41:41+00:00,AAL1347,28.62753295898437,-83.15895080566406,11277.6,147.55755621627887,235.9077746024149
2024-07-26 15:41:42+00:00,AAL1347,28.62576242220604,-83.15761790556064,11277.6,147.55755621627887,235.9077746024149
2024-07-26 15:41:43+00:00,AAL1347,28.6241455078125,-83.1564683180589,11277.6,147.55755621627887,235.9077746024149
2024-07-26 15:41:44+00:00,AAL1347,28.62255031779661,-83.15530215992646,11277.6,147.55755621627887,235.9077746024149
2024-07-26 15:41:45+00:00,AAL1347,28.62020874023437,-83.1536160982572,11277.6,147.55755621627887,235.9077746024149
2024-07-26 15:41:46+00:00,AAL1347,28.618240356445312,-83.15218998835638,11277.6,147.55755621627887,235.9077746024149
2024-07-26 15:41:47+00:00,AAL1347,28.61663818359375,-83.15104765050552,11277.6,147.55755621627887,235.9077746024149
2024-07-26 15:41:48+00:00,AAL1347,28.6151950642214,-83.1500244140625,11277.6,147.55755621627887,235.9077746024149
2024-07-26 15:41:49+00:00,AAL1347,28.613193317995236,-83.14862419577207,11277.6,147.55755621627887,235.9077746024149
2024-07-26 15:41:50+00:00,AAL1347,28.611602783203125,-83.14743628868689,11277.6,147.55755621627887,235.9077746024149
2024-07-26 15:41:51+00:00,AAL1347,28.60981750488281,-83.14616863544171,11277.6,147.55755621627887,235.9077746024149
2024-07-26 15:41:52+00:00,AAL1347,28.607839810646187,-83.14474666819854,11277.6,147.55755621627887,235.9077746024149
2024-07-26 15:41:53+00:00,AAL1347,28.606246948242188,-83.1435805100661,11277.6,147.55755621627887,235.9077746024149
2024-07-26 15:41:54+00:00,AAL1347,28.604441497285485,-83.14226935891543,11277.6,147.55755621627887,235.9077746024149
2024-07-26 15:41:55+00:00,AAL1347,28.602447509765625,-83.14083392803485,11277.6,147.55755621627887,235.9077746024149
2024-07-26 15:41:56+00:00,AAL1347,28.600662231445312,-83.13956627478967,11277.6,147.55755621627887,235.9077746024149
2024-07-26 15:41:57+00:00,AAL1347,28.598876953125,-83.13829862154444,11277.6,147.55755621627887,235.9077746024149
2024-07-26 15:41:58+00:00,AAL1347,28.596908569335938,-83.13687251164362,11277.6,147.55755621627887,235.9077746024149
2024-07-26 15:41:59+00:00,AAL1347,28.595489501953125,-83.13581613393927,11277.6,147.55755621627887,235.9077746024149
2024-07-26 15:42:00+00:00,AAL1347,28.593658447265625,-83.1345484806941,11277.6,147.55755621627887,235.9077746024149
2024-07-26 15:42:01+00:00,AAL1347,28.591732736361227,-83.13311408547793,11277.6,147.55755621627887,235.9077746024149
2024-07-26 15:42:02+00:00,AAL1347,28.58990478515625,-83.13180189866284,11277.6,147.55755621627887,235.9077746024149
2024-07-26 15:42:03+00:00,AAL1347,28.588119506835938,-83.13053424541766,11277.6,147.55755621627887,235.9077746024149
2024-07-26 15:42:04+00:00,AAL1347,28.586700439453125,-83.12947786771332,11277.6,147.55755621627887,235.9077746024149
2024-07-26 15:42:05+00:00,AAL1347,28.58488955740201,-83.12821332146143,11277.6,147.55755621627887,235.9077746024149
2024-07-26 15:42:06+00:00,AAL1347,28.583120572364937,-83.12692081227021,11277.6,147.55755621627887,235.9077746024149
2024-07-26 15:42:07+00:00,AAL1347,28.58148193359375,-83.12578054574817,11277.6,147.55755621627887,235.9077746024149
2024-07-26 15:42:08+00:00,AAL1347,28.579536050052965,-83.1243357938879,11277.6,147.55755621627887,235.9077746024149
2024-07-26 15:42:09+00:00,AAL1347,28.5775343038268,-83.12293557559741,11277.6,147.66312442779991,235.63220000025035
2024-07-26 15:42:10+00:00,AAL1347,28.575765318789724,-83.12164306640625,11277.6,147.55755621627887,235.9077746024149
2024-07-26 15:42:11+00:00,AAL1347,28.573623915850103,-83.12008128446689,11277.6,147.55755621627887,235.9077746024149
2024-07-26 15:42:12+00:00,AAL1347,28.57180837857521,-83.11878877527573,11277.6,147.55755621627887,235.9077746024149
2024-07-26 15:42:13+00:00,AAL1347,28.570037841796875,-83.11754079965442,11277.6,147.55755621627887,235.9077746024149
2024-07-26 15:42:14+00:00,AAL1347,28.56825256347656,-83.11622032752405,11277.6,147.55755621627887,235.9077746024149
2024-07-26 15:42:15+00:00,AAL1347,28.56678771972656,-83.1152167687049,11277.6,147.55755621627887,235.9077746024149
2024-07-26 15:42:16+00:00,AAL1347,28.56463933395127,-83.11367259306064,11277.6,147.55755621627887,235.9077746024149
2024-07-26 15:42:17+00:00,AAL1347,28.563766479492188,-83.11299837552582,11277.6,147.55755621627887,235.9077746024149
2024-07-26 15:42:18+00:00,AAL1347,28.5610548116393,-83.11108757467832,11277.6,147.55755621627887,235.9077746024149
2024-07-26 15:42:19+00:00,AAL1347,28.55928039550781,-83.10977642352765,11277.6,147.55755621627887,235.9077746024149
2024-07-26 15:42:20+00:00,AAL1347,28.5574951171875,-83.10850877028247,11269.98,147.55755621627887,235.9077746024149
2024-07-26 15:42:21+00:00,AAL1347,28.55588751324152,-83.10731775620405,11269.98,147.55755621627887,235.9077746024149
2024-07-26 15:42:22+00:00,AAL1347,28.554244995117188,-83.10618473933295,11269.98,147.55755621627887,235.9077746024149
2024-07-26 15:42:23+00:00,AAL1347,28.552276611328125,-83.10475862943207,11269.98,147.55755621627887,235.9077746024149
2024-07-26 15:42:24+00:00,AAL1347,28.550857543945312,-83.10370225172778,11277.6,147.66312442779991,235.63220000025035
2024-07-26 15:42:25+00:00,AAL1347,28.548904677568856,-83.10230928308823,11277.6,147.66312442779991,235.63220000025035
2024-07-26 15:42:26+00:00,AAL1347,28.547275349245236,-83.10117833754595,11277.6,147.66312442779991,235.63220000025035
2024-07-26 15:42:27+00:00,AAL1347,28.545318603515625,-83.09974083533655,11277.6,147.66312442779991,235.63220000025035
2024-07-26 15:42:28+00:00,AAL1347,28.543853759765625,-83.0987372765174,11277.6,147.66312442779991,235.63220000025035
2024-07-26 15:42:29+00:00,AAL1347,28.541921841896187,-83.09730080997241,11277.6,147.66312442779991,235.63220000025035
2024-07-26 15:42:30+00:00,AAL1347,28.539594230005296,-83.09563131893384,11277.6,147.66312442779991,235.63220000025035
2024-07-26 15:42:31+00:00,AAL1347,28.538151110632946,-83.09460808249082,11277.6,147.59609008999965,235.19769810658408
2024-07-26 15:42:32+00:00,AAL1347,28.536163330078125,-83.0931912935697,11277.6,147.59609008999965,235.19769810658408
2024-07-26 15:42:33+00:00,AAL1347,28.53419417041843,-83.0917537913603,11277.6,147.4904057179092,235.4737812061921
2024-07-26 15:42:34+00:00,AAL1347,28.53240966796875,-83.09044471153845,11277.6,147.4904057179092,235.4737812061921
2024-07-26 15:42:35+00:00,AAL1347,28.53062438964844,-83.08917705829327,11277.6,147.4904057179092,235.4737812061921
2024-07-26 15:42:36+00:00,AAL1347,28.52972515558792,-83.08852251838238,11277.6,147.4904057179092,235.4737812061921
2024-07-26 15:42:37+00:00,AAL1347,28.52792358398437,-83.08727557842548,11277.6,147.59609008999965,235.19769810658408
2024-07-26 15:42:38+00:00,AAL1347,28.525256140757413,-83.08534509995405,11277.6,147.59609008999965,235.19769810658408
2024-07-26 15:42:39+00:00,AAL1347,28.52330017089844,-83.08389516977161,11269.98,147.59609008999965,235.19769810658408
2024-07-26 15:42:40+00:00,AAL1347,28.52167161844544,-83.08276008157168,11269.98,147.59609008999965,235.19769810658408
2024-07-26 15:42:41+00:00,AAL1347,28.51986694335937,-83.0814655010517,11277.6,147.59609008999965,235.19769810658408
2024-07-26 15:42:42+00:00,AAL1347,28.518081665039062,-83.08014502892127,11269.98,147.59609008999965,235.19769810658408
2024-07-26 15:42:43+00:00,AAL1347,28.51650432004767,-83.07899026309741,11269.98,147.59609008999965,235.19769810658408
2024-07-26 15:42:44+00:00,AAL1347,28.514877319335938,-83.07787381685694,11269.98,147.59609008999965,235.19769810658408
2024-07-26 15:42:45+00:00,AAL1347,28.513106006686968,-83.07656680836396,11269.98,147.59609008999965,235.19769810658408
2024-07-26 15:42:46+00:00,AAL1347,28.511290469412074,-83.0752742991728,11269.98,147.59609008999965,235.19769810658408
2024-07-26 15:42:47+00:00,AAL1347,28.509847350039724,-83.07425106272979,11269.98,147.59609008999965,235.19769810658408
2024-07-26 15:42:48+00:00,AAL1347,28.508056640625,-83.07296166053186,11269.98,147.59609008999965,235.19769810658408
2024-07-26 15:42:49+00:00,AAL1347,28.506271362304688,-83.07169400728662,11277.6,147.59609008999965,235.19769810658408
2024-07-26 15:42:50+00:00,AAL1347,28.50448608398437,-83.07037353515625,11277.6,147.59609008999965,235.19769810658408
2024-07-26 15:42:51+00:00,AAL1347,28.502700805664062,-83.06910588191107,11277.6,147.59609008999965,235.19769810658408
2024-07-26 15:42:52+00:00,AAL1347,28.50021103681144,-83.0673038258272,11277.6,147.59609008999965,235.19769810658408
2024-07-26 15:42:53+00:00,AAL1347,28.498580932617188,-83.06614802433893,11277.6,147.59609008999965,235.19769810658408
2024-07-26 15:42:54+00:00,AAL1347,28.49699893240201,-83.06498808019302,11277.6,147.59609008999965,235.19769810658408
2024-07-26 15:42:55+00:00,AAL1347,28.495376586914062,-83.0638239933894,11277.6,147.59609008999965,235.19769810658408
2024-07-26 15:42:56+00:00,AAL1347,28.493408203125,-83.06245070237378,11277.6,147.59609008999965,235.19769810658408
2024-07-26 15:42:57+00:00,AAL1347,28.49178508176642,-83.06127211626841,11277.6,147.59609008999965,235.19769810658408
2024-07-26 15:42:58+00:00,AAL1347,28.48983764648437,-83.05986257699817,11277.6,147.59609008999965,235.19769810658408
2024-07-26 15:42:59+00:00,AAL1347,28.487874693789724,-83.0584716796875,11277.6,147.59609008999965,235.19769810658408
2024-07-26 15:43:00+00:00,AAL1347,28.486083984375,-83.05716881385217,11277.6,147.59609008999965,235.19769810658408
2024-07-26 15:43:01+00:00,AAL1347,28.484103962526483,-83.05572509765625,11277.6,147.59609008999965,235.19769810658408
2024-07-26 15:43:02+00:00,AAL1347,28.482334977489405,-83.0544864430147,11277.6,147.59609008999965,235.19769810658408
2024-07-26 15:43:03+00:00,AAL1347,28.481414794921875,-83.0538412240835,11277.6,147.59609008999965,235.19769810658408
2024-07-26 15:43:04+00:00,AAL1347,28.47962951660156,-83.05252075195312,11277.6,147.59609008999965,235.19769810658408
2024-07-26 15:43:05+00:00,AAL1347,28.477865962658896,-83.05125517003677,11277.6,147.59609008999965,235.19769810658408
2024-07-26 15:43:06+00:00,AAL1347,28.47518920898437,-83.0492987999549,11277.6,147.59609008999965,235.19769810658408
2024-07-26 15:43:07+00:00,AAL1347,28.474090576171875,-83.04855933556189,11277.6,147.59609008999965,235.19769810658408
2024-07-26 15:43:08+00:00,AAL1347,28.47232624635858,-83.04726993336396,11277.6,147.59609008999965,235.19769810658408
2024-07-26 15:43:09+00:00,AAL1347,28.470703125,-83.04612966684192,11277.6,147.59609008999965,235.19769810658408
2024-07-26 15:43:10+00:00,AAL1347,28.46786499023437,-83.04406973031848,11277.6,147.59609008999965,235.19769810658408
2024-07-26 15:43:11+00:00,AAL1347,28.46697273900953,-83.04339240579043,11277.6,147.59609008999965,235.19769810658408
2024-07-26 15:43:12+00:00,AAL1347,28.465347290039062,-83.04227388822113,11277.6,147.59609008999965,235.19769810658408
2024-07-26 15:43:13+00:00,AAL1347,28.46320200774629,-83.04069967830884,11277.6,147.59609008999965,235.19769810658408
2024-07-26 15:43:14+00:00,AAL1347,28.461227416992188,-83.03931603064905,11277.6,147.59609008999965,235.19769810658408
2024-07-26 15:43:15+00:00,AAL1347,28.45961748543432,-83.03816851447613,11277.6,147.59609008999965,235.19769810658408
2024-07-26 15:43:16+00:00,AAL1347,28.458023071289062,-83.03699199969952,11277.6,147.59609008999965,235.19769810658408
2024-07-26 15:43:17+00:00,AAL1347,28.455322265625,-83.03509051983173,11277.6,147.59609008999965,235.19769810658408
2024-07-26 15:43:18+00:00,AAL1347,28.453536987304688,-83.0337700477013,11277.6,147.59609008999965,235.19769810658408
2024-07-26 15:43:19+00:00,AAL1347,28.45175170898437,-83.03250239445612,11277.6,147.59609008999965,235.19769810658408
2024-07-26 15:43:20+00:00,AAL1347,28.45101928710937,-83.03197420560394,11277.6,147.59609008999965,235.19769810658408
2024-07-26 15:43:21+00:00,AAL1347,28.44905012744968,-83.03057502297793,11277.6,147.59609008999965,235.19769810658408
2024-07-26 15:43:22+00:00,AAL1347,28.447094933461333,-83.0291748046875,11277.6,147.59609008999965,235.19769810658408
2024-07-26 15:43:23+00:00,AAL1347,28.44532594842426,-83.02788229549634,11277.6,147.59609008999965,235.19769810658408
2024-07-26 15:43:24+00:00,AAL1347,28.443374633789062,-83.02648104154144,11277.6,147.59609008999965,235.19769810658408
2024-07-26 15:43:25+00:00,AAL1347,28.441369008209744,-83.02508185891543,11277.6,147.59609008999965,235.19769810658408
2024-07-26 15:43:26+00:00,AAL1347,28.439620971679688,-83.02378727839545,11277.6,147.59609008999965,235.19769810658408
2024-07-26 15:43:27+00:00,AAL1347,28.437789916992188,-83.02246680626502,11277.6,147.59609008999965,235.19769810658408
2024-07-26 15:43:28+00:00,AAL1347,28.436004638671875,-83.02119915301984,11277.6,147.59609008999965,235.19769810658408
2024-07-26 15:43:29+00:00,AAL1347,28.43421936035156,-83.0199314997746,11277.6,147.59609008999965,235.19769810658408
2024-07-26 15:43:30+00:00,AAL1347,28.4329833984375,-83.01903357872595,11269.98,147.59609008999965,235.19769810658408
2024-07-26 15:43:31+00:00,AAL1347,28.430987859176376,-83.01759607651655,11277.6,147.59609008999965,235.19769810658408
2024-07-26 15:43:32+00:00,AAL1347,28.429412841796875,-83.01644545335034,11277.6,147.59609008999965,235.19769810658408
2024-07-26 15:43:33+00:00,AAL1347,28.42762756347656,-83.01517780010516,11277.6,147.59609008999965,235.19769810658408
2024-07-26 15:43:34+00:00,AAL1347,28.4258205607786,-83.01388011259189,11277.6,147.59609008999965,235.19769810658408
2024-07-26 15:43:35+00:00,AAL1347,28.42405157574152,-83.0126414579504,11277.6,147.59609008999965,235.19769810658408
2024-07-26 15:43:36+00:00,AAL1347,28.42172241210937,-83.01095228928784,11277.6,147.59609008999965,235.19769810658408
2024-07-26 15:43:37+00:00,AAL1347,28.419937133789062,-83.00968463604266,11277.6,147.59609008999965,235.19769810658408
2024-07-26 15:43:38+00:00,AAL1347,28.418472290039062,-83.00862825833832,11277.6,147.59609008999965,235.19769810658408
2024-07-26 15:43:39+00:00,AAL1347,28.41637045650159,-83.00709443933823,11277.6,147.59609008999965,235.19769810658408
2024-07-26 15:43:40+00:00,AAL1347,28.41455491922669,-83.00580193014707,11277.6,147.59609008999965,235.19769810658408
2024-07-26 15:43:41+00:00,AAL1347,28.41293334960937,-83.00466684194708,11277.6,147.59609008999965,235.19769810658408
2024-07-26 15:43:42+00:00,AAL1347,28.411148071289062,-83.0033991887019,11277.6,147.59609008999965,235.19769810658408
2024-07-26 15:43:43+00:00,AAL1347,28.40920141187765,-83.00197825712314,11277.6,147.59609008999965,235.19769810658408
2024-07-26 15:43:44+00:00,AAL1347,28.407572083554022,-83.00084731158091,11277.6,147.59609008999965,235.19769810658408
2024-07-26 15:43:45+00:00,AAL1347,28.40560913085937,-82.99943777231067,11277.6,147.59609008999965,235.19769810658408
2024-07-26 15:43:46+00:00,AAL1347,28.40366169557733,-82.9979930204504,11277.6,147.59609008999965,235.19769810658408
2024-07-26 15:43:47+00:00,AAL1347,28.401706501588983,-82.99659280215991,11277.6,147.59609008999965,235.19769810658408
2024-07-26 15:43:48+00:00,AAL1347,28.400802612304688,-82.99595172588641,11277.6,147.59609008999965,235.19769810658408
2024-07-26 15:43:49+00:00,AAL1347,28.39901733398437,-82.99468407264123,11277.6,147.59609008999965,235.19769810658408
2024-07-26 15:43:50+00:00,AAL1347,28.397186279296875,-82.993416419396,11277.6,147.59609008999965,235.19769810658408
2024-07-26 15:43:51+00:00,AAL1347,28.39542194948358,-82.99212287454043,11277.6,147.59609008999965,235.19769810658408
2024-07-26 15:43:52+00:00,AAL1347,28.3934326171875,-82.99072265625,11277.6,147.59609008999965,235.19769810658408
2024-07-26 15:43:53+00:00,AAL1347,28.39183742717161,-82.98953785615811,11277.6,147.59609008999965,235.19769810658408
2024-07-26 15:43:54+00:00,AAL1347,28.389862060546875,-82.98813453087439,11277.6,147.59609008999965,235.19769810658408
2024-07-26 15:43:55+00:00,AAL1347,28.38789367675781,-82.98670842097357,11277.6,147.59609008999965,235.19769810658408
2024-07-26 15:43:56+00:00,AAL1347,28.3861083984375,-82.98544076772833,11277.6,147.59609008999965,235.19769810658408
2024-07-26 15:43:57+00:00,AAL1347,28.3844821735964,-82.98431396484375,11277.6,147.59609008999965,235.19769810658408
2024-07-26 15:43:58+00:00,AAL1347,28.38289939751059,-82.98312916475186,11277.6,147.59609008999965,235.19769810658408
2024-07-26 15:43:59+00:00,AAL1347,28.381083860235695,-82.98183665556064,11277.6,147.59609008999965,235.19769810658408
2024-07-26 15:44:00+00:00,AAL1347,28.37894245729608,-82.98032872817095,11277.6,147.59609008999965,235.19769810658408
2024-07-26 15:44:01+00:00,AAL1347,28.377365112304688,-82.97915532038763,11277.6,147.59609008999965,235.19769810658408
2024-07-26 15:44:02+00:00,AAL1347,28.37521827827065,-82.97763600068936,11277.6,147.59609008999965,235.19769810658408
2024-07-26 15:44:03+00:00,AAL1347,28.37340274099576,-82.97634349149814,11277.6,147.59609008999965,235.19769810658408
2024-07-26 15:44:04+00:00,AAL1347,28.37178039550781,-82.9751939039964,11277.6,147.59609008999965,235.19769810658408
2024-07-26 15:44:05+00:00,AAL1347,28.36981821868379,-82.97375847311582,11277.6,147.59609008999965,235.19769810658408
2024-07-26 15:44:06+00:00,AAL1347,28.36837509931144,-82.9727352366728,11277.6,147.59609008999965,235.19769810658408
2024-07-26 15:44:07+00:00,AAL1347,28.366792323225635,-82.97160429113052,11277.6,147.59609008999965,235.19769810658408
2024-07-26 15:44:08+00:00,AAL1347,28.364822387695312,-82.97017610990082,11277.6,147.59609008999965,235.19769810658408
2024-07-26 15:44:09+00:00,AAL1347,28.36283538301112,-82.96875,11277.6,147.59609008999965,235.19769810658408
2024-07-26 15:44:10+00:00,AAL1347,28.36125260692532,-82.96761905445771,11277.6,147.66312442779991,235.63220000025035
2024-07-26 15:44:11+00:00,AAL1347,28.359437069650426,-82.96632654526655,11277.6,147.66312442779991,235.63220000025035
2024-07-26 15:44:12+00:00,AAL1347,28.357452392578125,-82.96489422137921,11277.6,147.66312442779991,235.63220000025035
2024-07-26 15:44:13+00:00,AAL1347,28.35585254733845,-82.96374152688418,11277.6,147.66312442779991,235.63220000025035
2024-07-26 15:44:14+00:00,AAL1347,28.3538818359375,-82.9623589148888,11277.6,147.66312442779991,235.63220000025035
2024-07-26 15:44:15+00:00,AAL1347,28.35191345214844,-82.96093280498798,11277.6,147.66312442779991,235.63220000025035
2024-07-26 15:44:16+00:00,AAL1347,28.350128173828125,-82.9596651517428,11277.6,147.66312442779991,235.63220000025035
2024-07-26 15:44:17+00:00,AAL1347,28.34849729376324,-82.95846378102021,11277.6,147.66312442779991,235.63220000025035
2024-07-26 15:44:18+00:00,AAL1347,28.346728308726163,-82.95722512637866,11277.6,147.66312442779991,235.63220000025035
2024-07-26 15:44:19+00:00,AAL1347,28.34490966796875,-82.9559150108924,11277.6,147.66312442779991,235.63220000025035
2024-07-26 15:44:20+00:00,AAL1347,28.34312438964844,-82.95464735764722,11277.6,147.66312442779991,235.63220000025035
2024-07-26 15:44:21+00:00,AAL1347,28.34151445809057,-82.95345530790439,11277.6,147.66312442779991,235.63220000025035
2024-07-26 15:44:22+00:00,AAL1347,28.33955383300781,-82.95205923227161,11269.98,147.66312442779991,235.63220000025035
2024-07-26 15:44:23+00:00,AAL1347,28.33808898925781,-82.95105567345252,11269.98,147.66312442779991,235.63220000025035
2024-07-26 15:44:24+00:00,AAL1347,28.335974741790253,-82.94947007123164,11277.6,147.66312442779991,235.63220000025035
2024-07-26 15:44:25+00:00,AAL1347,28.33415920451536,-82.94823141659009,11277.6,147.66312442779991,235.63220000025035
2024-07-26 15:44:26+00:00,AAL1347,28.33271608514301,-82.94715432559741,11269.98,147.66312442779991,235.63220000025035
2024-07-26 15:44:27+00:00,AAL1347,28.33094710010593,-82.94591567095591,11277.6,147.66312442779991,235.63220000025035
2024-07-26 15:44:28+00:00,AAL1347,28.32916259765625,-82.94461176945612,11277.6,147.66312442779991,235.63220000025035
2024-07-26 15:44:29+00:00,AAL1347,28.32701110839844,-82.94308002178485,11277.6,147.66312442779991,235.63220000025035
2024-07-26 15:44:30+00:00,AAL1347,28.3253608315678,-82.94193043428311,11277.6,147.55755621627887,235.9077746024149
2024-07-26 15:44:31+00:00,AAL1347,28.32359184653072,-82.94063792509189,11277.6,147.55755621627887,235.9077746024149
2024-07-26 15:44:32+00:00,AAL1347,28.32142639160156,-82.93906578650842,11277.6,147.55755621627887,235.9077746024149
2024-07-26 15:44:33+00:00,AAL1347,28.32037353515625,-82.93832632211536,11277.6,147.55755621627887,235.9077746024149
2024-07-26 15:44:34+00:00,AAL1347,28.31767971232786,-82.93638341567095,11277.6,147.55755621627887,235.9077746024149
2024-07-26 15:44:35+00:00,AAL1347,28.31660901085805,-82.93562945197613,11277.6,147.55755621627887,235.9077746024149
2024-07-26 15:44:36+00:00,AAL1347,28.31410217285156,-82.93383671687201,11277.6,147.55755621627887,235.9077746024149
2024-07-26 15:44:37+00:00,AAL1347,28.312271118164062,-82.93251624474158,11269.98,147.66312442779991,235.63220000025035
2024-07-26 15:44:38+00:00,AAL1347,28.311395160222457,-82.93185963350186,11269.98,147.66312442779991,235.63220000025035
2024-07-26 15:44:39+00:00,AAL1347,28.30943298339844,-82.93045630821814,11277.6,147.66312442779991,235.63220000025035
2024-07-26 15:44:40+00:00,AAL1347,28.307601928710938,-82.92918865497296,11277.6,147.55755621627887,235.9077746024149
2024-07-26 15:44:41+00:00,AAL1347,28.3054830260196,-82.92765897863052,11277.6,147.55755621627887,235.9077746024149
2024-07-26 15:44:42+00:00,AAL1347,28.30384826660156,-82.9264948918269,11277.6,147.55755621627887,235.9077746024149
2024-07-26 15:44:43+00:00,AAL1347,28.301898503707623,-82.92507396024814,11269.98,147.55755621627887,235.9077746024149
2024-07-26 15:44:44+00:00,AAL1347,28.299728393554688,-82.92353703425482,11277.6,147.55755621627887,235.9077746024149
2024-07-26 15:44:45+00:00,AAL1347,28.298127772444385,-82.92238123276655,11277.6,147.55755621627887,235.9077746024149
2024-07-26 15:44:46+00:00,AAL1347,28.296157836914062,-82.92094890887921,11277.6,147.55755621627887,235.9077746024149
2024-07-26 15:44:47+00:00,AAL1347,28.294543250132413,-82.91979621438418,11277.6,147.55755621627887,235.9077746024149
2024-07-26 15:44:48+00:00,AAL1347,28.29254150390625,-82.91839599609375,11277.6,147.55755621627887,235.9077746024149
2024-07-26 15:44:49+00:00,AAL1347,28.29147080243644,-82.91764203239893,11277.6,147.55755621627887,235.9077746024149
2024-07-26 15:44:50+00:00,AAL1347,28.28895698159428,-82.91581097771143,11277.6,147.66312442779991,235.63220000025035
2024-07-26 15:44:51+00:00,AAL1347,28.28825869802701,-82.9153262867647,11277.6,147.66312442779991,235.63220000025035
2024-07-26 15:44:52+00:00,AAL1347,28.28627014160156,-82.9138711782602,11277.6,147.66312442779991,235.63220000025035
2024-07-26 15:44:53+00:00,AAL1347,28.2835693359375,-82.9119696983924,11277.6,147.66312442779991,235.63220000025035
2024-07-26 15:44:54+00:00,AAL1347,28.281784057617188,-82.91070204514722,11277.6,147.66312442779991,235.63220000025035
2024-07-26 15:44:55+00:00,AAL1347,28.280158608646715,-82.90950999540439,11277.6,147.72991190917466,236.0670232466585
2024-07-26 15:44:56+00:00,AAL1347,28.27838962360964,-82.90821748621323,11277.6,147.72991190917466,236.0670232466585
2024-07-26 15:44:57+00:00,AAL1347,28.27674865722656,-82.90711036095252,11277.6,147.72991190917466,236.0670232466585
2024-07-26 15:44:58+00:00,AAL1347,28.27494475801112,-82.90579403147979,11277.6,147.72991190917466,236.0670232466585
2024-07-26 15:44:59+00:00,AAL1347,28.27317577297405,-82.90450152228863,11277.6,147.72991190917466,236.0670232466585
2024-07-26 15:45:00+00:00,AAL1347,28.271530151367188,-82.90336022010217,11277.6,147.72991190917466,236.0670232466585
2024-07-26 15:45:01+00:00,AAL1347,28.269744873046875,-82.90209256685694,11277.6,147.72991190917466,236.0670232466585
2024-07-26 15:45:02+00:00,AAL1347,28.26796192233845,-82.90078555836396,11277.6,147.72991190917466,236.0670232466585
2024-07-26 15:45:03+00:00,AAL1347,28.26614638506356,-82.8994930491728,11277.6,147.72991190917466,236.0670232466585
2024-07-26 15:45:04+00:00,AAL1347,28.264377400026483,-82.89825439453125,11277.6,147.72991190917466,236.0670232466585
2024-07-26 15:45:05+00:00,AAL1347,28.26256186275159,-82.89696188534009,11277.6,147.72991190917466,236.0670232466585
2024-07-26 15:45:06+00:00,AAL1347,28.260772705078125,-82.89564866286054,11277.6,147.72991190917466,236.0670232466585
2024-07-26 15:45:07+00:00,AAL1347,28.259163549390887,-82.89453843060664,11277.6,147.72991190917466,236.0670232466585
2024-07-26 15:45:08+00:00,AAL1347,28.257348012115997,-82.89324592141543,11277.6,147.72991190917466,236.0670232466585
2024-07-26 15:45:09+00:00,AAL1347,28.2557373046875,-82.89205697866583,11277.6,147.72991190917466,236.0670232466585
2024-07-26 15:45:10+00:00,AAL1347,28.253577280852756,-82.89055319393384,11277.6,147.72991190917466,236.0670232466585
2024-07-26 15:45:11+00:00,AAL1347,28.251937866210938,-82.88936321551984,11277.6,147.72991190917466,236.0670232466585
2024-07-26 15:45:12+00:00,AAL1347,28.24962034063824,-82.88769890280332,11277.6,147.72991190917466,236.0670232466585
2024-07-26 15:45:13+00:00,AAL1347,28.24800109863281,-82.88656381460333,11277.6,147.72991190917466,236.0670232466585
2024-07-26 15:45:14+00:00,AAL1347,28.2462158203125,-82.88529616135816,11277.6,147.72991190917466,236.0670232466585
2024-07-26 15:45:15+00:00,AAL1347,28.24440649000265,-82.88398293887866,11277.6,147.72991190917466,236.0670232466585
2024-07-26 15:45:16+00:00,AAL1347,28.242416381835938,-82.8826023982121,11277.6,147.62446000678798,236.3420908459688
2024-07-26 15:45:17+00:00,AAL1347,28.240631103515625,-82.88128192608173,11277.6,147.62446000678798,236.3420908459688
2024-07-26 15:45:18+00:00,AAL1347,28.23863401251324,-82.87988999310664,11277.6,147.62446000678798,236.3420908459688
2024-07-26 15:45:19+00:00,AAL1347,28.237564086914062,-82.87911635178784,11277.6,147.62446000678798,236.3420908459688
2024-07-26 15:45:20+00:00,AAL1347,28.235608117055083,-82.87768195657168,11277.6,147.62446000678798,236.3420908459688
2024-07-26 15:45:21+00:00,AAL1347,28.23379257978019,-82.87638944738052,11277.6,147.62446000678798,236.3420908459688
2024-07-26 15:45:22+00:00,AAL1347,28.23202359474311,-82.87515079273896,11277.6,147.62446000678798,236.3420908459688
2024-07-26 15:45:23+00:00,AAL1347,28.230194091796875,-82.87383446326623,11277.6,147.62446000678798,236.3420908459688
2024-07-26 15:45:24+00:00,AAL1347,28.22767639160156,-82.87203862116888,11277.6,147.62446000678798,236.3420908459688
2024-07-26 15:45:25+00:00,AAL1347,28.22606490830244,-82.87089628331802,11277.6,147.62446000678798,236.3420908459688
2024-07-26 15:45:26+00:00,AAL1347,28.22515869140625,-82.87024277907148,11277.6,147.62446000678798,236.3420908459688
2024-07-26 15:45:27+00:00,AAL1347,28.22299246060646,-82.86868824678311,11277.6,147.62446000678798,236.3420908459688
2024-07-26 15:45:28+00:00,AAL1347,28.221223475569385,-82.86739573759189,11277.6,147.62446000678798,236.3420908459688
2024-07-26 15:45:29+00:00,AAL1347,28.219035520391948,-82.8658878102022,11277.6,147.62446000678798,236.3420908459688
2024-07-26 15:45:30+00:00,AAL1347,28.21723937988281,-82.86459115835333,11277.6,147.62446000678798,236.3420908459688
2024-07-26 15:45:31+00:00,AAL1347,28.2161865234375,-82.86379887507513,11277.6,147.62446000678798,236.3420908459688
2024-07-26 15:45:32+00:00,AAL1347,28.21349580409163,-82.86190257352939,11277.6,147.62446000678798,236.3420908459688
2024-07-26 15:45:33+00:00,AAL1347,28.212570190429688,-82.86126356858472,11277.6,147.62446000678798,236.3420908459688
2024-07-26 15:45:34+00:00,AAL1347,28.210601806640625,-82.8598374586839,11277.6,147.62446000678798,236.3420908459688
2024-07-26 15:45:35+00:00,AAL1347,28.208980237023304,-82.85867130055146,11277.6,147.62446000678798,236.3420908459688
2024-07-26 15:45:36+00:00,AAL1347,28.206298828125,-82.85672114445612,11277.6,147.62446000678798,236.3420908459688
2024-07-26 15:45:37+00:00,AAL1347,28.20465087890625,-82.85560159122241,11277.6,147.62446000678798,236.3420908459688
2024-07-26 15:45:38+00:00,AAL1347,28.20288189386917,-82.85430908203125,11277.6,147.69111826508822,236.7767281602709
2024-07-26 15:45:39+00:00,AAL1347,28.200714111328125,-82.85275972806488,11277.6,147.69111826508822,236.7767281602709
2024-07-26 15:45:40+00:00,AAL1347,28.1998094461732,-82.85210104549634,11277.6,147.69111826508822,236.7767281602709
2024-07-26 15:45:41+00:00,AAL1347,28.19762149099576,-82.85059311810664,11277.6,147.69111826508822,236.7767281602709
2024-07-26 15:45:42+00:00,AAL1347,28.19599914550781,-82.84943213829627,11277.6,147.69111826508822,236.7767281602709
2024-07-26 15:45:43+00:00,AAL1347,28.194223177635063,-82.84811580882354,11277.6,147.69111826508822,236.7767281602709
2024-07-26 15:45:44+00:00,AAL1347,28.19240764036017,-82.84687715418198,11277.6,147.79645371470616,236.50216607333024
2024-07-26 15:45:45+00:00,AAL1347,28.190592103085272,-82.84558464499082,11277.6,147.79645371470616,236.50216607333024
2024-07-26 15:45:46+00:00,AAL1347,28.188995361328125,-82.84441434420069,11277.6,147.79645371470616,236.50216607333024
2024-07-26 15:45:47+00:00,AAL1347,28.18719378972457,-82.84316119025738,11277.6,147.79645371470616,236.50216607333024
2024-07-26 15:45:48+00:00,AAL1347,28.18537825244968,-82.84186868106616,11277.6,147.79645371470616,236.50216607333024
2024-07-26 15:45:49+00:00,AAL1347,28.18341064453125,-82.84045292780951,11277.6,147.79645371470616,236.50216607333024
2024-07-26 15:45:50+00:00,AAL1347,28.18142131223517,-82.83901438993564,11277.6,147.79645371470616,236.50216607333024
2024-07-26 15:45:51+00:00,AAL1347,28.179611206054688,-82.83775916466345,11277.6,147.79645371470616,236.50216607333024
2024-07-26 15:45:52+00:00,AAL1347,28.17782592773437,-82.83643869253302,11277.6,147.69111826508822,236.7767281602709
2024-07-26 15:45:53+00:00,AAL1347,28.176040649414062,-82.83517103928784,11277.6,147.69111826508822,236.7767281602709
2024-07-26 15:45:54+00:00,AAL1347,28.17439192432468,-82.83400591681988,11277.6,147.69111826508822,236.7767281602709
2024-07-26 15:45:55+00:00,AAL1347,28.172607421875,-82.83274137056787,11277.6,147.69111826508822,236.7767281602709
2024-07-26 15:45:56+00:00,AAL1347,28.170993610963983,-82.83158246208643,11277.6,147.69111826508822,236.7767281602709
2024-07-26 15:45:57+00:00,AAL1347,28.168479790121825,-82.82980526194854,11277.6,147.69111826508822,236.7767281602709
2024-07-26 15:45:58+00:00,AAL1347,28.16757202148437,-82.82914968637317,11277.6,147.69111826508822,236.7767281602709
2024-07-26 15:45:59+00:00,AAL1347,28.164871215820312,-82.82719538762018,11277.6,147.69111826508822,236.7767281602709
2024-07-26 15:46:00+00:00,AAL1347,28.16304016113281,-82.825927734375,11277.6,147.69111826508822,236.7767281602709
2024-07-26 15:46:01+00:00,AAL1347,28.161450402211333,-82.82479678883271,11277.6,147.69111826508822,236.7767281602709
2024-07-26 15:46:02+00:00,AAL1347,28.159469604492188,-82.82333960899939,11277.6,147.69111826508822,236.7767281602709
2024-07-26 15:46:03+00:00,AAL1347,28.15782165527344,-82.82223041240985,11277.6,147.69111826508822,236.7767281602709
2024-07-26 15:46:04+00:00,AAL1347,28.1558641336732,-82.82081155215991,11277.6,147.69111826508822,236.7767281602709
2024-07-26 15:46:05+00:00,AAL1347,28.15425109863281,-82.81964228703424,11277.6,147.69111826508822,236.7767281602709
2024-07-26 15:46:06+00:00,AAL1347,28.15241926807468,-82.81833424287686,11277.6,147.69111826508822,236.7767281602709
2024-07-26 15:46:07+00:00,AAL1347,28.15045166015625,-82.81694852388819,11277.6,147.69111826508822,236.7767281602709
2024-07-26 15:46:08+00:00,AAL1347,28.149533029329977,-82.81628776999082,11277.6,147.69111826508822,236.7767281602709
2024-07-26 15:46:09+00:00,AAL1347,28.147019208487816,-82.81451056985293,11277.6,147.69111826508822,236.7767281602709
2024-07-26 15:46:10+00:00,AAL1347,28.14520367121292,-82.81321806066177,11277.6,147.69111826508822,236.7767281602709
2024-07-26 15:46:11+00:00,AAL1347,28.14324847722457,-82.81181784237134,11277.6,147.69111826508822,236.7767281602709
2024-07-26 15:46:12+00:00,AAL1347,28.141616821289062,-82.81066307654748,11277.6,147.69111826508822,236.7767281602709
2024-07-26 15:46:13+00:00,AAL1347,28.13983154296875,-82.80934260441705,11277.6,147.69111826508822,236.7767281602709
2024-07-26 15:46:14+00:00,AAL1347,28.13800048828125,-82.80807495117188,11277.6,147.69111826508822,236.7767281602709
2024-07-26 15:46:15+00:00,AAL1347,28.13621908931409,-82.80680936925552,11277.6,147.69111826508822,236.7767281602709
2024-07-26 15:46:16+00:00,AAL1347,28.134403552039192,-82.80551686006436,11277.6,147.69111826508822,236.7767281602709
2024-07-26 15:46:17+00:00,AAL1347,28.13296043266684,-82.80449362362134,11277.6,147.69111826508822,236.7767281602709
2024-07-26 15:46:18+00:00,AAL1347,28.131144895391948,-82.80320111443018,11277.6,147.69111826508822,236.7767281602709
2024-07-26 15:46:19+00:00,AAL1347,28.12953186035156,-82.8020535982572,11277.6,147.69111826508822,236.7767281602709
2024-07-26 15:46:20+00:00,AAL1347,28.1275634765625,-82.80062748835638,11277.6,147.69111826508822,236.7767281602709
2024-07-26 15:46:21+00:00,AAL1347,28.12593104475636,-82.79948515050552,11277.6,147.69111826508822,236.7767281602709
2024-07-26 15:46:22+00:00,AAL1347,28.123947143554688,-82.79803936298077,11277.6,147.69111826508822,236.7767281602709
2024-07-26 15:46:23+00:00,AAL1347,28.12216186523437,-82.79677170973554,11277.6,147.69111826508822,236.7767281602709
2024-07-26 15:46:24+00:00,AAL1347,28.120193481445312,-82.79534559983472,11277.6,147.69111826508822,236.7767281602709
2024-07-26 15:46:25+00:00,AAL1347,28.118529238943324,-82.79420740464155,11277.6,147.69111826508822,236.7767281602709
2024-07-26 15:46:26+00:00,AAL1347,28.11676025390625,-82.7929148954504,11277.6,147.69111826508822,236.7767281602709
2024-07-26 15:46:27+00:00,AAL1347,28.114425659179688,-82.79122572678784,11277.6,147.69111826508822,236.7767281602709
2024-07-26 15:46:28+00:00,AAL1347,28.11280331369173,-82.79006060431988,11277.6,147.69111826508822,236.7767281602709
2024-07-26 15:46:29+00:00,AAL1347,28.11117553710937,-82.78890169583832,11277.6,147.69111826508822,236.7767281602709
2024-07-26 15:46:30+00:00,AAL1347,28.109358448093214,-82.78763714958643,11277.6,147.69111826508822,236.7767281602709
2024-07-26 15:46:31+00:00,AAL1347,28.107542910818324,-82.78634464039521,11277.6,147.69111826508822,236.7767281602709
2024-07-26 15:46:32+00:00,AAL1347,28.10572737354343,-82.78505213120405,11277.6,147.69111826508822,236.7767281602709
2024-07-26 15:46:33+00:00,AAL1347,28.10428425417108,-82.78402889476104,11277.6,147.69111826508822,236.7767281602709
2024-07-26 15:46:34+00:00,AAL1347,28.102329060182733,-82.78262867647061,11277.6,147.69111826508822,236.7767281602709
2024-07-26 15:46:35+00:00,AAL1347,28.10069274902344,-82.78145423302283,11277.6,147.69111826508822,236.7767281602709
2024-07-26 15:46:36+00:00,AAL1347,28.09874453787076,-82.78004365808823,11277.6,147.69111826508822,236.7767281602709
2024-07-26 15:46:37+00:00,AAL1347,28.096929000595868,-82.77875114889707,11277.6,147.69111826508822,236.7767281602709
2024-07-26 15:46:38+00:00,AAL1347,28.0949272543697,-82.77735093060664,11277.6,147.69111826508822,236.7767281602709
2024-07-26 15:46:39+00:00,AAL1347,28.093158269332623,-82.77605842141543,11277.6,147.69111826508822,236.7767281602709
2024-07-26 15:46:40+00:00,AAL1347,28.091342732057733,-82.77476591222427,11277.6,147.69111826508822,236.7767281602709
2024-07-26 15:46:41+00:00,AAL1347,28.08934098583157,-82.77336569393384,11277.6,147.69111826508822,236.7767281602709
2024-07-26 15:46:42+00:00,AAL1347,28.08773803710937,-82.77221092810998,11269.98,147.69111826508822,236.7767281602709
2024-07-26 15:46:43+00:00,AAL1347,28.0857564635196,-82.77078067555146,11277.6,147.69111826508822,236.7767281602709
2024-07-26 15:46:44+00:00,AAL1347,28.08412170410156,-82.76962280273438,11277.6,147.69111826508822,236.7767281602709
2024-07-26 15:46:45+00:00,AAL1347,28.082171941207623,-82.76819565716914,11277.6,147.69111826508822,236.7767281602709
2024-07-26 15:46:46+00:00,AAL1347,28.080368041992188,-82.76692903958832,11277.6,147.69111826508822,236.7767281602709
2024-07-26 15:46:47+00:00,AAL1347,28.07872707560911,-82.76577220243564,11277.6,147.69111826508822,236.7767281602709
2024-07-26 15:46:48+00:00,AAL1347,28.07728395623676,-82.76474896599268,11277.6,147.69111826508822,236.7767281602709
2024-07-26 15:46:49+00:00,AAL1347,28.075103759765625,-82.76317889873798,11277.6,147.69111826508822,236.7767281602709
2024-07-26 15:46:50+00:00,AAL1347,28.073318481445312,-82.7619112454928,11277.6,147.69111826508822,236.7767281602709
2024-07-26 15:46:51+00:00,AAL1347,28.07169768769862,-82.76076372931988,11277.6,147.69111826508822,236.7767281602709
2024-07-26 15:46:52+00:00,AAL1347,28.069882150423727,-82.75947122012866,11277.6,147.69111826508822,236.7767281602709
2024-07-26 15:46:53+00:00,AAL1347,28.068066613148837,-82.7581787109375,11277.6,147.69111826508822,236.7767281602709
2024-07-26 15:46:54+00:00,AAL1347,28.06626892089844,-82.75689345139722,11277.6,147.69111826508822,236.7767281602709
2024-07-26 15:46:55+00:00,AAL1347,28.064483642578125,-82.75562579815204,11277.6,147.69111826508822,236.7767281602709
2024-07-26 15:46:56+00:00,AAL1347,28.06269836425781,-82.75435814490686,11277.6,147.69111826508822,236.7767281602709
2024-07-26 15:46:57+00:00,AAL1347,28.06068420410156,-82.75293203500598,11277.6,147.69111826508822,236.7767281602709
2024-07-26 15:46:58+00:00,AAL1347,28.05889892578125,-82.7516643817608,11277.6,147.69111826508822,236.7767281602709
2024-07-26 15:46:59+00:00,AAL1347,28.057113647460938,-82.75034390963037,11277.6,147.69111826508822,236.7767281602709
2024-07-26 15:47:00+00:00,AAL1347,28.055648803710938,-82.74934035081128,11277.6,147.75753216087668,237.2116847804504
2024-07-26 15:47:01+00:00,AAL1347,28.05349576271186,-82.74778478285845,11277.6,147.86275101895822,236.9376267195103
2024-07-26 15:47:02+00:00,AAL1347,28.05205264333951,-82.74681540096509,11277.6,148.03414929220696,237.1006485085642
2024-07-26 15:47:03+00:00,AAL1347,28.04949227025953,-82.7450382008272,11277.6,148.27064387640368,237.70319100777283
2024-07-26 15:47:04+00:00,AAL1347,28.04767673298464,-82.74379954618564,11277.6,148.61152345265828,238.04141617330464
2024-07-26 15:47:05+00:00,AAL1347,28.04672241210937,-82.74321336012616,11277.6,149.05747198844938,238.12311889078603
2024-07-26 15:47:06+00:00,AAL1347,28.044708251953125,-82.74189288799579,11277.6,149.50308763622343,238.2192365345753
2024-07-26 15:47:07+00:00,AAL1347,28.04283142089844,-82.7406780536358,11277.6,150.0554826485334,238.07254432425432
2024-07-26 15:47:08+00:00,AAL1347,28.04022216796875,-82.7390406681941,11277.6,150.6691869886725,238.39636919175243
2024-07-26 15:47:09+00:00,AAL1347,28.038345336914062,-82.73787865271936,11277.6,151.1134182330893,238.54452644273692
2024-07-26 15:47:10+00:00,AAL1347,28.03645764367055,-82.73679845473345,11277.6,151.6657575168754,238.462413194779
2024-07-26 15:47:11+00:00,AAL1347,28.03550720214844,-82.73624126727765,11277.6,152.10915010311862,238.6426923480933
2024-07-26 15:47:12+00:00,AAL1347,28.033431748212397,-82.73502125459561,11277.6,152.604633336664,238.1436791047653
2024-07-26 15:47:13+00:00,AAL1347,28.031707763671875,-82.73407569298377,11277.6,153.04782106877107,238.3541802528246
2024-07-26 15:47:14+00:00,AAL1347,28.029428255760063,-82.73281321806064,11277.6,153.04782106877107,238.3541802528246
2024-07-26 15:47:15+00:00,AAL1347,28.026901245117188,-82.73143474872296,11277.6,153.04782106877107,238.3541802528246
2024-07-26 15:47:16+00:00,AAL1347,28.024978637695312,-82.73043118990381,11277.6,154.4835983929519,238.8488756288907
2024-07-26 15:47:17+00:00,AAL1347,28.02319025589248,-82.72952809053311,11277.6,154.9831065219,238.435775798178
2024-07-26 15:47:18+00:00,AAL1347,28.021270751953125,-82.72852971003607,11277.6,155.42320345054202,238.7225263558977
2024-07-26 15:47:19+00:00,AAL1347,28.01951262910487,-82.72769703584561,11277.6,155.86221854061623,239.02332724519408
2024-07-26 15:47:20+00:00,AAL1347,28.01830227092161,-82.72710463579966,11277.6,156.36355046247797,238.6604355465712
2024-07-26 15:47:21+00:00,AAL1347,28.017138464976163,-82.72651223575366,11277.6,156.80140948635182,238.9912155600562
2024-07-26 15:47:22+00:00,AAL1347,28.013992309570312,-82.72509648249701,11277.6,157.30413339928745,238.66265335363136
2024-07-26 15:47:23+00:00,AAL1347,28.011978149414062,-82.7241985614483,11277.6,157.7406004320874,239.02332724519408
2024-07-26 15:47:24+00:00,AAL1347,28.00978321140095,-82.72322710822613,11277.6,158.2444454694547,238.72917798478665
2024-07-26 15:47:25+00:00,AAL1347,28.0078125,-82.72234990046576,11277.6,158.67928693363717,239.1196364266908
2024-07-26 15:47:26+00:00,AAL1347,28.00579833984375,-82.72150479830225,11277.6,159.18398075632155,238.8599557099683
2024-07-26 15:47:27+00:00,AAL1347,28.0037841796875,-82.72071251502405,11277.6,159.61696617056305,239.28006558692317
2024-07-26 15:47:28+00:00,AAL1347,28.00177001953125,-82.71986741286054,11277.6,160.122235847935,239.054881078015
2024-07-26 15:47:29+00:00,AAL1347,27.999526977539062,-82.71902231069708,11277.6,160.51208189063726,239.0194519259033
2024-07-26 15:47:30+00:00,AAL1347,27.99751281738281,-82.71823002741888,11277.6,161.05871144674757,239.31379734077083
2024-07-26 15:47:31+00:00,AAL1347,27.99567788334216,-82.7175723805147,11269.98,161.05871144674757,239.31379734077083
2024-07-26 15:47:32+00:00,AAL1347,27.99462890625,-82.71717364971454,11269.98,161.4482006670636,239.3049501276423
2024-07-26 15:47:33+00:00,AAL1347,27.991767495365465,-82.71622601677393,11269.98,162.34453749819647,239.163903495414
2024-07-26 15:47:34+00:00,AAL1347,27.989719196901483,-82.71552590762866,11269.98,162.85194210091657,239.03938147010015
2024-07-26 15:47:35+00:00,AAL1347,27.987075805664062,-82.71463834322412,11269.98,163.27718695634724,239.57409080696223
2024-07-26 15:47:36+00:00,AAL1347,27.985015869140625,-82.71400451660156,11277.6,163.7841037564434,239.4840424901697
2024-07-26 15:47:37+00:00,AAL1347,27.98315533136917,-82.71342558019302,11277.6,164.29136217098426,239.41275324901736
2024-07-26 15:47:38+00:00,AAL1347,27.9810791015625,-82.71278968224158,11277.6,164.68011593698347,239.49564570706767
2024-07-26 15:47:39+00:00,AAL1347,27.978973388671875,-82.71220867450421,11277.6,165.18751936465696,239.45751874024523
2024-07-26 15:47:40+00:00,AAL1347,27.977325439453125,-82.71173330453723,11277.6,165.5758222863909,239.5658055661232
2024-07-26 15:47:41+00:00,AAL1347,27.97542765989142,-82.71121754365811,11277.6,166.08312256669873,239.56083428407769
2024-07-26 15:47:42+00:00,AAL1347,27.972727630097985,-82.7105174345129,11277.6,166.59040413290592,239.57464314616385
2024-07-26 15:47:43+00:00,AAL1347,27.971051749536542,-82.71008659811582,11277.6,166.97773525485883,239.72262417890428
2024-07-26 15:47:44+00:00,AAL1347,27.968765258789062,-82.70956773024335,11277.6,167.45783040221173,239.2673458222248
2024-07-26 15:47:45+00:00,AAL1347,27.966024107852224,-82.70890179802393,11277.6,167.9654546492974,239.332043684963
2024-07-26 15:47:46+00:00,AAL1347,27.96434822729078,-82.70857867072613,11277.6,167.9654546492974,239.332043684963
2024-07-26 15:47:47+00:00,AAL1347,27.96285855568061,-82.70825554342832,11277.6,168.85893880818352,239.6166172001142
2024-07-26 15:47:48+00:00,AAL1347,27.959701538085938,-82.70761343149036,11277.6,169.2214633973263,239.32319714635867
2024-07-26 15:47:49+00:00,AAL1347,27.958622302039192,-82.70739387063418,11277.6,169.58486342777618,239.03938147010015
2024-07-26 15:47:50+00:00,AAL1347,27.956314086914062,-82.70692678598255,11277.6,169.94911273315506,238.76520442096617
2024-07-26 15:47:51+00:00,AAL1347,27.95420837402344,-82.70650423490082,11277.6,170.0707133160946,238.67595976322136
2024-07-26 15:47:52+00:00,AAL1347,27.9521049887447,-82.70610136144302,11277.6,170.19240432114324,238.58779097192348
2024-07-26 15:47:53+00:00,AAL1347,27.94976806640625,-82.70565913273737,11277.6,170.2933475906603,237.99360429996165
2024-07-26 15:47:54+00:00,AAL1347,27.947662353515625,-82.70523658165564,11277.6,170.17131545607063,238.08088153075437
2024-07-26 15:47:55+00:00,AAL1347,27.94573974609375,-82.70486684945911,11277.6,170.17131545607063,238.08088153075437
2024-07-26 15:47:56+00:00,AAL1347,27.943634033203125,-82.70449711726263,11277.6,170.17131545607063,238.08088153075437
2024-07-26 15:47:57+00:00,AAL1347,27.9415283203125,-82.70407456618085,11277.6,170.0493733120484,238.16923797689265
2024-07-26 15:47:58+00:00,AAL1347,27.938552856445312,-82.70347163362324,11277.6,170.0493733120484,238.16923797689265
2024-07-26 15:47:59+00:00,AAL1347,27.937301377118644,-82.7032294640174,11277.6,170.0493733120484,238.16923797689265
2024-07-26 15:48:00+00:00,AAL1347,27.934982299804688,-82.70274612138854,11277.6,170.0493733120484,238.16923797689265
2024-07-26 15:48:01+00:00,AAL1347,27.932830810546875,-82.70233154296875,11277.6,170.0493733120484,238.16923797689265
2024-07-26 15:48:02+00:00,AAL1347,27.93072509765625,-82.7019169645489,11277.6,170.0493733120484,238.16923797689265
2024-07-26 15:48:03+00:00,AAL1347,27.928436279296875,-82.70145056382665,11277.6,169.92752216256108,238.25867243771967
2024-07-26 15:48:04+00:00,AAL1347,27.926742553710938,-82.70113963001177,11277.6,169.92752216256108,238.25867243771967
2024-07-26 15:48:05+00:00,AAL1347,27.92376708984375,-82.70051776238205,11277.6,169.92752216256108,238.25867243771967
2024-07-26 15:48:06+00:00,AAL1347,27.92184603416313,-82.70016596867487,11277.6,169.92752216256108,238.25867243771967
2024-07-26 15:48:07+00:00,AAL1347,27.91973876953125,-82.69974042784492,11277.6,169.92752216256108,238.25867243771967
2024-07-26 15:48:08+00:00,AAL1347,27.917633056640625,-82.69932584942512,11277.6,169.92752216256108,238.25867243771967
2024-07-26 15:48:09+00:00,AAL1347,27.915747691009003,-82.69895113431488,11277.6,169.92752216256108,238.25867243771967
2024-07-26 15:48:10+00:00,AAL1347,27.91342007911811,-82.69847576434796,11277.6,169.92752216256108,238.25867243771967
2024-07-26 15:48:11+00:00,AAL1347,27.91127867617849,-82.69805321326623,11277.6,169.92752216256108,238.25867243771967
2024-07-26 15:48:12+00:00,AAL1347,27.90918382547669,-82.69763066218451,11277.6,169.92752216256108,238.25867243771967
2024-07-26 15:48:13+00:00,AAL1347,27.90728759765625,-82.69725295732604,11277.6,169.92752216256108,238.25867243771967
2024-07-26 15:48:14+00:00,AAL1347,27.904947571835272,-82.696785560021,11277.6,169.92752216256108,238.25867243771967
2024-07-26 15:48:15+00:00,AAL1347,27.902847290039062,-82.6963201558815,11277.6,169.92752216256108,238.25867243771967
2024-07-26 15:48:16+00:00,AAL1347,27.901153564453125,-82.6960092220666,11277.6,169.92752216256108,238.25867243771967
2024-07-26 15:48:17+00:00,AAL1347,27.8990478515625,-82.69559464364681,11277.6,169.92752216256108,238.25867243771967
2024-07-26 15:48:18+00:00,AAL1347,27.89694058693061,-82.69514817457929,11277.6,169.92752216256108,238.25867243771967
2024-07-26 15:48:19+00:00,AAL1347,27.894607543945312,-82.69471366450472,11277.6,169.92752216256108,238.25867243771967
2024-07-26 15:48:20+00:00,AAL1347,27.892704333289192,-82.69430307241583,11277.6,169.80576300678587,238.34918369974284
2024-07-26 15:48:21+00:00,AAL1347,27.89080810546875,-82.69393632996758,11277.6,169.80576300678587,238.34918369974284
2024-07-26 15:48:22+00:00,AAL1347,27.888281870696503,-82.69340515136719,11277.6,169.80576300678587,238.34918369974284
2024-07-26 15:48:23+00:00,AAL1347,27.88636779785156,-82.69305535082549,11277.6,169.80576300678587,238.34918369974284
2024-07-26 15:48:24+00:00,AAL1347,27.884262084960938,-82.69258895010319,11277.6,169.92752216256108,238.25867243771967
2024-07-26 15:48:25+00:00,AAL1347,27.881904214115465,-82.69213749812201,11277.6,169.92752216256108,238.25867243771967
2024-07-26 15:48:26+00:00,AAL1347,27.879809363413663,-82.69171494704023,11277.6,169.92752216256108,238.25867243771967
2024-07-26 15:48:27+00:00,AAL1347,27.87748175152277,-82.6912395770733,11277.6,169.92752216256108,238.25867243771967
2024-07-26 15:48:28+00:00,AAL1347,27.87538690082097,-82.69081702599158,11277.6,169.92752216256108,238.25867243771967
2024-07-26 15:48:29+00:00,AAL1347,27.87432861328125,-82.69061970260907,11277.6,169.92752216256108,238.25867243771967
2024-07-26 15:48:30+00:00,AAL1347,27.870917885990465,-82.68991910494287,11277.6,169.92752216256108,238.25867243771967
2024-07-26 15:48:31+00:00,AAL1347,27.868823035288663,-82.68949655386115,11277.6,169.92752216256108,238.25867243771967
2024-07-26 15:48:32+00:00,AAL1347,27.867985095007946,-82.6893380972055,11277.6,169.92752216256108,238.25867243771967
2024-07-26 15:48:33+00:00,AAL1347,27.865424721927965,-82.68886272723859,11277.6,169.92752216256108,238.25867243771967
2024-07-26 15:48:34+00:00,AAL1347,27.86288452148437,-82.68833952130012,11277.6,169.92752216256108,238.25867243771967
2024-07-26 15:48:35+00:00,AAL1347,27.861002259335272,-82.68796480618988,11277.6,169.92752216256108,238.25867243771967
2024-07-26 15:48:36+00:00,AAL1347,27.85886085639565,-82.68754225510816,11277.6,169.92752216256108,238.25867243771967
2024-07-26 15:48:37+00:00,AAL1347,27.856766005693856,-82.68711970402643,11277.6,169.92752216256108,238.25867243771967
2024-07-26 15:48:38+00:00,AAL1347,27.854644775390625,-82.68668120762084,11277.6,169.92752216256108,238.25867243771967
2024-07-26 15:48:39+00:00,AAL1347,27.8525390625,-82.68626662920104,11277.6,169.92752216256108,238.25867243771967
2024-07-26 15:48:40+00:00,AAL1347,27.850202140161542,-82.685799231896,11277.6,169.92752216256108,238.25867243771967
2024-07-26 15:48:41+00:00,AAL1347,27.84832763671875,-82.6854374723614,11277.6,169.92752216256108,238.25867243771967
2024-07-26 15:48:42+00:00,AAL1347,27.846176147460938,-82.6850228939416,11277.6,169.92752216256108,238.25867243771967
2024-07-26 15:48:43+00:00,AAL1347,27.843638274629235,-82.68447875976562,11277.6,169.92752216256108,238.25867243771967
2024-07-26 15:48:44+00:00,AAL1347,27.841323852539062,-82.68403827019455,11277.6,169.92752216256108,238.25867243771967
2024-07-26 15:48:45+00:00,AAL1347,27.839448573225635,-82.68363365760217,11277.6,169.92752216256108,238.25867243771967
2024-07-26 15:48:46+00:00,AAL1347,27.837307170286017,-82.68321110652045,11277.6,169.92752216256108,238.25867243771967
2024-07-26 15:48:47+00:00,AAL1347,27.835212319584212,-82.68278855543866,11277.6,169.92752216256108,238.25867243771967
2024-07-26 15:48:48+00:00,AAL1347,27.83372264797405,-82.68252446101263,11277.6,169.92752216256108,238.25867243771967
2024-07-26 15:48:49+00:00,AAL1347,27.831802368164062,-82.68212084500294,11277.6,169.92752216256108,238.25867243771967
2024-07-26 15:48:50+00:00,AAL1347,27.829486394332623,-82.68167935884912,11277.6,169.92752216256108,238.25867243771967
2024-07-26 15:48:51+00:00,AAL1347,27.826950073242188,-82.68118804355834,11277.6,169.92752216256108,238.25867243771967
2024-07-26 15:48:52+00:00,AAL1347,27.825063931739937,-82.68078143780048,11277.6,169.92752216256108,238.25867243771967
2024-07-26 15:48:53+00:00,AAL1347,27.823150634765625,-82.6804107090212,11277.6,169.92752216256108,238.25867243771967
2024-07-26 15:48:54+00:00,AAL1347,27.820408707958155,-82.67988351675177,11277.6,169.92752216256108,238.25867243771967
2024-07-26 15:48:55+00:00,AAL1347,27.81829833984375,-82.67942608527414,11277.6,169.92752216256108,238.25867243771967
2024-07-26 15:48:56+00:00,AAL1347,27.815986245365465,-82.67898559570312,11277.6,169.92752216256108,238.25867243771967
2024-07-26 15:48:57+00:00,AAL1347,27.814910888671875,-82.67875239534197,11277.6,169.92752216256108,238.25867243771967
2024-07-26 15:48:58+00:00,AAL1347,27.81280517578125,-82.67833781692218,11277.6,169.92752216256108,238.25867243771967
2024-07-26 15:48:59+00:00,AAL1347,27.810470581054688,-82.67787141619988,11277.6,169.92752216256108,238.25867243771967
2024-07-26 15:49:00+00:00,AAL1347,27.808165469412074,-82.67745384803186,11277.6,169.92752216256108,238.25867243771967
2024-07-26 15:49:01+00:00,AAL1347,27.80584716796875,-82.67699043705778,11277.6,169.92752216256108,238.25867243771967
2024-07-26 15:49:02+00:00,AAL1347,27.80392921577065,-82.67660874586835,11277.6,169.92752216256108,238.25867243771967
2024-07-26 15:49:03+00:00,AAL1347,27.802001953125,-82.67621310252065,11277.6,169.92752216256108,238.25867243771967
2024-07-26 15:49:04+00:00,AAL1347,27.799713134765625,-82.67574670179835,11277.6,169.92752216256108,238.25867243771967
2024-07-26 15:49:05+00:00,AAL1347,27.796946380097985,-82.67518263596753,11277.6,169.92752216256108,238.25867243771967
2024-07-26 15:49:06+00:00,AAL1347,27.794851529396187,-82.6747600848858,11277.6,169.92752216256108,238.25867243771967
2024-07-26 15:49:07+00:00,AAL1347,27.794013589115465,-82.67460162823016,11277.6,169.92752216256108,238.25867243771967
2024-07-26 15:49:08+00:00,AAL1347,27.791267007084212,-82.67407343937799,11277.6,169.92752216256108,238.25867243771967
2024-07-26 15:49:09+00:00,AAL1347,27.7891256041446,-82.67365088829627,11277.6,169.92752216256108,238.25867243771967
2024-07-26 15:49:10+00:00,AAL1347,27.787261962890625,-82.67325923127947,11277.6,169.92752216256108,238.25867243771967
2024-07-26 15:49:11+00:00,AAL1347,27.784935902740997,-82.67280578613281,11277.6,169.92752216256108,238.25867243771967
2024-07-26 15:49:12+00:00,AAL1347,27.78240966796875,-82.67227460753242,11277.6,169.92752216256108,238.25867243771967
2024-07-26 15:49:13+00:00,AAL1347,27.78071594238281,-82.67196367371758,11277.6,169.92752216256108,238.25867243771967
2024-07-26 15:49:14+00:00,AAL1347,27.778564453125,-82.67154909529773,11277.6,169.92752216256108,238.25867243771967
2024-07-26 15:49:15+00:00,AAL1347,27.77645874023437,-82.67113451687794,11277.6,169.92752216256108,238.25867243771967
2024-07-26 15:49:16+00:00,AAL1347,27.77435302734375,-82.67071993845815,11277.6,169.92752216256108,238.25867243771967
2024-07-26 15:49:17+00:00,AAL1347,27.772273694054554,-82.6702704796424,11277.6,169.92752216256108,238.25867243771967
2024-07-26 15:49:18+00:00,AAL1347,27.76991271972656,-82.66978713701354,11277.6,169.92752216256108,238.25867243771967
2024-07-26 15:49:19+00:00,AAL1347,27.76803744041313,-82.66942537747894,11277.6,169.92752216256108,238.25867243771967
2024-07-26 15:49:20+00:00,AAL1347,27.76636155985169,-82.66910846416766,11277.6,169.92752216256108,238.25867243771967
2024-07-26 15:49:21+00:00,AAL1347,27.763824462890625,-82.66859522405662,11277.6,169.92752216256108,238.25867243771967
2024-07-26 15:49:22+00:00,AAL1347,27.761473574880824,-82.66810490534857,11277.6,169.92752216256108,238.25867243771967
2024-07-26 15:49:23+00:00,AAL1347,27.759797694319385,-82.66778799203723,11277.6,169.92752216256108,238.25867243771967
2024-07-26 15:49:24+00:00,AAL1347,27.757702843617583,-82.6673654409555,11277.6,169.92752216256108,238.25867243771967
2024-07-26 15:49:25+00:00,AAL1347,27.75537523172669,-82.66689007098859,11277.6,169.92752216256108,238.25867243771967
2024-07-26 15:49:26+00:00,AAL1347,27.75347900390625,-82.66652233195754,11277.6,169.92752216256108,238.25867243771967
2024-07-26 15:49:27+00:00,AAL1347,27.75113897808528,-82.66604496882513,11277.6,169.92752216256108,238.25867243771967
2024-07-26 15:49:28+00:00,AAL1347,27.749267578125,-82.6656931751179,11277.6,169.92752216256108,238.25867243771967
2024-07-26 15:49:29+00:00,AAL1347,27.74693298339844,-82.66522677439565,11277.6,169.92752216256108,238.25867243771967
2024-07-26 15:49:30+00:00,AAL1347,27.74482727050781,-82.6648121959758,11277.6,169.92752216256108,238.25867243771967
2024-07-26 15:49:31+00:00,AAL1347,27.742721557617188,-82.664397617556,11277.6,169.92752216256108,238.25867243771967
2024-07-26 15:49:32+00:00,AAL1347,27.74061584472656,-82.66398303913621,11277.6,169.92752216256108,238.25867243771967
2024-07-26 15:49:33+00:00,AAL1347,27.73828125,-82.66351663841391,11277.6,170.02794231266893,237.6625493706377
2024-07-26 15:49:34+00:00,AAL1347,27.736587524414062,-82.66315388229657,11277.6,170.02794231266893,237.6625493706377
2024-07-26 15:49:35+00:00,AAL1347,27.734287067995236,-82.66271737905646,11277.6,170.02794231266893,237.6625493706377
2024-07-26 15:49:36+00:00,AAL1347,27.73214566505561,-82.66229482797473,11277.6,170.02794231266893,237.6625493706377
2024-07-26 15:49:37+00:00,AAL1347,27.729818053164724,-82.66181945800781,11277.6,170.02794231266893,237.6625493706377
2024-07-26 15:49:38+00:00,AAL1347,27.72772320246292,-82.66139690692609,11277.6,170.02794231266893,237.6625493706377
2024-07-26 15:49:39+00:00,AAL1347,27.72562835176112,-82.66097435584436,11277.6,170.02794231266893,237.6625493706377
2024-07-26 15:49:40+00:00,AAL1347,27.72371971001059,-82.66060462364783,11277.6,170.02794231266893,237.6625493706377
2024-07-26 15:49:41+00:00,AAL1347,27.7218017578125,-82.6602518333579,11277.6,170.02794231266893,237.6625493706377
2024-07-26 15:49:42+00:00,AAL1347,27.7188720703125,-82.65968178803064,11277.6,170.02794231266893,237.6625493706377
2024-07-26 15:49:43+00:00,AAL1347,27.71762136685646,-82.65938978928784,11277.6,170.02794231266893,237.6625493706377
2024-07-26 15:49:44+00:00,AAL1347,27.715301513671875,-82.65895627579596,11277.6,170.02794231266893,237.6625493706377
2024-07-26 15:49:45+00:00,AAL1347,27.71296614307468,-82.6584918682392,11277.6,170.02794231266893,237.6625493706377
2024-07-26 15:49:46+00:00,AAL1347,27.71063232421875,-82.65802347435141,11277.6,170.02794231266893,237.6625493706377
2024-07-26 15:49:47+00:00,AAL1347,27.70854368048199,-82.65759394719049,11277.6,170.02794231266893,237.6625493706377
2024-07-26 15:49:48+00:00,AAL1347,27.70728677006091,-82.6573826716496,11277.6,170.02794231266893,237.6625493706377
2024-07-26 15:49:49+00:00,AAL1347,27.70430742684057,-82.65680166391223,11277.6,170.02794231266893,237.6625493706377
2024-07-26 15:49:50+00:00,AAL1347,27.702438354492188,-82.65641698297463,11277.6,170.02794231266893,237.6625493706377
2024-07-26 15:49:51+00:00,AAL1347,27.700103759765625,-82.65595058225233,11277.6,170.02794231266893,237.6625493706377
2024-07-26 15:49:52+00:00,AAL1347,27.69779011354608,-82.65548119178186,11277.6,170.02794231266893,237.6625493706377
2024-07-26 15:49:53+00:00,AAL1347,27.69611423298464,-82.65516427847052,11277.6,170.02794231266893,237.6625493706377
2024-07-26 15:49:54+00:00,AAL1347,27.69401938228284,-82.6547417273888,11277.6,170.02794231266893,237.6625493706377
2024-07-26 15:49:55+00:00,AAL1347,27.691909790039062,-82.65434409087555,11277.6,170.02794231266893,237.6625493706377
2024-07-26 15:49:56+00:00,AAL1347,27.68955036745233,-82.65389662522534,11277.6,170.02794231266893,237.6625493706377
2024-07-26 15:49:57+00:00,AAL1347,27.68745551675053,-82.65347407414362,11277.6,170.02794231266893,237.6625493706377
2024-07-26 15:49:58+00:00,AAL1347,27.685360666048727,-82.65305152306189,11277.6,170.02794231266893,237.6625493706377
2024-07-26 15:49:59+00:00,AAL1347,27.68303305415784,-82.65257615309491,11277.6,170.02794231266893,237.6625493706377
2024-07-26 15:50:00+00:00,AAL1347,27.68115234375,-82.65221937647402,11277.6,170.02794231266893,237.6625493706377
2024-07-26 15:50:01+00:00,AAL1347,27.68010026317532,-82.65199514535755,11277.6,170.15013659963918,237.57400448137875
2024-07-26 15:50:02+00:00,AAL1347,27.67753989009534,-82.65151977539062,11277.6,170.15013659963918,237.57400448137875
2024-07-26 15:50:03+00:00,AAL1347,27.674607099112816,-82.65093876765326,11277.6,170.15013659963918,237.57400448137875
2024-07-26 15:50:04+00:00,AAL1347,27.67250061035156,-82.65050924049234,11277.6,170.15013659963918,237.57400448137875
2024-07-26 15:50:05+00:00,AAL1347,27.671218872070312,-82.65030195128242,11277.6,170.15013659963918,237.57400448137875
2024-07-26 15:50:06+00:00,AAL1347,27.669346696239405,-82.64993520883411,11277.6,170.15013659963918,237.57400448137875
2024-07-26 15:50:07+00:00,AAL1347,27.667007446289062,-82.64947279444277,11277.6,170.15013659963918,237.57400448137875
2024-07-26 15:50:08+00:00,AAL1347,27.664924233646715,-82.64903728778546,11277.6,170.15013659963918,237.57400448137875
2024-07-26 15:50:09+00:00,AAL1347,27.661991442664192,-82.64845628004804,11277.6,170.15013659963918,237.57400448137875
2024-07-26 15:50:10+00:00,AAL1347,27.66009521484375,-82.64812541457843,11277.6,170.15013659963918,237.57400448137875
2024-07-26 15:50:11+00:00,AAL1347,27.657989501953125,-82.64771083615858,11277.6,170.15013659963918,237.57400448137875
2024-07-26 15:50:12+00:00,AAL1347,27.655427577131885,-82.64718862680286,11277.6,170.15013659963918,237.57400448137875
2024-07-26 15:50:13+00:00,AAL1347,27.654373168945312,-82.6469853239239,11277.6,170.15013659963918,237.57400448137875
2024-07-26 15:50:14+00:00,AAL1347,27.652267456054688,-82.6465707455041,11277.6,170.12886718041926,237.06716003156905
2024-07-26 15:50:15+00:00,AAL1347,27.6499809653072,-82.64613224909857,11277.6,170.12886718041926,237.06716003156905
2024-07-26 15:50:16+00:00,AAL1347,27.64764404296875,-82.64568976636201,11277.6,170.12886718041926,237.06716003156905
2024-07-26 15:50:17+00:00,AAL1347,27.64535522460937,-82.64522336563971,11277.6,170.12886718041926,237.06716003156905
2024-07-26 15:50:18+00:00,AAL1347,27.64346365201271,-82.64486459585333,11269.98,170.12886718041926,237.06716003156905
2024-07-26 15:50:19+00:00,AAL1347,27.64155578613281,-82.64449785340508,11277.6,170.12886718041926,237.06716003156905
2024-07-26 15:50:20+00:00,AAL1347,27.63964636851165,-82.64412513146033,11277.6,170.12886718041926,237.06716003156905
2024-07-26 15:50:21+00:00,AAL1347,27.63736530885858,-82.6437025803786,11277.6,170.12886718041926,237.06716003156905
2024-07-26 15:50:22+00:00,AAL1347,27.635467529296875,-82.6433059404481,11269.98,170.12886718041926,237.06716003156905
2024-07-26 15:50:23+00:00,AAL1347,27.63354802535752,-82.64296311598554,11269.98,170.12886718041926,237.06716003156905
2024-07-26 15:50:24+00:00,AAL1347,27.630615234375,-82.64237313900355,11277.6,170.12886718041926,237.06716003156905
2024-07-26 15:50:25+00:00,AAL1347,27.628706592624468,-82.6420123760517,11269.98,170.12886718041926,237.06716003156905
2024-07-26 15:50:26+00:00,AAL1347,27.62661174192267,-82.64158982496991,11277.6,170.12886718041926,237.06716003156905
2024-07-26 15:50:27+00:00,AAL1347,27.624516891220868,-82.64116727388819,11277.6,170.12886718041926,237.06716003156905
2024-07-26 15:50:28+00:00,AAL1347,27.622189279329977,-82.64074472280646,11277.6,170.12886718041926,237.06716003156905
2024-07-26 15:50:29+00:00,AAL1347,27.62031555175781,-82.64035206920693,11277.6,170.12886718041926,237.06716003156905
2024-07-26 15:50:30+00:00,AAL1347,27.618209838867188,-82.63993749078713,11277.6,170.12886718041926,237.06716003156905
2024-07-26 15:50:31+00:00,AAL1347,27.61716163764565,-82.63974116398737,11277.6,170.1075066221835,236.56034839086453
2024-07-26 15:50:32+00:00,AAL1347,27.613815307617188,-82.63910833394749,11277.6,170.1075066221835,236.56034839086453
2024-07-26 15:50:33+00:00,AAL1347,27.611901234772244,-82.63873760516827,11277.6,170.1075066221835,236.56034839086453
2024-07-26 15:50:34+00:00,AAL1347,27.609387413930083,-82.6382622352013,11277.6,170.1075066221835,236.56034839086453
2024-07-26 15:50:35+00:00,AAL1347,27.60729256322828,-82.63783968411957,11277.6,170.1075066221835,236.56034839086453
2024-07-26 15:50:36+00:00,AAL1347,27.605197712526483,-82.63741713303784,11277.6,170.1075066221835,236.56034839086453
2024-07-26 15:50:37+00:00,AAL1347,27.604127011056672,-82.63720585749701,11277.6,170.1075066221835,236.56034839086453
2024-07-26 15:50:38+00:00,AAL1347,27.60203216035487,-82.63683612530048,11277.6,170.1075066221835,236.56034839086453
2024-07-26 15:50:39+00:00,AAL1347,27.59971618652344,-82.63636175191624,11277.6,170.1075066221835,236.56034839086453
2024-07-26 15:50:40+00:00,AAL1347,27.59677175748146,-82.63577974759613,11277.6,170.1075066221835,236.56034839086453
2024-07-26 15:50:41+00:00,AAL1347,27.59490966796875,-82.63542895047169,11277.6,170.1075066221835,236.56034839086453
2024-07-26 15:50:42+00:00,AAL1347,27.59258205607786,-82.63498746431787,11277.6,170.1075066221835,236.56034839086453
2024-07-26 15:50:43+00:00,AAL1347,27.591522216796875,-82.63475526053952,11277.6,170.1075066221835,236.56034839086453
2024-07-26 15:50:44+00:00,AAL1347,27.58964926509534,-82.6344064565805,11277.6,170.1075066221835,236.56034839086453
2024-07-26 15:50:45+00:00,AAL1347,27.5863037109375,-82.63371881448995,11277.6,170.1075066221835,236.56034839086453
2024-07-26 15:50:46+00:00,AAL1347,27.584388862221928,-82.63335007887616,11277.6,170.1075066221835,236.56034839086453
2024-07-26 15:50:47+00:00,AAL1347,27.58209228515625,-82.63294147995282,11277.6,170.1075066221835,236.56034839086453
2024-07-26 15:50:48+00:00,AAL1347,27.581268310546875,-82.6327860130454,11269.98,170.1075066221835,236.56034839086453
2024-07-26 15:50:49+00:00,AAL1347,27.578942250397244,-82.63229370117188,11277.6,170.1075066221835,236.56034839086453
2024-07-26 15:50:50+00:00,AAL1347,27.57666119074417,-82.63187115009015,11277.6,170.1075066221835,236.56034839086453
2024-07-26 15:50:51+00:00,AAL1347,27.57435607910156,-82.63138681087855,11277.6,170.1075066221835,236.56034839086453
2024-07-26 15:50:52+00:00,AAL1347,27.57247148934057,-82.6310260479267,11277.6,170.1075066221835,236.56034839086453
2024-07-26 15:50:53+00:00,AAL1347,27.57033008640095,-82.63065631573016,11277.6,170.1075066221835,236.56034839086453
2024-07-26 15:50:54+00:00,AAL1347,27.568267822265625,-82.63024672022402,11277.6,170.1075066221835,236.56034839086453
2024-07-26 15:50:55+00:00,AAL1347,27.566162109375,-82.62983214180423,11277.6,170.1075066221835,236.56034839086453
2024-07-26 15:50:56+00:00,AAL1347,27.56385932534428,-82.62938866248498,11277.6,170.1075066221835,236.56034839086453
2024-07-26 15:50:57+00:00,AAL1347,27.56195068359375,-82.62900298496459,11277.6,170.1075066221835,236.56034839086453
2024-07-26 15:50:58+00:00,AAL1347,27.55966186523437,-82.62853658424234,11277.6,170.1075066221835,236.56034839086453
2024-07-26 15:50:59+00:00,AAL1347,27.55755615234375,-82.62812200582249,11277.6,170.1075066221835,236.56034839086453
2024-07-26 15:51:00+00:00,AAL1347,27.555666131488348,-82.62775127704327,11277.6,170.1075066221835,236.56034839086453
2024-07-26 15:51:01+00:00,AAL1347,27.55293273925781,-82.6272410266804,11277.6,170.08605434385717,236.05356977059068
2024-07-26 15:51:02+00:00,AAL1347,27.55064392089844,-82.62677462595815,11277.6,170.08605434385717,236.05356977059068
2024-07-26 15:51:03+00:00,AAL1347,27.54961434057203,-82.62658926156848,11277.6,170.08605434385717,236.05356977059068
2024-07-26 15:51:04+00:00,AAL1347,27.54730224609375,-82.62615275832843,11277.6,170.08605434385717,236.05356977059068
2024-07-26 15:51:05+00:00,AAL1347,27.545196533203125,-82.62573817990858,11277.6,170.08605434385717,236.05356977059068
2024-07-26 15:51:06+00:00,AAL1347,27.54290771484375,-82.62527177918633,11277.6,169.94129674442777,235.63613102697545
2024-07-26 15:51:07+00:00,AAL1347,27.540802001953125,-82.62480537846403,11277.6,169.67274610980573,235.31188171945436
2024-07-26 15:51:08+00:00,AAL1347,27.5386962890625,-82.62439080004424,11277.6,169.40346028721407,234.99281614047345
2024-07-26 15:51:09+00:00,AAL1347,27.5364400572696,-82.62384267953723,11277.6,169.13344819866742,234.67895543316533
2024-07-26 15:51:10+00:00,AAL1347,27.53415899761653,-82.62331449068506,11277.6,168.76387055022758,234.9747959962898
2024-07-26 15:51:11+00:00,AAL1347,27.532064146914724,-82.62283912071814,11277.6,168.36998270219812,234.7764831239324
2024-07-26 15:51:12+00:00,AAL1347,27.530181884765625,-82.62236973024761,11277.6,167.85261362409128,234.6969982921255
2024-07-26 15:51:13+00:00,AAL1347,27.52793884277344,-82.6217478626179,11277.6,167.45756017606573,234.5244066250213
2024-07-26 15:51:14+00:00,AAL1347,27.52587890625,-82.62122963959314,11277.6,167.06194368281356,234.36298054702547
2024-07-26 15:51:15+00:00,AAL1347,27.524848550052965,-82.62093764085034,11277.6,166.54340651638682,234.33192432164032
2024-07-26 15:51:16+00:00,AAL1347,27.521759033203125,-82.62003772663621,11277.6,166.1769774811069,234.69587065407796
2024-07-26 15:51:17+00:00,AAL1347,27.51968125165519,-82.61945871206427,11277.6,165.780898282126,234.5706691349272
2024-07-26 15:51:18+00:00,AAL1347,27.517822265625,-82.61889763598174,11277.6,165.38441501527774,234.45668893704445
2024-07-26 15:51:19+00:00,AAL1347,27.51580810546875,-82.61822394604951,11277.6,164.86615369129734,234.4877286382477
2024-07-26 15:51:20+00:00,AAL1347,27.51356506347656,-82.61749843381483,11277.6,164.46915782617225,234.3996780539156
2024-07-26 15:51:21+00:00,AAL1347,27.51191711425781,-82.61698021079008,11277.6,164.0718826810362,234.322889010478
2024-07-26 15:51:22+00:00,AAL1347,27.50990295410156,-82.6163065208579,11277.6,163.6743661973542,234.257372582459
2024-07-26 15:51:23+00:00,AAL1347,27.5076707742982,-82.61549729567304,11277.6,163.27664645562075,234.2031382301269
2024-07-26 15:51:24+00:00,AAL1347,27.50566902807203,-82.61481065016523,11277.6,162.87876165361925,234.16019379268036
2024-07-26 15:51:25+00:00,AAL1347,27.50362072960805,-82.61407118577222,11277.6,162.48075008451278,234.1285454825917
2024-07-26 15:51:26+00:00,AAL1347,27.50143277443061,-82.61322608360877,11277.6,162.08265011479693,234.10819788111883
2024-07-26 15:51:27+00:00,AAL1347,27.49960327148437,-82.6125753150796,11269.98,161.68450016214717,234.09915393499168
2024-07-26 15:51:28+00:00,AAL1347,27.497801699880824,-82.61185279259314,11269.98,161.28633867319178,234.10141495427888
2024-07-26 15:51:29+00:00,AAL1347,27.49603271484375,-82.61112429061023,11269.98,160.88820410124302,234.1149806114396
2024-07-26 15:51:30+00:00,AAL1347,27.49383544921875,-82.61024331146814,11277.6,160.4901348840187,234.1398489415604
2024-07-26 15:51:31+00:00,AAL1347,27.49123783434852,-82.60915902944708,11269.98,160.0492213547784,233.6923803480339
2024-07-26 15:51:32+00:00,AAL1347,27.490264892578125,-82.60874046469633,11269.98,159.65058472262467,233.74107204091425
2024-07-26 15:51:33+00:00,AAL1347,27.48751365532309,-82.60757446289062,11269.98,159.25213341786315,233.80107343107787
2024-07-26 15:51:34+00:00,AAL1347,27.485930879237287,-82.60683499849756,11269.98,158.85390582059233,233.8723758138088
2024-07-26 15:51:35+00:00,AAL1347,27.4837646484375,-82.60589023806011,11269.98,158.45594018138848,233.9549688565072
2024-07-26 15:51:36+00:00,AAL1347,27.481601521120236,-82.60488069974457,11269.98,158.45594018138848,233.9549688565072
2024-07-26 15:51:37+00:00,AAL1347,27.479644775390625,-82.6039728128685,11269.98,157.7297320799447,233.48277700924717
2024-07-26 15:51:38+00:00,AAL1347,27.477923894332623,-82.60313767653241,11269.98,157.3316039950303,233.59723241304744
2024-07-26 15:51:39+00:00,AAL1347,27.47616577148437,-82.60231449918928,11269.98,156.93388504106304,233.72295538672168
2024-07-26 15:51:40+00:00,AAL1347,27.4742431640625,-82.60132987544222,11277.6,156.48632733384258,233.38811060309845
2024-07-26 15:51:41+00:00,AAL1347,27.472137451171875,-82.60029342939265,11277.6,156.08877093526434,233.5377452682457
2024-07-26 15:51:42+00:00,AAL1347,27.47021484375,-82.59925698334314,11277.6,155.80679101271124,233.48731096353592
2024-07-26 15:51:43+00:00,AAL1347,27.46847379005561,-82.59838397686298,11277.6,155.357283955416,233.1884483533184
2024-07-26 15:51:44+00:00,AAL1347,27.46636962890625,-82.59728773584902,11269.98,154.960215680324,233.3699665482938
2024-07-26 15:51:45+00:00,AAL1347,27.46449279785156,-82.59625128979951,11277.6,154.5637836195827,233.5626750588758
2024-07-26 15:51:46+00:00,AAL1347,27.462387084960938,-82.59511119914504,11277.6,154.22674531744173,233.0794695820165
2024-07-26 15:51:47+00:00,AAL1347,27.46069956634004,-82.59415846604566,11277.6,153.83047553455708,233.29283857244585
2024-07-26 15:51:48+00:00,AAL1347,27.458999633789062,-82.59319377395343,11277.6,153.54795810342267,233.28773361565123
2024-07-26 15:51:49+00:00,AAL1347,27.456939697265625,-82.59200186099645,11277.6,153.09558983272572,233.06130149920165
2024-07-26 15:51:50+00:00,AAL1347,27.455062866210938,-82.59091359264443,11277.6,152.7004277886672,233.30645124447057
2024-07-26 15:51:51+00:00,AAL1347,27.453598022460938,-82.58998079119988,11277.6,152.3593639130619,232.8681780806376
2024-07-26 15:51:52+00:00,AAL1347,27.451528775489937,-82.5887709397536,11277.6,151.9646987932932,233.1339653354508
2024-07-26 15:51:53+00:00,AAL1347,27.44989013671875,-82.58775243219338,11277.6,151.51071557708366,232.9585116080289
2024-07-26 15:51:54+00:00,AAL1347,27.4478759765625,-82.5864568746315,11277.6,151.22800200042963,232.9999737608464
2024-07-26 15:51:55+00:00,AAL1347,27.446221820378707,-82.58544334998498,11277.6,150.77326317562606,232.84828863570328
2024-07-26 15:51:56+00:00,AAL1347,27.444580078125,-82.58438398253242,11277.6,150.3805608223053,233.1583707613433
2024-07-26 15:51:57+00:00,AAL1347,27.44183349609375,-82.58262202424822,11277.6,150.3805608223053,233.1583707613433
2024-07-26 15:51:58+00:00,AAL1347,27.44004821777344,-82.58137828898879,11277.6,149.64344322834398,233.1072867146409
2024-07-26 15:51:59+00:00,AAL1347,27.43840104442532,-82.58031991811896,11277.6,149.3614146618134,233.1861784817267
2024-07-26 15:52:00+00:00,AAL1347,27.436585507150426,-82.57905226487378,11277.6,149.07958368622084,233.27071628614888
2024-07-26 15:52:01+00:00,AAL1347,27.434630313162074,-82.57773179274335,11277.6,148.9061245859895,233.09479780042452
2024-07-26 15:52:02+00:00,AAL1347,27.43281477588718,-82.57651695838342,11277.6,148.7979637170164,233.3608939918717
2024-07-26 15:52:03+00:00,AAL1347,27.431045790850103,-82.57524930513819,11277.6,148.755489916386,234.06749737169255
2024-07-26 15:52:04+00:00,AAL1347,27.42919921875,-82.57401952203713,11277.6,148.755489916386,234.06749737169255
2024-07-26 15:52:05+00:00,AAL1347,27.428299208818856,-82.57345346304083,11277.6,148.755489916386,234.06749737169255
2024-07-26 15:52:06+00:00,AAL1347,27.42653022378178,-82.57218580979566,11277.6,148.755489916386,234.06749737169255
2024-07-26 15:52:07+00:00,AAL1347,27.424530029296875,-82.57085836158609,11277.6,148.9283419391537,234.24155552681336
2024-07-26 15:52:08+00:00,AAL1347,27.42271294028072,-82.5696505033053,11277.6,148.9283419391537,234.24155552681336
2024-07-26 15:52:09+00:00,AAL1347,27.42036437988281,-82.56805995725233,11277.6,148.9283419391537,234.24155552681336
2024-07-26 15:52:10+00:00,AAL1347,27.4185791015625,-82.5668680442954,11277.6,149.03624346792648,233.97646089416008
2024-07-26 15:52:11+00:00,AAL1347,27.41656804488877,-82.56553063025842,11277.6,149.03624346792648,233.97646089416008
2024-07-26 15:52:12+00:00,AAL1347,27.414779663085938,-82.56427692917157,11277.6,149.10093570183528,234.41774240852936
2024-07-26 15:52:13+00:00,AAL1347,27.413314819335938,-82.56334412772702,11277.6,149.10093570183528,234.41774240852936
2024-07-26 15:52:14+00:00,AAL1347,27.411680059917902,-82.562255859375,11277.6,149.10093570183528,234.41774240852936
2024-07-26 15:52:15+00:00,AAL1347,27.40986452264301,-82.56104102501502,11277.6,149.10093570183528,234.41774240852936
2024-07-26 15:52:16+00:00,AAL1347,27.40786277641684,-82.55966773399939,11277.6,149.10093570183528,234.41774240852936
2024-07-26 15:52:17+00:00,AAL1347,27.40589904785156,-82.55836918668928,11277.6,149.10093570183528,234.41774240852936
2024-07-26 15:52:18+00:00,AAL1347,27.40390583620233,-82.55702678973859,11277.6,149.10093570183528,234.41774240852936
2024-07-26 15:52:19+00:00,AAL1347,27.40228271484375,-82.55593353847286,11277.6,149.10093570183528,234.41774240852936
2024-07-26 15:52:20+00:00,AAL1347,27.4002685546875,-82.55458615860846,11277.6,149.10093570183528,234.41774240852936
2024-07-26 15:52:21+00:00,AAL1347,27.39864543332892,-82.55348792442908,11277.6,149.10093570183528,234.41774240852936
2024-07-26 15:52:22+00:00,AAL1347,27.396829896054022,-82.5522730900691,11277.6,149.10093570183528,234.41774240852936
2024-07-26 15:52:23+00:00,AAL1347,27.39501435877913,-82.55105825570911,11269.98,149.10093570183528,234.41774240852936
2024-07-26 15:52:24+00:00,AAL1347,27.39338503045551,-82.54994905911957,11277.6,149.10093570183528,234.41774240852936
2024-07-26 15:52:25+00:00,AAL1347,27.391387939453125,-82.54862659382371,11277.6,149.10093570183528,234.41774240852936
2024-07-26 15:52:26+00:00,AAL1347,27.390498791710804,-82.54799476036658,11277.6,149.10093570183528,234.41774240852936
2024-07-26 15:52:27+00:00,AAL1347,27.38849704548464,-82.54667428823615,11269.98,149.10093570183528,234.41774240852936
2024-07-26 15:52:28+00:00,AAL1347,27.386489868164062,-82.54536178876765,11277.6,149.10093570183528,234.41774240852936
2024-07-26 15:52:29+00:00,AAL1347,27.38397216796875,-82.54365165278597,11277.6,149.10093570183528,234.41774240852936
2024-07-26 15:52:30+00:00,AAL1347,27.38323974609375,-82.54313342976121,11277.6,149.10093570183528,234.41774240852936
2024-07-26 15:52:31+00:00,AAL1347,27.381234896385063,-82.54181495079627,11277.6,149.10093570183528,234.41774240852936
2024-07-26 15:52:32+00:00,AAL1347,27.379233150158896,-82.54049447866583,11277.6,149.16538475076825,234.8593216470769
2024-07-26 15:52:33+00:00,AAL1347,27.377609252929688,-82.5394022239829,11277.6,149.10093570183528,234.41774240852936
2024-07-26 15:52:34+00:00,AAL1347,27.375411987304688,-82.53795119951354,11277.6,149.10093570183528,234.41774240852936
2024-07-26 15:52:35+00:00,AAL1347,27.373992919921875,-82.53696657576648,11277.6,149.10093570183528,234.41774240852936
2024-07-26 15:52:36+00:00,AAL1347,27.371246337890625,-82.53515279517984,11277.6,149.10093570183528,234.41774240852936
2024-07-26 15:52:37+00:00,AAL1347,27.369461059570312,-82.5339090599204,11277.6,149.10093570183528,234.41774240852936
2024-07-26 15:52:38+00:00,AAL1347,27.36763000488281,-82.53271714696342,11277.6,149.10093570183528,234.41774240852936
2024-07-26 15:52:39+00:00,AAL1347,27.365798950195312,-82.53147341170398,11277.6,149.05774282133137,235.12342088271407
2024-07-26 15:52:40+00:00,AAL1347,27.36419677734375,-82.53038514335202,11277.6,149.05774282133137,235.12342088271407
2024-07-26 15:52:41+00:00,AAL1347,27.36309814453125,-82.52965963111734,11277.6,149.16538475076825,234.8593216470769
2024-07-26 15:52:42+00:00,AAL1347,27.36107777740996,-82.52829331618085,11277.6,149.16538475076825,234.8593216470769
2024-07-26 15:52:43+00:00,AAL1347,27.35948181152344,-82.52722398290092,11277.6,149.16538475076825,234.8593216470769
2024-07-26 15:52:44+00:00,AAL1347,27.35656221034163,-82.52528263972357,11277.6,149.05774282133137,235.12342088271407
2024-07-26 15:52:45+00:00,AAL1347,27.354904174804688,-82.52416646705484,11277.6,149.05774282133137,235.12342088271407
2024-07-26 15:52:46+00:00,AAL1347,27.35385131835937,-82.52344095482016,11277.6,149.05774282133137,235.12342088271407
2024-07-26 15:52:47+00:00,AAL1347,27.352020263671875,-82.52224904186318,11277.6,149.05774282133137,235.12342088271407
2024-07-26 15:52:48+00:00,AAL1347,27.34981213585805,-82.52074021559491,11277.6,149.05774282133137,235.12342088271407
2024-07-26 15:52:49+00:00,AAL1347,27.347996598583155,-82.51952538123498,11277.6,149.05774282133137,235.12342088271407
2024-07-26 15:52:50+00:00,AAL1347,27.34618106130826,-82.518310546875,11277.6,149.05774282133137,235.12342088271407
2024-07-26 15:52:51+00:00,AAL1347,27.344558715820312,-82.51722227852298,11277.6,149.05774282133137,235.12342088271407
2024-07-26 15:52:52+00:00,AAL1347,27.34272766113281,-82.51603036556605,11277.6,149.05774282133137,235.12342088271407
2024-07-26 15:52:53+00:00,AAL1347,27.34110686738612,-82.51493013822113,11277.6,149.05774282133137,235.12342088271407
2024-07-26 15:52:54+00:00,AAL1347,27.33910512115996,-82.5135568472055,11277.6,149.05774282133137,235.12342088271407
2024-07-26 15:52:55+00:00,AAL1347,27.33673095703125,-82.51198822597286,11277.6,149.1220797775123,235.56480076926107
2024-07-26 15:52:56+00:00,AAL1347,27.33584646451271,-82.51139127291162,11277.6,149.1220797775123,235.56480076926107
2024-07-26 15:52:57+00:00,AAL1347,27.334030927237816,-82.5101764385517,11277.6,149.1220797775123,235.56480076926107
2024-07-26 15:52:58+00:00,AAL1347,27.331832885742188,-82.50872342091685,11277.6,149.1220797775123,235.56480076926107
2024-07-26 15:52:59+00:00,AAL1347,27.33021364373676,-82.50758831317609,11277.6,149.1220797775123,235.56480076926107
2024-07-26 15:53:00+00:00,AAL1347,27.32839810646186,-82.5063734788161,11277.6,149.1220797775123,235.56480076926107
2024-07-26 15:53:01+00:00,AAL1347,27.32675170898437,-82.50530314895343,11277.6,149.1220797775123,235.56480076926107
2024-07-26 15:53:02+00:00,AAL1347,27.32490668862553,-82.50404944786658,11277.6,149.1220797775123,235.56480076926107
2024-07-26 15:53:03+00:00,AAL1347,27.32383598715572,-82.50330998347357,11277.6,149.1220797775123,235.56480076926107
2024-07-26 15:53:04+00:00,AAL1347,27.32127561407574,-82.50161977914661,11277.6,149.01480845975587,235.8292321782538
2024-07-26 15:53:05+00:00,AAL1347,27.31929016113281,-82.50027638561318,11277.6,149.01480845975587,235.8292321782538
2024-07-26 15:53:06+00:00,AAL1347,27.317085912672137,-82.49882037823016,11277.6,149.01480845975587,235.8292321782538
2024-07-26 15:53:07+00:00,AAL1347,27.315642793299787,-82.49781681941107,11277.6,149.01480845975587,235.8292321782538
2024-07-26 15:53:08+00:00,AAL1347,27.313980102539062,-82.4967524690448,11277.6,149.01480845975587,235.8292321782538
2024-07-26 15:53:09+00:00,AAL1347,27.311825509798727,-82.49528151292066,11277.6,149.01480845975587,235.8292321782538
2024-07-26 15:53:10+00:00,AAL1347,27.310009972523837,-82.49406667856067,11277.6,149.01480845975587,235.8292321782538
2024-07-26 15:53:11+00:00,AAL1347,27.308349609375,-82.49296944096403,11277.6,149.01480845975587,235.8292321782538
2024-07-26 15:53:12+00:00,AAL1347,27.3065185546875,-82.4917257057046,11277.6,149.01480845975587,235.8292321782538
2024-07-26 15:53:13+00:00,AAL1347,27.30455017089844,-82.4903783258402,11277.6,149.01480845975587,235.8292321782538
2024-07-26 15:53:14+00:00,AAL1347,27.302719116210938,-82.48918641288327,11277.6,149.01480845975587,235.8292321782538
2024-07-26 15:53:15+00:00,AAL1347,27.30088806152344,-82.48794267762383,11277.6,149.01480845975587,235.8292321782538
2024-07-26 15:53:16+00:00,AAL1347,27.29888398768538,-82.48661921574518,11277.6,149.01480845975587,235.8292321782538
2024-07-26 15:53:17+00:00,AAL1347,27.297271728515625,-82.48550702940742,11277.6,149.01480845975587,235.8292321782538
2024-07-26 15:53:18+00:00,AAL1347,27.29543912208686,-82.48429518479566,11277.6,149.01480845975587,235.8292321782538
2024-07-26 15:53:19+00:00,AAL1347,27.293623584811968,-82.48302753155048,11277.6,149.01480845975587,235.8292321782538
2024-07-26 15:53:20+00:00,AAL1347,27.291808047537074,-82.48181269719049,11277.6,149.01480845975587,235.8292321782538
2024-07-26 15:53:21+00:00,AAL1347,27.29013061523437,-82.4807393775796,11277.6,149.01480845975587,235.8292321782538
2024-07-26 15:53:22+00:00,AAL1347,27.28831662970074,-82.47948866624097,11277.6,149.01480845975587,235.8292321782538
2024-07-26 15:53:23+00:00,AAL1347,27.28580280885858,-82.47779846191406,11277.6,149.01480845975587,235.8292321782538
2024-07-26 15:53:24+00:00,AAL1347,27.28413391113281,-82.4766972379864,11277.6,149.01480845975587,235.8292321782538
2024-07-26 15:53:25+00:00,AAL1347,27.282302856445312,-82.47545350272702,11277.6,149.01480845975587,235.8292321782538
2024-07-26 15:53:26+00:00,AAL1347,27.28033447265625,-82.47410612286262,11277.6,149.01480845975587,235.8292321782538
2024-07-26 15:53:27+00:00,AAL1347,27.27923583984375,-82.47338061062794,11277.6,148.9077778098547,236.09448837989856
2024-07-26 15:53:28+00:00,AAL1347,27.27740478515625,-82.4721368753685,11269.98,148.9077778098547,236.09448837989856
2024-07-26 15:53:29+00:00,AAL1347,27.275561316538663,-82.47093200683594,11277.6,148.9077778098547,236.09448837989856
2024-07-26 15:53:30+00:00,AAL1347,27.273373361361227,-82.46945307804987,11269.98,148.9077778098547,236.09448837989856
2024-07-26 15:53:31+00:00,AAL1347,27.27193024198888,-82.46844951923077,11269.98,149.01480845975587,235.8292321782538
2024-07-26 15:53:32+00:00,AAL1347,27.270114704713983,-82.46723468487079,11269.98,149.01480845975587,235.8292321782538
2024-07-26 15:53:33+00:00,AAL1347,27.268112958487816,-82.46591421274036,11269.98,149.01480845975587,235.8292321782538
2024-07-26 15:53:34+00:00,AAL1347,27.26629742121292,-82.46464655949518,11277.6,149.01480845975587,235.8292321782538
2024-07-26 15:53:35+00:00,AAL1347,27.26426696777344,-82.46332708394749,11269.98,149.01480845975587,235.8292321782538
2024-07-26 15:53:36+00:00,AAL1347,27.262619018554688,-82.46223881559553,11269.98,149.01480845975587,235.8292321782538
2024-07-26 15:53:37+00:00,AAL1347,27.26083374023437,-82.46099508033609,11269.98,149.01480845975587,235.8292321782538
2024-07-26 15:53:38+00:00,AAL1347,27.259002685546875,-82.45975134507665,11269.98,149.01480845975587,235.8292321782538
2024-07-26 15:53:39+00:00,AAL1347,27.257537841796875,-82.4587667213296,11277.6,149.01480845975587,235.8292321782538
2024-07-26 15:53:40+00:00,AAL1347,27.25535764532574,-82.45730473445013,11269.98,149.01480845975587,235.8292321782538
2024-07-26 15:53:41+00:00,AAL1347,27.253692626953125,-82.45622742850827,11277.6,149.01480845975587,235.8292321782538
2024-07-26 15:53:42+00:00,AAL1347,27.25190734863281,-82.45498369324883,11277.6,149.01480845975587,235.8292321782538
2024-07-26 15:53:43+00:00,AAL1347,27.24953861559852,-82.4533961369441,11277.6,149.01480845975587,235.8292321782538
2024-07-26 15:53:44+00:00,AAL1347,27.24753686937235,-82.45207566481366,11277.6,149.01480845975587,235.8292321782538
2024-07-26 15:53:45+00:00,AAL1347,27.245864868164062,-82.45094155365564,11277.6,149.01480845975587,235.8292321782538
2024-07-26 15:53:46+00:00,AAL1347,27.243859242584744,-82.4495931772085,11277.6,149.01480845975587,235.8292321782538
2024-07-26 15:53:47+00:00,AAL1347,27.24224853515625,-82.44850590543928,11277.6,149.01480845975587,235.8292321782538
2024-07-26 15:53:48+00:00,AAL1347,27.2406005859375,-82.44737478402942,11277.6,149.01480845975587,235.8292321782538
2024-07-26 15:53:49+00:00,AAL1347,27.238598839711333,-82.44605431189905,11269.98,149.01480845975587,235.8292321782538
2024-07-26 15:53:50+00:00,AAL1347,27.2369384765625,-82.44493016656838,11269.98,149.01480845975587,235.8292321782538
2024-07-26 15:53:51+00:00,AAL1347,27.235153198242188,-82.4437382536114,11277.6,149.01480845975587,235.8292321782538
2024-07-26 15:53:52+00:00,AAL1347,27.233291884600103,-82.44251544658954,11277.6,149.01480845975587,235.8292321782538
2024-07-26 15:53:53+00:00,AAL1347,27.23147634732521,-82.44130061222955,11277.6,149.01480845975587,235.8292321782538
2024-07-26 15:53:54+00:00,AAL1347,27.22966081005032,-82.44003295898438,11269.98,149.01480845975587,235.8292321782538
2024-07-26 15:53:55+00:00,AAL1347,27.227845272775426,-82.43881812462439,11269.98,149.01480845975587,235.8292321782538
2024-07-26 15:53:56+00:00,AAL1347,27.226043701171875,-82.43762322191924,11269.98,149.01480845975587,235.8292321782538
2024-07-26 15:53:57+00:00,AAL1347,27.22421264648437,-82.4363794866598,11277.6,149.01480845975587,235.8292321782538
2024-07-26 15:53:58+00:00,AAL1347,27.22258486990201,-82.43527925931488,11269.98,149.01480845975587,235.8292321782538
2024-07-26 15:53:59+00:00,AAL1347,27.220583123675848,-82.43390596829926,11269.98,149.01480845975587,235.8292321782538
2024-07-26 15:54:00+00:00,AAL1347,27.21894836425781,-82.43280374778891,11277.6,149.01480845975587,235.8292321782538
2024-07-26 15:54:01+00:00,AAL1347,27.217117309570312,-82.43161183483193,11277.6,149.01480845975587,235.8292321782538
2024-07-26 15:54:02+00:00,AAL1347,27.215089959613348,-82.43026146521936,11277.6,149.01480845975587,235.8292321782538
2024-07-26 15:54:03+00:00,AAL1347,27.21327209472656,-82.42902071970815,11277.6,149.01480845975587,235.8292321782538
2024-07-26 15:54:04+00:00,AAL1347,27.21148681640625,-82.42777698444871,11277.6,149.01480845975587,235.8292321782538
2024-07-26 15:54:05+00:00,AAL1347,27.209457138837397,-82.42645850548377,11277.6,149.01480845975587,235.8292321782538
2024-07-26 15:54:06+00:00,AAL1347,27.20782470703125,-82.4253413362323,11277.6,149.01480845975587,235.8292321782538
2024-07-26 15:54:07+00:00,AAL1347,27.20601227323888,-82.42413447453424,11277.6,149.01480845975587,235.8292321782538
2024-07-26 15:54:08+00:00,AAL1347,27.204391479492188,-82.42300933262084,11277.6,149.01480845975587,235.8292321782538
2024-07-26 15:54:09+00:00,AAL1347,27.202560424804688,-82.42181741966391,11277.6,149.01480845975587,235.8292321782538
2024-07-26 15:54:10+00:00,AAL1347,27.200751870365465,-82.42059560922473,11277.6,149.01480845975587,235.8292321782538
2024-07-26 15:54:11+00:00,AAL1347,27.198889780852756,-82.41932795597955,11277.6,149.01480845975587,235.8292321782538
2024-07-26 15:54:12+00:00,AAL1347,27.1974466614804,-82.41837721604566,11277.6,149.01480845975587,235.8292321782538
2024-07-26 15:54:13+00:00,AAL1347,27.19563112420551,-82.41716238168567,11277.6,149.01480845975587,235.8292321782538
2024-07-26 15:54:14+00:00,AAL1347,27.19345092773437,-82.41570238797169,11277.6,149.01480845975587,235.8292321782538
2024-07-26 15:54:15+00:00,AAL1347,27.191813840704448,-82.41457425631006,11277.6,149.01480845975587,235.8292321782538
2024-07-26 15:54:16+00:00,AAL1347,27.189998303429554,-82.41335942195013,11277.6,149.01480845975587,235.8292321782538
2024-07-26 15:54:17+00:00,AAL1347,27.187820434570312,-82.41186753758842,11277.6,149.01480845975587,235.8292321782538
2024-07-26 15:54:18+00:00,AAL1347,27.18598937988281,-82.4106756246315,11277.6,149.01480845975587,235.8292321782538
2024-07-26 15:54:19+00:00,AAL1347,27.184158325195312,-82.40943188937206,11277.6,149.01480845975587,235.8292321782538
2024-07-26 15:54:20+00:00,AAL1347,27.182144165039062,-82.40808450950766,11277.6,149.01480845975587,235.8292321782538
2024-07-26 15:54:21+00:00,AAL1347,27.18104553222656,-82.40735899727298,11277.6,149.01480845975587,235.8292321782538
2024-07-26 15:54:22+00:00,AAL1347,27.17852783203125,-82.40564886129124,11277.6,149.01480845975587,235.8292321782538
2024-07-26 15:54:23+00:00,AAL1347,27.17669677734375,-82.4044051260318,11277.6,149.01480845975587,235.8292321782538
2024-07-26 15:54:24+00:00,AAL1347,27.1754150390625,-82.40357596919222,11277.6,149.01480845975587,235.8292321782538
2024-07-26 15:54:25+00:00,AAL1347,27.172897338867188,-82.40186583321048,11277.6,149.01480845975587,235.8292321782538
2024-07-26 15:54:26+00:00,AAL1347,27.171798706054688,-82.40108849867335,11277.6,148.9077778098547,236.09448837989856
2024-07-26 15:54:27+00:00,AAL1347,27.16960842326536,-82.39962651179388,11277.6,148.9077778098547,236.09448837989856
2024-07-26 15:54:28+00:00,AAL1347,27.167953491210938,-82.39854920585202,11277.6,148.9077778098547,236.09448837989856
2024-07-26 15:54:29+00:00,AAL1347,27.16612243652344,-82.39730547059258,11277.6,148.9077778098547,236.09448837989856
2024-07-26 15:54:30+00:00,AAL1347,27.1644876771054,-82.39619328425482,11277.6,148.9077778098547,236.09448837989856
2024-07-26 15:54:31+00:00,AAL1347,27.162485930879235,-82.39487281212439,11277.6,148.9077778098547,236.09448837989856
2024-07-26 15:54:32+00:00,AAL1347,27.16067039360434,-82.39360515887921,11277.6,148.9077778098547,236.09448837989856
2024-07-26 15:54:33+00:00,AAL1347,27.15902709960937,-82.39253781876471,11277.6,148.9077778098547,236.09448837989856
2024-07-26 15:54:34+00:00,AAL1347,27.157039319054554,-82.39117549015924,11277.6,148.9077778098547,236.09448837989856
2024-07-26 15:54:35+00:00,AAL1347,27.15522766113281,-82.38994670364093,11277.6,148.9077778098547,236.09448837989856
2024-07-26 15:54:36+00:00,AAL1347,27.153396606445312,-82.3887029683815,11277.6,148.9077778098547,236.09448837989856
2024-07-26 15:54:37+00:00,AAL1347,27.15156555175781,-82.38751105542451,11277.6,148.9077778098547,236.09448837989856
2024-07-26 15:54:38+00:00,AAL1347,27.149734497070312,-82.38626732016508,11269.98,148.9077778098547,236.09448837989856
2024-07-26 15:54:39+00:00,AAL1347,27.14884612519862,-82.38568232609674,11277.6,148.9077778098547,236.09448837989856
2024-07-26 15:54:40+00:00,AAL1347,27.14609954316737,-82.3838336651142,11277.6,148.9077778098547,236.09448837989856
2024-07-26 15:54:41+00:00,AAL1347,27.14447021484375,-82.38269158129424,11277.6,148.9077778098547,236.09448837989856
2024-07-26 15:54:42+00:00,AAL1347,27.14358572232521,-82.38209064190204,11277.6,148.9077778098547,236.09448837989856
2024-07-26 15:54:43+00:00,AAL1347,27.140670776367188,-82.38015228847286,11277.6,148.9077778098547,236.09448837989856
2024-07-26 15:54:44+00:00,AAL1347,27.13865118511653,-82.37876305213342,11277.6,148.9077778098547,236.09448837989856
2024-07-26 15:54:45+00:00,AAL1347,27.137008666992188,-82.37766481795398,11277.6,148.9077778098547,236.09448837989856
2024-07-26 15:54:46+00:00,AAL1347,27.134833901615465,-82.376227745643,11277.6,148.9077778098547,236.09448837989856
2024-07-26 15:54:47+00:00,AAL1347,27.13316345214844,-82.37512552513266,11277.6,148.9077778098547,236.09448837989856
2024-07-26 15:54:48+00:00,AAL1347,27.131378173828125,-82.37388178987322,11277.6,148.9077778098547,236.09448837989856
2024-07-26 15:54:49+00:00,AAL1347,27.13045799126059,-82.37326988807092,11277.6,148.9077778098547,236.09448837989856
2024-07-26 15:54:50+00:00,AAL1347,27.1273389913268,-82.37115713266223,11277.6,148.9077778098547,236.09448837989856
2024-07-26 15:54:51+00:00,AAL1347,27.125701904296875,-82.37004693948995,11277.6,148.9077778098547,236.09448837989856
2024-07-26 15:54:52+00:00,AAL1347,27.124080334679554,-82.36893873948316,11277.6,148.9077778098547,236.09448837989856
2024-07-26 15:54:53+00:00,AAL1347,27.12226479740466,-82.36772390512317,11277.6,148.9077778098547,236.09448837989856
2024-07-26 15:54:54+00:00,AAL1347,27.12026305117849,-82.3664034329928,11277.6,148.9077778098547,236.09448837989856
2024-07-26 15:54:55+00:00,AAL1347,27.11860656738281,-82.36527928766213,11277.6,148.9077778098547,236.09448837989856
2024-07-26 15:54:56+00:00,AAL1347,27.11714172363281,-82.36429466391508,11277.6,148.9077778098547,236.09448837989856
2024-07-26 15:54:57+00:00,AAL1347,27.11439514160156,-82.36242906102592,11277.6,148.97213035088149,236.535175106148
2024-07-26 15:54:58+00:00,AAL1347,27.113512976694917,-82.3618610088642,11277.6,148.9077778098547,236.09448837989856
2024-07-26 15:54:59+00:00,AAL1347,27.11169743942002,-82.36059335561896,11269.98,148.9077778098547,236.09448837989856
2024-07-26 15:55:00+00:00,AAL1347,27.109835349907307,-82.35937852125898,11269.98,148.9077778098547,236.09448837989856
2024-07-26 15:55:01+00:00,AAL1347,27.1080322265625,-82.3581278099204,11269.98,148.9077778098547,236.09448837989856
2024-07-26 15:55:02+00:00,AAL1347,27.10601806640625,-82.35679039588342,11269.98,148.9077778098547,236.09448837989856
2024-07-26 15:55:03+00:00,AAL1347,27.10420252913136,-82.35557556152344,11269.98,148.9077778098547,236.09448837989856
2024-07-26 15:55:04+00:00,AAL1347,27.102584838867188,-82.35444842644455,11277.6,148.9077778098547,236.09448837989856
2024-07-26 15:55:05+00:00,AAL1347,27.099838256835938,-82.3526346458579,11277.6,148.97213035088149,236.535175106148
2024-07-26 15:55:06+00:00,AAL1347,27.09819729045286,-82.35150850736176,11277.6,148.97213035088149,236.535175106148
2024-07-26 15:55:07+00:00,AAL1347,27.09670761884269,-82.35055776742786,11277.6,148.97213035088149,236.535175106148
2024-07-26 15:55:08+00:00,AAL1347,27.094711303710938,-82.34916255159197,11277.6,148.97213035088149,236.535175106148
2024-07-26 15:55:09+00:00,AAL1347,27.09289033534163,-82.34796964205225,11277.6,148.97213035088149,236.535175106148
2024-07-26 15:55:10+00:00,AAL1347,27.09107479806673,-82.34675480769232,11277.6,148.97213035088149,236.535175106148
2024-07-26 15:55:11+00:00,AAL1347,27.08925926079184,-82.34553997333234,11277.6,148.97213035088149,236.535175106148
2024-07-26 15:55:12+00:00,AAL1347,27.087615966796875,-82.34439489976415,11277.6,148.97213035088149,236.535175106148
2024-07-26 15:55:13+00:00,AAL1347,27.085601806640625,-82.34304751989976,11277.6,149.07903343720272,236.2704136554443
2024-07-26 15:55:14+00:00,AAL1347,27.083579887778072,-82.34173701359674,11277.6,149.07903343720272,236.2704136554443
2024-07-26 15:55:15+00:00,AAL1347,27.082835051972985,-82.34120882474457,11277.6,149.07903343720272,236.2704136554443
2024-07-26 15:55:16+00:00,AAL1347,27.080841064453125,-82.33988635944871,11277.6,149.07903343720272,236.2704136554443
2024-07-26 15:55:17+00:00,AAL1347,27.078094482421875,-82.33807257886201,11277.6,149.07903343720272,236.2704136554443
2024-07-26 15:55:18+00:00,AAL1347,27.07626342773437,-82.33682884360258,11277.6,149.07903343720272,236.2704136554443
2024-07-26 15:55:19+00:00,AAL1347,27.07534014168432,-82.33624384953424,11277.6,149.07903343720272,236.2704136554443
2024-07-26 15:55:20+00:00,AAL1347,27.07296597755561,-82.33465928297773,11277.6,149.07903343720272,236.2704136554443
2024-07-26 15:55:21+00:00,AAL1347,27.07115044028072,-82.33339162973255,11277.6,149.07903343720272,236.2704136554443
2024-07-26 15:55:22+00:00,AAL1347,27.069168090820312,-82.33206119177476,11277.6,149.07903343720272,236.2704136554443
2024-07-26 15:55:23+00:00,AAL1347,27.06733703613281,-82.33081745651532,11277.6,149.07903343720272,236.2704136554443
2024-07-26 15:55:24+00:00,AAL1347,27.06621590307203,-82.33011685884912,11277.6,149.07903343720272,236.2704136554443
2024-07-26 15:55:25+00:00,AAL1347,27.063491821289062,-82.328278163694,11277.6,149.07903343720272,236.2704136554443
2024-07-26 15:55:26+00:00,AAL1347,27.06183999271716,-82.32715900127704,11277.6,149.07903343720272,236.2704136554443
2024-07-26 15:55:27+00:00,AAL1347,27.06019592285156,-82.3260498046875,11277.6,149.07903343720272,236.2704136554443
2024-07-26 15:55:28+00:00,AAL1347,27.058395127118644,-82.32483497032752,11277.6,149.07903343720272,236.2704136554443
2024-07-26 15:55:29+00:00,AAL1347,27.056716918945312,-82.32376962337855,11277.6,149.07903343720272,236.2704136554443
2024-07-26 15:55:30+00:00,AAL1347,27.05508991823358,-82.32266939603363,11277.6,149.07903343720272,236.2704136554443
2024-07-26 15:55:31+00:00,AAL1347,27.053088172007413,-82.321296105018,11277.6,149.07903343720272,236.2704136554443
2024-07-26 15:55:32+00:00,AAL1347,27.05108642578125,-82.31993477299528,11277.6,149.07903343720272,236.2704136554443
2024-07-26 15:55:33+00:00,AAL1347,27.04925537109375,-82.3187428600383,11277.6,149.07903343720272,236.2704136554443
2024-07-26 15:55:34+00:00,AAL1347,27.047408798993644,-82.31749314528241,11277.6,149.07903343720272,236.2704136554443
2024-07-26 15:55:35+00:00,AAL1347,27.04559326171875,-82.31627831092248,11277.6,149.07903343720272,236.2704136554443
2024-07-26 15:55:36+00:00,AAL1347,27.04410359010858,-82.31532757098859,11277.6,149.03624346792648,236.9761591107519
2024-07-26 15:55:37+00:00,AAL1347,27.041748046875,-82.3137160966981,11277.6,149.03624346792648,236.9761591107519
2024-07-26 15:55:38+00:00,AAL1347,27.039913888704977,-82.31247535118689,11277.6,149.03624346792648,236.9761591107519
2024-07-26 15:55:39+00:00,AAL1347,27.03826904296875,-82.31138409308664,11277.6,149.03624346792648,236.9761591107519
2024-07-26 15:55:40+00:00,AAL1347,27.03643798828125,-82.31019218012972,11277.6,149.03624346792648,236.9761591107519
2024-07-26 15:55:41+00:00,AAL1347,27.034423828125,-82.30884480026532,11277.6,149.14301893043998,236.71189089968223
2024-07-26 15:55:42+00:00,AAL1347,27.032958984375,-82.30786017651826,11277.6,149.14301893043998,236.71189089968223
2024-07-26 15:55:43+00:00,AAL1347,27.031301724708687,-82.3067709115835,11277.6,149.14301893043998,236.71189089968223
2024-07-26 15:55:44+00:00,AAL1347,27.02948618743379,-82.30550325833832,11277.6,149.14301893043998,236.71189089968223
2024-07-26 15:55:45+00:00,AAL1347,27.02691650390625,-82.30381803692512,11277.6,149.14301893043998,236.71189089968223
2024-07-26 15:55:46+00:00,AAL1347,27.02508544921875,-82.30257430166569,11277.6,149.14301893043998,236.71189089968223
2024-07-26 15:55:47+00:00,AAL1347,27.024179232322563,-82.30196439302881,11277.6,149.14301893043998,236.71189089968223
2024-07-26 15:55:48+00:00,AAL1347,27.02231714280985,-82.30074955866888,11277.6,149.14301893043998,236.71189089968223
2024-07-26 15:55:49+00:00,AAL1347,27.0205078125,-82.29951678581955,11277.6,149.14301893043998,236.71189089968223
2024-07-26 15:55:50+00:00,AAL1347,27.01849985930879,-82.29816143329327,11277.6,149.03624346792648,236.9761591107519
2024-07-26 15:55:51+00:00,AAL1347,27.0164794921875,-82.29682202609081,11277.6,149.03624346792648,236.9761591107519
2024-07-26 15:55:52+00:00,AAL1347,27.0140773967161,-82.29525639460638,11277.6,149.03624346792648,236.9761591107519
2024-07-26 15:55:53+00:00,AAL1347,27.01300048828125,-82.29449002247935,11277.6,149.03624346792648,236.9761591107519
2024-07-26 15:55:54+00:00,AAL1347,27.010958396782307,-82.2931436391977,11277.6,149.03624346792648,236.9761591107519
2024-07-26 15:55:55+00:00,AAL1347,27.009142859507413,-82.29192880483771,11277.6,149.03624346792648,236.9761591107519
2024-07-26 15:55:56+00:00,AAL1347,27.00714111328125,-82.29060833270734,11277.6,149.03624346792648,236.9761591107519
2024-07-26 15:55:57+00:00,AAL1347,27.005279023768537,-82.28939349834735,11277.6,149.03624346792648,236.9761591107519
2024-07-26 15:55:58+00:00,AAL1347,27.003649695444917,-82.28828430175781,11277.6,149.03624346792648,236.9761591107519
2024-07-26 15:55:59+00:00,AAL1347,27.00183415817002,-82.28706946739783,11277.6,149.03624346792648,236.9761591107519
2024-07-26 15:56:00+00:00,AAL1347,27.00018310546875,-82.28593934257077,11277.6,149.03624346792648,236.9761591107519
2024-07-26 15:56:01+00:00,AAL1347,26.99835205078125,-82.28469560731133,11277.6,149.03624346792648,236.9761591107519
2024-07-26 15:56:02+00:00,AAL1347,26.99648065082097,-82.28347778320312,11277.6,149.03624346792648,236.9761591107519
2024-07-26 15:56:03+00:00,AAL1347,26.99466511354608,-82.28226294884314,11277.6,149.03624346792648,236.9761591107519
2024-07-26 15:56:04+00:00,AAL1347,26.99267578125,-82.28091257923052,11277.6,149.03624346792648,236.9761591107519
2024-07-26 15:56:05+00:00,AAL1347,26.99066162109375,-82.27956519936612,11277.6,149.03624346792648,236.9761591107519
2024-07-26 15:56:06+00:00,AAL1347,26.988613322629767,-82.27824871356671,11277.6,149.03624346792648,236.9761591107519
2024-07-26 15:56:07+00:00,AAL1347,26.98699951171875,-82.27712955114976,11277.6,149.03624346792648,236.9761591107519
2024-07-26 15:56:08+00:00,AAL1347,26.98512190479343,-82.27592468261719,11277.6,149.14301893043998,236.71189089968223
2024-07-26 15:56:09+00:00,AAL1347,26.983306367518537,-82.2747098482572,11277.6,149.14301893043998,236.71189089968223
2024-07-26 15:56:10+00:00,AAL1347,26.981490830243644,-82.27344219501202,11277.6,149.14301893043998,236.71189089968223
2024-07-26 15:56:11+00:00,AAL1347,26.979812622070312,-82.27236189932194,11277.6,149.14301893043998,236.71189089968223
2024-07-26 15:56:12+00:00,AAL1347,26.977798461914062,-82.27101451945754,11269.98,149.14301893043998,236.71189089968223
2024-07-26 15:56:13+00:00,AAL1347,26.97596740722656,-82.2697707841981,11277.6,149.14301893043998,236.71189089968223
2024-07-26 15:56:14+00:00,AAL1347,26.97394936771716,-82.2684772198017,11277.6,149.14301893043998,236.71189089968223
2024-07-26 15:56:15+00:00,AAL1347,26.972133830442267,-82.26720956655646,11277.6,149.14301893043998,236.71189089968223
2024-07-26 15:56:16+00:00,AAL1347,26.9701320842161,-82.26588909442609,11277.6,149.14301893043998,236.71189089968223
2024-07-26 15:56:17+00:00,AAL1347,26.969014830508478,-82.26514963003302,11277.6,149.14301893043998,236.71189089968223
2024-07-26 15:56:18+00:00,AAL1347,26.96645445742849,-82.26345942570612,11277.6,149.14301893043998,236.71189089968223
2024-07-26 15:56:19+00:00,AAL1347,26.96482512910487,-82.26235022911658,11277.6,149.14301893043998,236.71189089968223
2024-07-26 15:56:20+00:00,AAL1347,26.96296303959216,-82.2611353947566,11277.6,149.14301893043998,236.71189089968223
2024-07-26 15:56:21+00:00,AAL1347,26.961519920219807,-82.2601318359375,11277.6,149.14301893043998,236.71189089968223
2024-07-26 15:56:22+00:00,AAL1347,26.95985412597656,-82.25904356758548,11277.6,149.14301893043998,236.71189089968223
2024-07-26 15:56:23+00:00,AAL1347,26.957839965820312,-82.25769618772108,11277.6,149.14301893043998,236.71189089968223
2024-07-26 15:56:24+00:00,AAL1347,26.95600891113281,-82.25645245246164,11277.6,149.14301893043998,236.71189089968223
2024-07-26 15:56:25+00:00,AAL1347,26.95509571140095,-82.25585350623498,11277.6,149.14301893043998,236.71189089968223
2024-07-26 15:56:26+00:00,AAL1347,26.952163696289062,-82.25391315964032,11277.6,149.14301893043998,236.71189089968223
2024-07-26 15:56:27+00:00,AAL1347,26.950533592094807,-82.2527900108924,11277.6,149.14301893043998,236.71189089968223
2024-07-26 15:56:28+00:00,AAL1347,26.948718054819917,-82.25157517653241,11277.6,149.14301893043998,236.71189089968223
2024-07-26 15:56:29+00:00,AAL1347,26.9468559653072,-82.25036034217248,11277.6,149.14301893043998,236.71189089968223
2024-07-26 15:56:30+00:00,AAL1347,26.944656372070312,-82.24888639630012,11277.6,149.14301893043998,236.71189089968223
2024-07-26 15:56:31+00:00,AAL1347,26.943038681806144,-82.24777221679688,11277.6,149.14301893043998,236.71189089968223
2024-07-26 15:56:32+00:00,AAL1347,26.940994262695312,-82.2464507480837,11277.6,149.14301893043998,236.71189089968223
2024-07-26 15:56:33+00:00,AAL1347,26.939174846067267,-82.24523691030646,11277.6,149.14301893043998,236.71189089968223
2024-07-26 15:56:34+00:00,AAL1347,26.93735930879237,-82.24402207594648,11277.6,149.14301893043998,236.71189089968223
2024-07-26 15:56:35+00:00,AAL1347,26.93568420410156,-82.24292683151532,11277.6,149.14301893043998,236.71189089968223
2024-07-26 15:56:36+00:00,AAL1347,26.93463134765625,-82.24214949697819,11277.6,149.14301893043998,236.71189089968223
2024-07-26 15:56:37+00:00,AAL1347,26.9316799357786,-82.24021911621094,11277.6,149.14301893043998,236.71189089968223
2024-07-26 15:56:38+00:00,AAL1347,26.9300537109375,-82.23914380343456,11277.6,149.14301893043998,236.71189089968223
2024-07-26 15:56:39+00:00,AAL1347,26.928374726893537,-82.23800072303186,11277.6,149.14301893043998,236.71189089968223
2024-07-26 15:56:40+00:00,AAL1347,26.92657470703125,-82.2368117998231,11277.6,149.14301893043998,236.71189089968223
2024-07-26 15:56:41+00:00,AAL1347,26.92474365234375,-82.23556806456367,11277.6,149.14301893043998,236.71189089968223
2024-07-26 15:56:42+00:00,AAL1347,26.923067771782307,-82.23446185772235,11277.6,149.14301893043998,236.71189089968223
2024-07-26 15:56:43+00:00,AAL1347,26.92144775390625,-82.23339152785968,11277.6,149.14301893043998,236.71189089968223
2024-07-26 15:56:44+00:00,AAL1347,26.91943669723252,-82.23203218900238,11277.6,149.14301893043998,236.71189089968223
2024-07-26 15:56:45+00:00,AAL1347,26.9176025390625,-82.23080041273585,11277.6,149.14301893043998,236.71189089968223
2024-07-26 15:56:46+00:00,AAL1347,26.915771484375,-82.22960849977886,11277.6,149.14301893043998,236.71189089968223
2024-07-26 15:56:47+00:00,AAL1347,26.91375732421875,-82.22828204815204,11277.6,149.14301893043998,236.71189089968223
2024-07-26 15:56:48+00:00,AAL1347,26.91192626953125,-82.22701738465508,11277.6,149.14301893043998,236.71189089968223
2024-07-26 15:56:49+00:00,AAL1347,26.91009521484375,-82.2258254716981,11277.6,149.14301893043998,236.71189089968223
2024-07-26 15:56:50+00:00,AAL1347,26.90826416015625,-82.22458173643867,11277.6,149.14301893043998,236.71189089968223
2024-07-26 15:56:51+00:00,AAL1347,26.90643310546875,-82.22338982348174,11269.98,149.14301893043998,236.71189089968223
2024-07-26 15:56:52+00:00,AAL1347,26.9044189453125,-82.22204244361734,11269.98,149.14301893043998,236.71189089968223
2024-07-26 15:56:53+00:00,AAL1347,26.9029541015625,-82.22105781987028,11269.98,149.14301893043998,236.71189089968223
2024-07-26 15:56:54+00:00,AAL1347,26.9013278767214,-82.21998948317304,11269.98,149.14301893043998,236.71189089968223
2024-07-26 15:56:55+00:00,AAL1347,26.899658203125,-82.21888128316624,11262.36,149.14301893043998,236.71189089968223
2024-07-26 15:56:56+00:00,AAL1347,26.89764404296875,-82.2175339033019,11262.36,149.14301893043998,236.71189089968223
2024-07-26 15:56:57+00:00,AAL1347,26.89602092161017,-82.21645061786359,11254.74,149.14301893043998,236.71189089968223
2024-07-26 15:56:58+00:00,AAL1347,26.894158832097457,-82.2152357835036,11254.74,149.14301893043998,236.71189089968223
2024-07-26 15:56:59+00:00,AAL1347,26.892333984375,-82.21400998673346,11247.12,149.14301893043998,236.71189089968223
2024-07-26 15:57:00+00:00,AAL1347,26.889596712791317,-82.21217228816107,11239.5,149.14301893043998,236.71189089968223
2024-07-26 15:57:01+00:00,AAL1347,26.888479459083687,-82.211432823768,11239.5,149.14301893043998,236.71189089968223
2024-07-26 15:57:02+00:00,AAL1347,26.886474609375,-82.21007149174528,11231.88,149.14301893043998,236.71189089968223
2024-07-26 15:57:03+00:00,AAL1347,26.88446044921875,-82.20872411188088,11224.26,149.14301893043998,236.71189089968223
2024-07-26 15:57:04+00:00,AAL1347,26.88262939453125,-82.2075321989239,11216.64,149.14301893043998,236.71189089968223
2024-07-26 15:57:05+00:00,AAL1347,26.88079833984375,-82.20628846366452,11216.64,149.14301893043998,236.71189089968223
2024-07-26 15:57:06+00:00,AAL1347,26.87896728515625,-82.20509655070754,11209.02,149.14301893043998,236.71189089968223
2024-07-26 15:57:07+00:00,AAL1347,26.87716726529396,-82.20387972318207,11209.02,149.2067661177604,237.15366225919772
2024-07-26 15:57:08+00:00,AAL1347,26.87548828125,-82.20276454709608,11201.4,149.31365103347048,236.89070926194336
2024-07-26 15:57:09+00:00,AAL1347,26.8736572265625,-82.20157263413915,11193.78,149.31365103347048,236.89070926194336
2024-07-26 15:57:10+00:00,AAL1347,26.87164306640625,-82.20022525427476,11193.78,149.31365103347048,236.89070926194336
2024-07-26 15:57:11+00:00,AAL1347,26.86999822067002,-82.19912602351263,11186.16,149.31365103347048,236.89070926194336
2024-07-26 15:57:12+00:00,AAL1347,26.86798095703125,-82.19778960605834,11178.54,149.31365103347048,236.89070926194336
2024-07-26 15:57:13+00:00,AAL1347,26.866320593882413,-82.19669635479266,11178.54,149.31365103347048,236.89070926194336
2024-07-26 15:57:14+00:00,AAL1347,26.864501953125,-82.19550942474939,11170.92,149.31365103347048,236.89070926194336
2024-07-26 15:57:15+00:00,AAL1347,26.862130892478813,-82.19389695387616,11163.3,149.31365103347048,236.89070926194336
2024-07-26 15:57:16+00:00,AAL1347,26.8612060546875,-82.1932810657429,11163.3,149.31365103347048,236.89070926194336
2024-07-26 15:57:17+00:00,AAL1347,26.859375,-82.19208915278597,11155.68,149.31365103347048,236.89070926194336
2024-07-26 15:57:18+00:00,AAL1347,26.85736083984375,-82.19074177292157,11155.68,149.31365103347048,236.89070926194336
2024-07-26 15:57:19+00:00,AAL1347,26.85516357421875,-82.18929074845221,11148.06,149.31365103347048,236.89070926194336
2024-07-26 15:57:20+00:00,AAL1347,26.85365295410156,-82.18830612470515,11140.44,149.31365103347048,236.89070926194336
2024-07-26 15:57:21+00:00,AAL1347,26.851638793945312,-82.18695874484081,11140.44,149.2067661177604,237.15366225919772
2024-07-26 15:57:22+00:00,AAL1347,26.84980773925781,-82.18576683188383,11132.82,149.2067661177604,237.15366225919772
2024-07-26 15:57:23+00:00,AAL1347,26.848165221133478,-82.18465364896332,11125.2,149.2067661177604,237.15366225919772
2024-07-26 15:57:24+00:00,AAL1347,26.84560484805349,-82.18296344463641,11117.58,149.2067661177604,237.15366225919772
2024-07-26 15:57:25+00:00,AAL1347,26.844497680664062,-82.18224291531544,11117.58,149.2067661177604,237.15366225919772
2024-07-26 15:57:26+00:00,AAL1347,26.842858266022244,-82.18111478365381,11117.58,149.2067661177604,237.15366225919772
2024-07-26 15:57:27+00:00,AAL1347,26.84099617650953,-82.17989994929388,11109.96,149.2067661177604,237.15366225919772
2024-07-26 15:57:28+00:00,AAL1347,26.83918063923464,-82.1786851149339,11102.34,149.2067661177604,237.15366225919772
2024-07-26 15:57:29+00:00,AAL1347,26.837178893008478,-82.17736464280347,11102.34,149.2067661177604,237.15366225919772
2024-07-26 15:57:30+00:00,AAL1347,26.835525512695312,-82.17623152822819,11094.72,149.2067661177604,237.15366225919772
2024-07-26 15:57:31+00:00,AAL1347,26.83275643041578,-82.17440678523138,11087.1,149.2067661177604,237.15366225919772
2024-07-26 15:57:32+00:00,AAL1347,26.831639176708155,-82.17366732083832,11079.48,149.2067661177604,237.15366225919772
2024-07-26 15:57:33+00:00,AAL1347,26.82963743048199,-82.17234684870795,11079.48,149.2067661177604,237.15366225919772
2024-07-26 15:57:34+00:00,AAL1347,26.82777534096928,-82.17113201434796,11071.86,149.2067661177604,237.15366225919772
2024-07-26 15:57:35+00:00,AAL1347,26.826141357421875,-82.170012851931,11071.86,149.100118335013,237.4174387371976
2024-07-26 15:57:36+00:00,AAL1347,26.82414426641949,-82.1686495267428,11064.24,149.100118335013,237.4174387371976
2024-07-26 15:57:37+00:00,AAL1347,26.822296142578125,-82.16747355910968,11056.62,149.16375611982394,237.8590123401588
2024-07-26 15:57:38+00:00,AAL1347,26.82060629634534,-82.16632549579327,11056.62,149.16375611982394,237.8590123401588
2024-07-26 15:57:39+00:00,AAL1347,26.81895446777344,-82.16524520010319,11049.0,149.16375611982394,237.8590123401588
2024-07-26 15:57:40+00:00,AAL1347,26.817114878509003,-82.16400146484375,11049.0,149.16375611982394,237.8590123401588
2024-07-26 15:57:41+00:00,AAL1347,26.815475463867188,-82.16291319649173,11041.38,149.16375611982394,237.8590123401588
2024-07-26 15:57:42+00:00,AAL1347,26.813644409179688,-82.1616694612323,11033.76,149.16375611982394,237.8590123401588
2024-07-26 15:57:43+00:00,AAL1347,26.81163024902344,-82.1603220813679,11033.76,149.05747198844938,238.12311889078603
2024-07-26 15:57:44+00:00,AAL1347,26.80975341796875,-82.15913016841097,11026.14,149.05747198844938,238.12311889078603
2024-07-26 15:57:45+00:00,AAL1347,26.80792236328125,-82.15788643315153,11018.52,149.1210004763876,238.56449566194576
2024-07-26 15:57:46+00:00,AAL1347,26.80517578125,-82.15602083026238,11010.9,149.1210004763876,238.56449566194576
2024-07-26 15:57:47+00:00,AAL1347,26.80366516113281,-82.15503620651532,11010.9,149.1210004763876,238.56449566194576
2024-07-26 15:57:48+00:00,AAL1347,26.802566528320312,-82.15431069428064,11003.28,149.1210004763876,238.56449566194576
2024-07-26 15:57:49+00:00,AAL1347,26.80091469974841,-82.15322641225958,11003.28,149.1210004763876,238.56449566194576
2024-07-26 15:57:50+00:00,AAL1347,26.799052610235695,-82.1520115778996,10995.66,149.1210004763876,238.56449566194576
2024-07-26 15:57:51+00:00,AAL1347,26.79705086400953,-82.15063828688398,10995.66,149.1210004763876,238.56449566194576
2024-07-26 15:57:52+00:00,AAL1347,26.795379638671875,-82.14954304245282,10988.04,149.1210004763876,238.56449566194576
2024-07-26 15:57:53+00:00,AAL1347,26.79354858398437,-82.14829930719338,10988.04,149.1210004763876,238.56449566194576
2024-07-26 15:57:54+00:00,AAL1347,26.79188356561176,-82.14720505934491,10980.42,149.18429424827082,239.0061646398685
2024-07-26 15:57:55+00:00,AAL1347,26.789291381835938,-82.14544908055717,10972.8,149.18429424827082,239.0061646398685
2024-07-26 15:57:56+00:00,AAL1347,26.78668212890625,-82.14373894457549,10965.18,149.07849698498126,239.27011104598455
2024-07-26 15:57:58+00:00,AAL1347,26.783706665039062,-82.14176969708137,10957.56,149.07849698498126,239.27011104598455
2024-07-26 15:57:59+00:00,AAL1347,26.781502416578387,-82.1402857853816,10949.94,149.07849698498126,239.27011104598455
2024-07-26 15:58:00+00:00,AAL1347,26.780757580773304,-82.13981041541467,10949.94,149.07849698498126,239.27011104598455
2024-07-26 15:58:01+00:00,AAL1347,26.778717041015625,-82.13845306972286,10949.94,149.07849698498126,239.27011104598455
2024-07-26 15:58:02+00:00,AAL1347,26.776521327131885,-82.13695819561298,10942.32,149.14168276648076,239.7115839725679
2024-07-26 15:58:03+00:00,AAL1347,26.774826049804688,-82.13581013229657,10934.7,149.14168276648076,239.7115839725679
2024-07-26 15:58:04+00:00,AAL1347,26.77279714810646,-82.13447570800781,10934.7,149.14168276648076,239.7115839725679
2024-07-26 15:58:05+00:00,AAL1347,26.77093505859375,-82.13326087364783,10927.08,149.14168276648076,239.7115839725679
2024-07-26 15:58:06+00:00,AAL1347,26.76837158203125,-82.13150888119105,10919.46,149.14168276648076,239.7115839725679
2024-07-26 15:58:07+00:00,AAL1347,26.767443640757413,-82.13088402381311,10919.46,149.03624346792648,239.97585732734368
2024-07-26 15:58:08+00:00,AAL1347,26.7655815512447,-82.12966918945312,10911.84,149.03624346792648,239.97585732734368
2024-07-26 15:58:09+00:00,AAL1347,26.76278686523437,-82.12777767541274,10904.22,149.03624346792648,239.97585732734368
2024-07-26 15:58:10+00:00,AAL1347,26.760772705078125,-82.12643029554835,10896.6,149.03624346792648,239.97585732734368
2024-07-26 15:58:11+00:00,AAL1347,26.75906423795021,-82.12533804086536,10896.6,149.03624346792648,239.97585732734368
2024-07-26 15:58:12+00:00,AAL1347,26.75816345214844,-82.1247201595666,10888.98,149.03624346792648,239.97585732734368
2024-07-26 15:58:13+00:00,AAL1347,26.755759029065143,-82.12311964768628,10881.36,149.03624346792648,239.97585732734368
2024-07-26 15:58:14+00:00,AAL1347,26.75482177734375,-82.12249180056011,10881.36,149.14168276648076,239.7115839725679
2024-07-26 15:58:15+00:00,AAL1347,26.752029418945312,-82.12062619767096,10866.12,149.14168276648076,239.7115839725679
2024-07-26 15:58:16+00:00,AAL1347,26.75019836425781,-82.11938246241152,10858.5,149.14168276648076,239.7115839725679
2024-07-26 15:58:17+00:00,AAL1347,26.74946594238281,-82.11891606168928,10858.5,149.14168276648076,239.7115839725679
2024-07-26 15:58:18+00:00,AAL1347,26.74668134269068,-82.11704547588641,10843.26,149.14168276648076,239.7115839725679
2024-07-26 15:58:19+00:00,AAL1347,26.74463304422669,-82.11567218487079,10835.64,149.14168276648076,239.7115839725679
2024-07-26 15:58:20+00:00,AAL1347,26.742599487304688,-82.11435569907133,10828.02,149.14168276648076,239.7115839725679
2024-07-26 15:58:21+00:00,AAL1347,26.7410888671875,-82.11337107532427,10812.78,149.14168276648076,239.7115839725679
2024-07-26 15:58:22+00:00,AAL1347,26.73870849609375,-82.11176458394749,10805.16,149.07849698498126,239.27011104598455
2024-07-26 15:58:23+00:00,AAL1347,26.73667261155985,-82.11039029634912,10789.92,149.07849698498126,239.27011104598455
2024-07-26 15:58:24+00:00,AAL1347,26.734810522047137,-82.1091754619892,10774.68,149.07849698498126,239.27011104598455
2024-07-26 15:58:26+00:00,AAL1347,26.731319104210804,-82.10679861215442,10751.82,149.07849698498126,239.27011104598455
2024-07-26 15:58:27+00:00,AAL1347,26.72945701469809,-82.10558377779444,10744.2,149.07849698498126,239.27011104598455
2024-07-26 15:58:28+00:00,AAL1347,26.72759492518538,-82.10436894343451,10728.96,149.07849698498126,239.27011104598455
2024-07-26 15:58:29+00:00,AAL1347,26.72666931152344,-82.10373212706367,10721.34,149.07849698498126,239.27011104598455
2024-07-26 15:58:30+00:00,AAL1347,26.723731089446503,-82.1017808180589,10698.48,149.07849698498126,239.27011104598455
2024-07-26 15:58:31+00:00,AAL1347,26.722241417836333,-82.10077725923975,10690.86,149.07849698498126,239.27011104598455
2024-07-26 15:58:32+00:00,AAL1347,26.7205810546875,-82.09968998747053,10675.62,149.07849698498126,239.27011104598455
2024-07-26 15:58:33+00:00,AAL1347,26.71870422363281,-82.09844625221109,10660.38,149.07849698498126,239.27011104598455
2024-07-26 15:58:34+00:00,AAL1347,26.71669006347656,-82.09709887234669,10645.14,149.07849698498126,239.27011104598455
2024-07-26 15:58:35+00:00,AAL1347,26.71502582097457,-82.09597074068506,10629.9,149.14168276648076,239.7115839725679
2024-07-26 15:58:36+00:00,AAL1347,26.713536149364405,-82.09502000075116,10614.66,149.14168276648076,239.7115839725679
2024-07-26 15:58:37+00:00,AAL1347,26.711487850900426,-82.09364670973554,10599.42,149.14168276648076,239.7115839725679
2024-07-26 15:58:38+00:00,AAL1347,26.709998179290253,-82.09264315091644,10591.8,149.14168276648076,239.7115839725679
2024-07-26 15:58:39+00:00,AAL1347,26.70818264201536,-82.09142831655646,10576.56,149.14168276648076,239.7115839725679
2024-07-26 15:58:40+00:00,AAL1347,26.70632055250265,-82.09016066331128,10561.32,149.14168276648076,239.7115839725679
2024-07-26 15:58:41+00:00,AAL1347,26.70465087890625,-82.08906641546287,10546.08,149.14168276648076,239.7115839725679
2024-07-26 15:58:42+00:00,AAL1347,26.70241016452595,-82.08757253793567,10530.84,149.14168276648076,239.7115839725679
2024-07-26 15:58:43+00:00,AAL1347,26.70054807501324,-82.08635770357569,10515.6,149.14168276648076,239.7115839725679
2024-07-26 15:58:44+00:00,AAL1347,26.69868598550053,-82.08514286921576,10500.36,149.20463616313262,240.15334735659087
2024-07-26 15:58:45+00:00,AAL1347,26.696823895987816,-82.08387521597052,10485.12,149.20463616313262,240.15334735659087
2024-07-26 15:58:46+00:00,AAL1347,26.69407731395657,-82.08202655498798,10462.26,149.20463616313262,240.15334735659087
2024-07-26 15:58:47+00:00,AAL1347,26.692215224443856,-82.08081172062799,10447.02,149.20463616313262,240.15334735659087
2024-07-26 15:58:48+00:00,AAL1347,26.691097970736227,-82.08007225623498,10439.4,149.20463616313262,240.15334735659087
2024-07-26 15:58:49+00:00,AAL1347,26.68923588122352,-82.07880460298975,10424.16,149.20463616313262,240.15334735659087
2024-07-26 15:58:50+00:00,AAL1347,26.68734741210937,-82.07761368661556,10408.92,149.20463616313262,240.15334735659087
2024-07-26 15:58:51+00:00,AAL1347,26.685470581054688,-82.07636995135613,10393.68,149.26735830341795,240.59539959810456
2024-07-26 15:58:52+00:00,AAL1347,26.683639526367188,-82.07512621609669,10378.44,149.26735830341795,240.59539959810456
2024-07-26 15:58:53+00:00,AAL1347,26.68197373212394,-82.07399808443506,10363.2,149.16216805531275,240.8587032206388
2024-07-26 15:58:54+00:00,AAL1347,26.678970336914062,-82.0720168779481,10340.34,149.16216805531275,240.8587032206388
2024-07-26 15:58:55+00:00,AAL1347,26.678063344147244,-82.07140995905951,10332.72,149.16216805531275,240.8587032206388
2024-07-26 15:58:56+00:00,AAL1347,26.67620125463453,-82.07014230581427,10317.48,149.16216805531275,240.8587032206388
2024-07-26 15:58:57+00:00,AAL1347,26.674484252929688,-82.06906300670693,10302.24,149.16216805531275,240.8587032206388
2024-07-26 15:58:58+00:00,AAL1347,26.67247009277344,-82.06766380454008,10287.0,149.16216805531275,240.8587032206388
2024-07-26 15:58:59+00:00,AAL1347,26.67059326171875,-82.06642006928064,10271.76,149.05720789418191,241.12281690404612
2024-07-26 15:59:00+00:00,AAL1347,26.668716430664062,-82.0651763340212,10248.9,149.05720789418191,241.12281690404612
2024-07-26 15:59:01+00:00,AAL1347,26.667030463784428,-82.0640681340144,10233.66,149.1199479803461,241.56419063718167
2024-07-26 15:59:02+00:00,AAL1347,26.66554079217426,-82.06306457519531,10218.42,149.1199479803461,241.56419063718167
2024-07-26 15:59:03+00:00,AAL1347,26.66349249371028,-82.06174410306488,10203.18,149.1199479803461,241.56419063718167
2024-07-26 15:59:04+00:00,AAL1347,26.66144419524629,-82.06037081204926,10187.94,149.1199479803461,241.56419063718167
2024-07-26 15:59:05+00:00,AAL1347,26.65958210573358,-82.05910315880408,10165.08,149.1199479803461,241.56419063718167
2024-07-26 15:59:06+00:00,AAL1347,26.657867431640625,-82.05797303397702,10149.84,149.18245913906918,242.0058529662235
2024-07-26 15:59:07+00:00,AAL1347,26.6554389565678,-82.05635657677283,10134.6,149.18245913906918,242.0058529662235
2024-07-26 15:59:08+00:00,AAL1347,26.653564453125,-82.05512280734081,10111.74,149.07797381707573,242.26980845698063
2024-07-26 15:59:09+00:00,AAL1347,26.651900986493644,-82.05397972693811,10096.5,149.07797381707573,242.26980845698063
2024-07-26 15:59:10+00:00,AAL1347,26.64999234474311,-82.05276489257812,10081.26,149.07797381707573,242.26980845698063
2024-07-26 15:59:11+00:00,AAL1347,26.649078369140625,-82.05211711379718,10073.64,149.07797381707573,242.26980845698063
2024-07-26 15:59:12+00:00,AAL1347,26.6458740234375,-82.04999239939565,10043.16,149.14037963009162,242.7112771725968
2024-07-26 15:59:13+00:00,AAL1347,26.64496470305879,-82.04938448392426,10035.54,149.14037963009162,242.7112771725968
2024-07-26 15:59:14+00:00,AAL1347,26.642852783203125,-82.04797132959902,10012.68,149.03624346792648,242.97555554393549
2024-07-26 15:59:15+00:00,AAL1347,26.64119397179555,-82.0468491774339,9997.44,149.03624346792648,242.97555554393549
2024-07-26 15:59:16+00:00,AAL1347,26.63928533004502,-82.04563434307391,9982.2,149.098544037262,243.41683153412657
2024-07-26 15:59:17+00:00,AAL1347,26.63740539550781,-82.04434376842568,9966.96,149.098544037262,243.41683153412657
2024-07-26 15:59:18+00:00,AAL1347,26.63570080773305,-82.0432574932392,9951.72,149.098544037262,243.41683153412657
2024-07-26 15:59:19+00:00,AAL1347,26.63365173339844,-82.0418562979068,9928.86,149.098544037262,243.41683153412657
2024-07-26 15:59:20+00:00,AAL1347,26.63214111328125,-82.0408716741598,9913.62,149.16061906021963,243.8583942816013
2024-07-26 15:59:21+00:00,AAL1347,26.630254195908368,-82.03961299015924,9898.38,149.16061906021963,243.8583942816013
2024-07-26 15:59:22+00:00,AAL1347,26.62834555415784,-82.03834533691406,9883.14,149.16061906021963,243.8583942816013
2024-07-26 15:59:23+00:00,AAL1347,26.626483464645126,-82.03707768366888,9867.9,149.16061906021963,243.8583942816013
2024-07-26 15:59:24+00:00,AAL1347,26.624388613943324,-82.03570439265326,9852.66,149.0569502901233,244.1225149223032
2024-07-26 15:59:25+00:00,AAL1347,26.622711181640625,-82.03454935325766,9829.8,149.0569502901233,244.1225149223032
2024-07-26 15:59:26+00:00,AAL1347,26.619500628972457,-82.03242962176984,9806.94,149.1189213030564,244.5638856919312
2024-07-26 15:59:27+00:00,AAL1347,26.6177781961732,-82.0313204251803,9791.7,149.1189213030564,244.5638856919312
2024-07-26 15:59:28+00:00,AAL1347,26.61586955442267,-82.03005277193506,9776.46,149.1189213030564,244.5638856919312
2024-07-26 15:59:29+00:00,AAL1347,26.61419677734375,-82.02890072228774,9753.6,149.1189213030564,244.5638856919312
2024-07-26 15:59:30+00:00,AAL1347,26.612098823159428,-82.0275174654447,9738.36,149.1189213030564,244.5638856919312
2024-07-26 15:59:31+00:00,AAL1347,26.61037639036017,-82.02640826885516,9723.12,149.1806689656338,245.00554153475815
2024-07-26 15:59:32+00:00,AAL1347,26.60829162597656,-82.02501404960202,9707.88,149.1806689656338,245.00554153475815
2024-07-26 15:59:33+00:00,AAL1347,26.606605659096928,-82.02387296236475,9692.64,149.1806689656338,245.00554153475815
2024-07-26 15:59:34+00:00,AAL1347,26.6046970173464,-82.02265812800482,9677.4,149.1806689656338,245.00554153475815
2024-07-26 15:59:35+00:00,AAL1347,26.6026021666446,-82.02123201810394,9662.16,149.1806689656338,245.00554153475815
2024-07-26 15:59:36+00:00,AAL1347,26.600693524894066,-82.02001718374396,9646.92,149.2421943404929,245.44748091191016
2024-07-26 15:59:38+00:00,AAL1347,26.596710205078125,-82.01734434883548,9616.44,149.1806689656338,245.00554153475815
2024-07-26 15:59:39+00:00,AAL1347,26.594650268554688,-82.01594514666863,9601.2,149.1806689656338,245.00554153475815
2024-07-26 15:59:40+00:00,AAL1347,26.59254688327595,-82.01457683856671,9585.96,149.1806689656338,245.00554153475815
2024-07-26 15:59:42+00:00,AAL1347,26.5895209878178,-82.01256972092847,9563.1,149.1806689656338,245.00554153475815
2024-07-26 15:59:43+00:00,AAL1347,26.587646484375,-82.01133296174822,9555.48,149.1806689656338,245.00554153475815
2024-07-26 15:59:44+00:00,AAL1347,26.584991455078125,-82.00957100346403,9532.62,149.1806689656338,245.00554153475815
2024-07-26 15:59:45+00:00,AAL1347,26.58311462402344,-82.0083272682046,9525.0,149.1806689656338,245.00554153475815
2024-07-26 15:59:47+00:00,AAL1347,26.581001928297137,-82.00691810021033,9509.76,149.22246961446552,244.30024223145327
2024-07-26 15:59:48+00:00,AAL1347,26.578162241790253,-82.00506943922773,9494.52,149.22246961446552,244.30024223145327
2024-07-26 15:59:49+00:00,AAL1347,26.57647705078125,-82.00392237249412,9479.28,149.22246961446552,244.30024223145327
2024-07-26 15:59:50+00:00,AAL1347,26.57460021972656,-82.00267863723468,9464.04,149.22246961446552,244.30024223145327
2024-07-26 15:59:51+00:00,AAL1347,26.573646674721928,-82.00205876277045,9456.42,149.22246961446552,244.30024223145327
2024-07-26 15:59:52+00:00,AAL1347,26.56988525390625,-81.99951747678358,9433.56,149.16061906021963,243.8583942816013
2024-07-26 15:59:54+00:00,AAL1347,26.566291421146715,-81.99714660644531,9410.7,149.16061906021963,243.8583942816013
2024-07-26 15:59:55+00:00,AAL1347,26.56439208984375,-81.99588991561023,9403.08,149.16061906021963,243.8583942816013
2024-07-26 15:59:56+00:00,AAL1347,26.562515258789062,-81.9946461803508,9387.84,149.16061906021963,243.8583942816013
2024-07-26 15:59:57+00:00,AAL1347,26.56063842773437,-81.99340244509136,9372.6,149.26451229807992,243.59507371141555
2024-07-26 15:59:58+00:00,AAL1347,26.558936167571503,-81.99228726900537,9364.98,149.26451229807992,243.59507371141555
2024-07-26 15:59:59+00:00,AAL1347,26.556655883789062,-81.99081132996758,9349.74,149.26451229807992,243.59507371141555
2024-07-26 16:00:02+00:00,AAL1347,26.55274471994173,-81.9881673959585,9319.26,149.2025587613637,243.1530327776777
2024-07-26 16:00:03+00:00,AAL1347,26.549160197629767,-81.98579054612378,9296.4,149.2025587613637,243.1530327776777
2024-07-26 16:00:04+00:00,AAL1347,26.54745483398437,-81.98469629827537,9288.78,149.2025587613637,243.1530327776777
2024-07-26 16:00:05+00:00,AAL1347,26.545761884269066,-81.9835721529447,9273.54,149.14037963009162,242.7112771725968
2024-07-26 16:00:06+00:00,AAL1347,26.544272212658896,-81.98256859412561,9265.92,149.14037963009162,242.7112771725968
2024-07-26 16:00:07+00:00,AAL1347,26.542223914194917,-81.98119530310998,9250.68,149.14037963009162,242.7112771725968
2024-07-26 16:00:08+00:00,AAL1347,26.540315272444385,-81.97992764986475,9243.06,149.14037963009162,242.7112771725968
2024-07-26 16:00:09+00:00,AAL1347,26.538619995117188,-81.97884037809553,9227.82,149.14037963009162,242.7112771725968
2024-07-26 16:00:10+00:00,AAL1347,26.5367431640625,-81.97759664283609,9220.2,149.14037963009162,242.7112771725968
2024-07-26 16:00:11+00:00,AAL1347,26.53510142180879,-81.97644160344049,9204.96,149.07797381707573,242.26980845698063
2024-07-26 16:00:12+00:00,AAL1347,26.533218383789062,-81.97521281692218,9197.34,149.07797381707573,242.26980845698063
2024-07-26 16:00:13+00:00,AAL1347,26.53134155273437,-81.97396908166274,9182.1,149.18245913906918,242.0058529662235
2024-07-26 16:00:14+00:00,AAL1347,26.529464721679688,-81.97272534640331,9166.86,149.18245913906918,242.0058529662235
2024-07-26 16:00:15+00:00,AAL1347,26.5279541015625,-81.97174072265625,9159.24,149.18245913906918,242.0058529662235
2024-07-26 16:00:16+00:00,AAL1347,26.525894165039062,-81.9703415204894,9151.62,149.18245913906918,242.0058529662235
2024-07-26 16:00:17+00:00,AAL1347,26.524208198159428,-81.96925823505109,9136.38,149.18245913906918,242.0058529662235
2024-07-26 16:00:18+00:00,AAL1347,26.521408081054688,-81.96738764924822,9121.14,149.18245913906918,242.0058529662235
2024-07-26 16:00:19+00:00,AAL1347,26.520484019134003,-81.96677574744592,9113.52,149.18245913906918,242.0058529662235
2024-07-26 16:00:20+00:00,AAL1347,26.51862192962129,-81.96556091308594,9098.28,149.22478465781276,241.30056005650343
2024-07-26 16:00:21+00:00,AAL1347,26.516573631157307,-81.96418762207031,9090.66,149.22478465781276,241.30056005650343
2024-07-26 16:00:22+00:00,AAL1347,26.515083959547137,-81.96318406325116,9075.42,149.22478465781276,241.30056005650343
2024-07-26 16:00:23+00:00,AAL1347,26.51303100585937,-81.96184266288327,9067.8,149.22478465781276,241.30056005650343
2024-07-26 16:00:24+00:00,AAL1347,26.511154174804688,-81.96059892762383,9052.56,149.22478465781276,241.30056005650343
2024-07-26 16:00:25+00:00,AAL1347,26.50927734375,-81.9593551923644,9037.32,149.32985030975945,241.0377391078544
2024-07-26 16:00:26+00:00,AAL1347,26.50628558659957,-81.95737398587738,9022.08,149.32985030975945,241.0377391078544
2024-07-26 16:00:27+00:00,AAL1347,26.505340576171875,-81.95676407724056,9014.46,149.26735830341795,240.59539959810456
2024-07-26 16:00:28+00:00,AAL1347,26.502731323242188,-81.95505394125883,8999.220000000001,149.26735830341795,240.59539959810456
2024-07-26 16:00:29+00:00,AAL1347,26.501816571769066,-81.9544161283053,8991.6,149.26735830341795,240.59539959810456
2024-07-26 16:00:30+00:00,AAL1347,26.499768273305083,-81.95309565617487,8983.98,149.26735830341795,240.59539959810456
2024-07-26 16:00:31+00:00,AAL1347,26.498278601694917,-81.95209209735577,8968.74,149.26735830341795,240.59539959810456
2024-07-26 16:00:32+00:00,AAL1347,26.4964165121822,-81.95087726299579,8961.12,149.26735830341795,240.59539959810456
2024-07-26 16:00:33+00:00,AAL1347,26.49455442266949,-81.94960960975061,8945.880000000001,149.20463616313262,240.15334735659087
2024-07-26 16:00:34+00:00,AAL1347,26.492340087890625,-81.94816157502947,8930.640000000001,149.20463616313262,240.15334735659087
2024-07-26 16:00:35+00:00,AAL1347,26.490271616790253,-81.94681020883411,8915.4,149.20463616313262,240.15334735659087
2024-07-26 16:00:36+00:00,AAL1347,26.488828497417902,-81.94580665001502,8907.78,149.20463616313262,240.15334735659087
2024-07-26 16:00:37+00:00,AAL1347,26.486572265625,-81.9443267246462,8892.54,149.20463616313262,240.15334735659087
2024-07-26 16:00:38+00:00,AAL1347,26.484918109441207,-81.9432185246394,8884.92,149.20463616313262,240.15334735659087
2024-07-26 16:00:39+00:00,AAL1347,26.483230590820312,-81.94215018794222,8869.68,149.20463616313262,240.15334735659087
2024-07-26 16:00:40+00:00,AAL1347,26.481566348318324,-81.94100013146033,8862.060000000001,149.20463616313262,240.15334735659087
2024-07-26 16:00:41+00:00,AAL1347,26.47951804985434,-81.9396796593299,8846.82,149.14168276648076,239.7115839725679
2024-07-26 16:00:42+00:00,AAL1347,26.477096557617188,-81.93805622604657,8831.58,149.24735444886838,239.44812420760283
2024-07-26 16:00:43+00:00,AAL1347,26.475997924804688,-81.93733071381189,8823.960000000001,149.24735444886838,239.44812420760283
2024-07-26 16:00:44+00:00,AAL1347,26.47398376464844,-81.93598333394749,8808.720000000001,149.24735444886838,239.44812420760283
2024-07-26 16:00:45+00:00,AAL1347,26.472302452992583,-81.93487314077521,8801.1,149.24735444886838,239.44812420760283
2024-07-26 16:00:46+00:00,AAL1347,26.47044036347987,-81.93365830641523,8785.86,149.24735444886838,239.44812420760283
2024-07-26 16:00:47+00:00,AAL1347,26.46839904785156,-81.93230395047169,8770.62,149.18429424827082,239.0061646398685
2024-07-26 16:00:48+00:00,AAL1347,26.466576527740997,-81.93107018103967,8763.0,149.18429424827082,239.0061646398685
2024-07-26 16:00:49+00:00,AAL1347,26.464920043945312,-81.92997194686023,8747.76,149.18429424827082,239.0061646398685
2024-07-26 16:00:50+00:00,AAL1347,26.463043212890625,-81.92878003390331,8740.140000000001,149.18429424827082,239.0061646398685
2024-07-26 16:00:51+00:00,AAL1347,26.46102905273437,-81.92743265403891,8724.9,149.18429424827082,239.0061646398685
2024-07-26 16:00:53+00:00,AAL1347,26.457687377929688,-81.92520429503242,8702.04,149.2903250818177,238.7430349497558
2024-07-26 16:00:54+00:00,AAL1347,26.455856323242188,-81.92401238207549,8686.800000000001,149.2903250818177,238.7430349497558
2024-07-26 16:00:55+00:00,AAL1347,26.4539794921875,-81.92276864681605,8679.18,149.2271579837299,238.3008782854124
2024-07-26 16:00:56+00:00,AAL1347,26.45196533203125,-81.92142126695165,8663.94,149.2271579837299,238.3008782854124
2024-07-26 16:00:57+00:00,AAL1347,26.45013427734375,-81.92022935399467,8656.32,149.2271579837299,238.3008782854124
2024-07-26 16:00:58+00:00,AAL1347,26.44830322265625,-81.91898561873523,8641.08,149.2271579837299,238.3008782854124
2024-07-26 16:00:59+00:00,AAL1347,26.44660561771716,-81.91791827862079,8625.84,149.2271579837299,238.3008782854124
2024-07-26 16:01:00+00:00,AAL1347,26.444603871490997,-81.91654498760516,8618.220000000001,149.2271579837299,238.3008782854124
2024-07-26 16:01:01+00:00,AAL1347,26.44274178197828,-81.91533015324518,8602.98,149.2271579837299,238.3008782854124
2024-07-26 16:01:02+00:00,AAL1347,26.44111633300781,-81.91426978920987,8595.36,149.16375611982394,237.8590123401588
2024-07-26 16:01:03+00:00,AAL1347,26.43906415519068,-81.91290048452521,8580.12,149.27027617105608,237.59572609340952
2024-07-26 16:01:04+00:00,AAL1347,26.437225341796875,-81.91167867408609,8564.880000000001,149.27027617105608,237.59572609340952
2024-07-26 16:01:05+00:00,AAL1347,26.43557273735434,-81.91057645357569,8557.26,149.27027617105608,237.59572609340952
2024-07-26 16:01:06+00:00,AAL1347,26.433563232421875,-81.90924302586967,8542.02,149.27027617105608,237.59572609340952
2024-07-26 16:01:07+00:00,AAL1347,26.430084228515625,-81.90696284456072,8519.16,149.2067661177604,237.15366225919772
2024-07-26 16:01:09+00:00,AAL1347,26.42803127482786,-81.90561147836536,8503.92,149.2067661177604,237.15366225919772
2024-07-26 16:01:10+00:00,AAL1347,26.426055908203125,-81.90426808483193,8496.300000000001,149.2067661177604,237.15366225919772
2024-07-26 16:01:11+00:00,AAL1347,26.424224853515625,-81.903076171875,8481.060000000001,149.2067661177604,237.15366225919772
2024-07-26 16:01:12+00:00,AAL1347,26.42235190181409,-81.90186133751502,8473.44,149.2067661177604,237.15366225919772
2024-07-26 16:01:13+00:00,AAL1347,26.4205363645392,-81.90064650315503,8458.2,149.14301893043998,236.71189089968223
2024-07-26 16:01:14+00:00,AAL1347,26.418869018554688,-81.89955225530662,8450.58,149.14301893043998,236.71189089968223
2024-07-26 16:01:15+00:00,AAL1347,26.417037963867188,-81.89830852004718,8435.34,149.14301893043998,236.71189089968223
2024-07-26 16:01:16+00:00,AAL1347,26.415229409427965,-81.89710763784552,8420.1,149.14301893043998,236.71189089968223
2024-07-26 16:01:17+00:00,AAL1347,26.41319274902344,-81.8957692272258,8412.48,149.2500326978036,236.448446611476
2024-07-26 16:01:18+00:00,AAL1347,26.411773681640625,-81.89483642578125,8397.24,149.2500326978036,236.448446611476
2024-07-26 16:01:19+00:00,AAL1347,26.41010866326801,-81.89372722919171,8389.62,149.2500326978036,236.448446611476
2024-07-26 16:01:20+00:00,AAL1347,26.40810691704184,-81.89240675706128,8374.380000000001,149.2500326978036,236.448446611476
2024-07-26 16:01:21+00:00,AAL1347,26.40624482752913,-81.8911919227013,8366.76,149.18617600666195,236.00647656492757
2024-07-26 16:01:22+00:00,AAL1347,26.402801513671875,-81.8889286832989,8343.9,149.18617600666195,236.00647656492757
2024-07-26 16:01:25+00:00,AAL1347,26.398956298828125,-81.88638939047758,8313.42,149.2935581130474,235.7433666034464
2024-07-26 16:01:26+00:00,AAL1347,26.39730679786811,-81.88527620755707,8305.800000000001,149.2935581130474,235.7433666034464
2024-07-26 16:01:27+00:00,AAL1347,26.395491260593214,-81.88411419208234,8290.560000000001,149.2935581130474,235.7433666034464
2024-07-26 16:01:28+00:00,AAL1347,26.39222717285156,-81.88193267246459,8275.32,149.2935581130474,235.7433666034464
2024-07-26 16:01:29+00:00,AAL1347,26.39018430548199,-81.88062814565802,8260.08,149.2935581130474,235.7433666034464
2024-07-26 16:01:30+00:00,AAL1347,26.388182559255824,-81.87930767352765,8244.84,149.22959182121343,235.30119693362565
2024-07-26 16:01:32+00:00,AAL1347,26.38492390260858,-81.87714209923377,8221.98,149.3373446424289,235.03842345580517
2024-07-26 16:01:33+00:00,AAL1347,26.383108365333687,-81.87592726487378,8214.36,149.3373446424289,235.03842345580517
2024-07-26 16:01:34+00:00,AAL1347,26.38110661910752,-81.87460679274335,8199.12,149.3373446424289,235.03842345580517
2024-07-26 16:01:35+00:00,AAL1347,26.37945556640625,-81.87353745946342,8183.88,149.3373446424289,235.03842345580517
2024-07-26 16:01:36+00:00,AAL1347,26.377801410222457,-81.87244121844952,8176.26,149.3373446424289,235.03842345580517
2024-07-26 16:01:37+00:00,AAL1347,26.375985872947563,-81.87122638408954,8161.02,149.2732686575909,234.5960532206768
2024-07-26 16:01:38+00:00,AAL1347,26.3739841267214,-81.86995873084436,8153.400000000001,149.2732686575909,234.5960532206768
2024-07-26 16:01:39+00:00,AAL1347,26.371994018554688,-81.86861434072819,8138.160000000001,149.2732686575909,234.5960532206768
2024-07-26 16:01:40+00:00,AAL1347,26.37035305217161,-81.86752906212439,8130.54,149.3813945910906,234.3336184036989
2024-07-26 16:01:41+00:00,AAL1347,26.36835130594545,-81.86620858999396,8115.3,149.3813945910906,234.3336184036989
2024-07-26 16:01:42+00:00,AAL1347,26.366729736328125,-81.86514224646226,8107.68,149.3813945910906,234.3336184036989
2024-07-26 16:01:43+00:00,AAL1347,26.3650926492982,-81.86409583458533,8092.44,149.3813945910906,234.3336184036989
2024-07-26 16:01:44+00:00,AAL1347,26.363113403320312,-81.86275842054835,8077.200000000001,149.31720882561743,233.8910466553965
2024-07-26 16:01:45+00:00,AAL1347,26.361275365797137,-81.86156052809491,8069.580000000001,149.31720882561743,233.8910466553965
2024-07-26 16:01:46+00:00,AAL1347,26.35968017578125,-81.8604782392394,8054.34,149.31720882561743,233.8910466553965
2024-07-26 16:01:47+00:00,AAL1347,26.358016709149894,-81.85944777268628,8046.72,149.31720882561743,233.8910466553965
2024-07-26 16:01:49+00:00,AAL1347,26.354415893554688,-81.85705796727592,8023.860000000001,149.4257102907485,233.6289526969355
2024-07-26 16:01:50+00:00,AAL1347,26.3528028585143,-81.85596172626202,8008.620000000001,149.3614146618134,233.1861784817267
2024-07-26 16:01:51+00:00,AAL1347,26.35116577148437,-81.85488143057194,8001.0,149.3614146618134,233.1861784817267
2024-07-26 16:01:52+00:00,AAL1347,26.34970092773437,-81.85394862912733,7993.38,149.3614146618134,233.1861784817267
2024-07-26 16:01:53+00:00,AAL1347,26.347170037738348,-81.85231722318207,7978.14,149.3614146618134,233.1861784817267
2024-07-26 16:01:54+00:00,AAL1347,26.34647175417108,-81.85184185321515,7970.52,149.3614146618134,233.1861784817267
2024-07-26 16:01:55+00:00,AAL1347,26.344482421875,-81.85052835716391,7955.280000000001,149.3614146618134,233.1861784817267
2024-07-26 16:01:56+00:00,AAL1347,26.34158376920021,-81.84861990121692,7940.04,149.2968744807562,232.7436990270945
2024-07-26 16:01:57+00:00,AAL1347,26.33976823192532,-81.84740506685694,7924.8,149.2968744807562,232.7436990270945
2024-07-26 16:01:58+00:00,AAL1347,26.33906994835805,-81.84692969689002,7924.8,149.2968744807562,232.7436990270945
2024-07-26 16:01:59+00:00,AAL1347,26.337254411083155,-81.84576768141523,7909.56,149.2968744807562,232.7436990270945
2024-07-26 16:02:00+00:00,AAL1347,26.33548542604608,-81.8445528470553,7894.320000000001,149.2968744807562,232.7436990270945
2024-07-26 16:02:01+00:00,AAL1347,26.33367919921875,-81.84337687942218,7886.700000000001,149.2968744807562,232.7436990270945
2024-07-26 16:02:02+00:00,AAL1347,26.330969858977756,-81.84159498948316,7863.84,149.341237132078,232.03876719622605
2024-07-26 16:02:04+00:00,AAL1347,26.32719912771451,-81.83911250187799,7840.98,149.341237132078,232.03876719622605
2024-07-26 16:02:05+00:00,AAL1347,26.32630920410156,-81.83855740529185,7833.360000000001,149.341237132078,232.03876719622605
2024-07-26 16:02:06+00:00,AAL1347,26.324478149414062,-81.83736549233487,7825.740000000001,149.341237132078,232.03876719622605
2024-07-26 16:02:07+00:00,AAL1347,26.3221435546875,-81.8358108232606,7810.5,149.27633866243295,231.59638100446213
2024-07-26 16:02:08+00:00,AAL1347,26.319625854492188,-81.83415250958137,7787.64,149.27633866243295,231.59638100446213
2024-07-26 16:02:09+00:00,AAL1347,26.31877317266949,-81.8335665189303,7787.64,149.27633866243295,231.59638100446213
2024-07-26 16:02:10+00:00,AAL1347,26.316771426443324,-81.83224604679987,7772.400000000001,149.27633866243295,231.59638100446213
2024-07-26 16:02:11+00:00,AAL1347,26.31532830707097,-81.83134812575116,7764.780000000001,149.27633866243295,231.59638100446213
2024-07-26 16:02:12+00:00,AAL1347,26.312814486228813,-81.82965792142426,7741.92,149.38587012455386,231.3339753205105
2024-07-26 16:02:13+00:00,AAL1347,26.311935424804688,-81.82907392393867,7741.92,149.38587012455386,231.3339753205105
2024-07-26 16:02:14+00:00,AAL1347,26.31030066538665,-81.82802053598255,7726.68,149.38587012455386,231.3339753205105
2024-07-26 16:02:15+00:00,AAL1347,26.30868530273437,-81.82694920953713,7719.06,149.38587012455386,231.3339753205105
2024-07-26 16:02:16+00:00,AAL1347,26.30690235202595,-81.82580214280347,7703.820000000001,149.32085906100934,230.89138497412247
2024-07-26 16:02:17+00:00,AAL1347,26.303878784179688,-81.82378804908609,7680.96,149.32085906100934,230.89138497412247
2024-07-26 16:02:18+00:00,AAL1347,26.301727294921875,-81.82238884691924,7665.72,149.32085906100934,230.89138497412247
2024-07-26 16:02:20+00:00,AAL1347,26.29975891113281,-81.8210932893573,7658.1,149.36565213921247,230.1865292033603
2024-07-26 16:02:21+00:00,AAL1347,26.297824665651483,-81.8197807898888,7642.860000000001,149.36565213921247,230.1865292033603
2024-07-26 16:02:22+00:00,AAL1347,26.29531084480932,-81.81814340444708,7627.620000000001,149.36565213921247,230.1865292033603
2024-07-26 16:02:23+00:00,AAL1347,26.292657367253707,-81.81640038123498,7612.38,149.36565213921247,230.1865292033603
2024-07-26 16:02:24+00:00,AAL1347,26.290841829978813,-81.8152383657602,7597.14,149.36565213921247,230.1865292033603
2024-07-26 16:02:25+00:00,AAL1347,26.289276123046875,-81.81414910082549,7589.52,149.3002774491856,229.7440322508592
2024-07-26 16:02:26+00:00,AAL1347,26.28749084472656,-81.81300901017096,7574.280000000001,149.3002774491856,229.7440322508592
2024-07-26 16:02:27+00:00,AAL1347,26.285721083818856,-81.81180513822113,7566.660000000001,149.3002774491856,229.7440322508592
2024-07-26 16:02:29+00:00,AAL1347,26.282136561506885,-81.80948110727161,7536.18,149.23465053004674,229.3018355537882
2024-07-26 16:02:30+00:00,AAL1347,26.280367576469807,-81.80831909179688,7528.56,149.23465053004674,229.3018355537882
2024-07-26 16:02:31+00:00,AAL1347,26.278610229492188,-81.80715308999112,7513.320000000001,149.23465053004674,229.3018355537882
2024-07-26 16:02:32+00:00,AAL1347,26.27719116210937,-81.80616846624412,7505.700000000001,149.16877009244587,228.85994085258235
2024-07-26 16:02:33+00:00,AAL1347,26.27557269597457,-81.8051499586839,7498.08,149.16877009244587,228.85994085258235
2024-07-26 16:02:34+00:00,AAL1347,26.2738037109375,-81.80398794320911,7482.84,149.1026348397335,228.4183498999516
2024-07-26 16:02:35+00:00,AAL1347,26.27206420898437,-81.80280001658315,7467.6,149.03624346792648,227.9770644609765
2024-07-26 16:02:36+00:00,AAL1347,26.270126084149894,-81.80145263671875,7459.98,148.74810464607802,228.0681748579108
2024-07-26 16:02:37+00:00,AAL1347,26.268218994140625,-81.8001570791568,7444.740000000001,148.74810464607802,228.0681748579108
2024-07-26 16:02:38+00:00,AAL1347,26.267332949880824,-81.79955115685095,7437.120000000001,147.7879726548023,226.7957166330488
2024-07-26 16:02:39+00:00,AAL1347,26.264772576800848,-81.79764967698316,7421.88,147.06901195202582,226.16938224407025
2024-07-26 16:02:40+00:00,AAL1347,26.26327514648437,-81.79652951798346,7414.26,146.34617268393313,225.57885453759903
2024-07-26 16:02:41+00:00,AAL1347,26.262398412672137,-81.795906653771,7414.26,145.25508176253683,224.76081320981635
2024-07-26 16:02:42+00:00,AAL1347,26.260299682617188,-81.79414569206955,7399.02,144.2333235092772,224.44207734374447
2024-07-26 16:02:43+00:00,AAL1347,26.25787353515625,-81.79207279997053,7391.400000000001,144.2333235092772,224.44207734374447
2024-07-26 16:02:44+00:00,AAL1347,26.25643972623146,-81.79078322190503,7383.780000000001,142.20605700138327,223.29773530505875
2024-07-26 16:02:45+00:00,AAL1347,26.25567626953125,-81.79010355247641,7383.780000000001,141.17519355691684,223.19282039754552
2024-07-26 16:02:46+00:00,AAL1347,26.253982543945312,-81.78849706109963,7376.160000000001,140.16049596558838,222.435615347144
2024-07-26 16:02:47+00:00,AAL1347,26.251876831054688,-81.78642416900055,7368.54,139.22599817795845,222.13796762439017
2024-07-26 16:02:48+00:00,AAL1347,26.25057414426642,-81.7850787823017,7368.54,138.30005646733994,221.1732307753604
2024-07-26 16:02:49+00:00,AAL1347,26.249267578125,-81.78372940927181,7360.92,137.45672807339153,220.64550538214465
2024-07-26 16:02:50+00:00,AAL1347,26.24782756223517,-81.78217374361475,7360.92,136.6095405300744,220.16580478053888
2024-07-26 16:02:51+00:00,AAL1347,26.24629211425781,-81.78051642651826,7353.3,135.85509739626673,219.37583582800528
2024-07-26 16:02:52+00:00,AAL1347,26.244873046875,-81.77890993514148,7353.3,135.0,218.98763824632084
2024-07-26 16:02:53+00:00,AAL1347,26.24354475635593,-81.77736722506006,7345.68,134.23610153907,218.27950460043732
2024-07-26 16:02:55+00:00,AAL1347,26.241403353416317,-81.7748319185697,7338.06,133.46736820964202,217.6104200889849
2024-07-26 16:02:56+00:00,AAL1347,26.239334106445312,-81.77217303581955,7322.820000000001,132.0175384172154,216.73483592453715
2024-07-26 16:02:57+00:00,AAL1347,26.238052368164062,-81.77056654444277,7315.200000000001,131.23723097649906,216.17975047626587
2024-07-26 16:02:58+00:00,AAL1347,26.2374464132018,-81.76970848670373,7315.200000000001,130.4530523379848,215.6649630967124
2024-07-26 16:03:00+00:00,AAL1347,26.234886040121825,-81.76616962139423,7299.96,128.87415734579437,214.7574190264485
2024-07-26 16:03:01+00:00,AAL1347,26.234298706054688,-81.76538431419516,7292.34,128.87415734579437,214.7574190264485
2024-07-26 16:03:02+00:00,AAL1347,26.232092905852756,-81.76210256723255,7277.1,128.0799981943045,214.36517896983895
2024-07-26 16:03:04+00:00,AAL1347,26.229949951171875,-81.75880288178064,7254.240000000001,126.37264685593476,213.39940768589256
2024-07-26 16:03:05+00:00,AAL1347,26.229346323821503,-81.75771859975958,7246.620000000001,125.5698303023553,213.1375701071831
2024-07-26 16:03:06+00:00,AAL1347,26.228042861162606,-81.75560584435095,7239.0,124.7651972365768,212.9176760170002
2024-07-26 16:03:07+00:00,AAL1347,26.22715759277344,-81.75398340765037,7231.38,123.8439846292368,212.45291536365335
2024-07-26 16:03:08+00:00,AAL1347,26.226287841796875,-81.752532383181,7216.14,123.03550712486214,212.32332302329712
2024-07-26 16:03:09+00:00,AAL1347,26.225738525390625,-81.75144411482898,7208.52,121.37010276538255,211.48404281670187
2024-07-26 16:03:10+00:00,AAL1347,26.22445678710937,-81.74911211121758,7200.900000000001,120.55741029876448,211.48404281670187
2024-07-26 16:03:11+00:00,AAL1347,26.223175048828125,-81.74652099609375,7185.660000000001,119.69285729836416,210.82477511015048
2024-07-26 16:03:13+00:00,AAL1347,26.22129821777344,-81.74258250110552,7162.8,118.00654447667868,210.34721248949836
2024-07-26 16:03:14+00:00,AAL1347,26.22054795087394,-81.7409221942608,7155.18,117.25532837494308,210.06582320043967
2024-07-26 16:03:15+00:00,AAL1347,26.219710010593214,-81.739020714393,7139.9400000000005,117.25532837494308,210.06582320043967
2024-07-26 16:03:16+00:00,AAL1347,26.2188720703125,-81.73714115934553,7132.320000000001,116.69083753813877,209.59095077588384
2024-07-26 16:03:17+00:00,AAL1347,26.21836853027344,-81.73600106869105,7124.700000000001,115.93545256866776,209.3730199669648
2024-07-26 16:03:18+00:00,AAL1347,26.21714963751324,-81.73315781813398,7101.84,115.93545256866776,209.3730199669648
2024-07-26 16:03:19+00:00,AAL1347,26.216684115135063,-81.73204862154444,7094.22,115.62070077349836,209.38881967721065
2024-07-26 16:03:20+00:00,AAL1347,26.2154737569518,-81.7291964017428,7071.360000000001,115.62070077349836,209.38881967721065
2024-07-26 16:03:21+00:00,AAL1347,26.21463581667108,-81.7273477407602,7056.120000000001,115.62070077349836,209.38881967721065
2024-07-26 16:03:23+00:00,AAL1347,26.21314614506091,-81.72391451322113,7025.64,115.62070077349836,209.38881967721065
2024-07-26 16:03:24+00:00,AAL1347,26.21226165254237,-81.7218545766977,7002.780000000001,115.74749400771664,209.61178445855677
2024-07-26 16:03:25+00:00,AAL1347,26.211822509765625,-81.7209207786704,6995.160000000001,115.74749400771664,209.61178445855677
2024-07-26 16:03:26+00:00,AAL1347,26.21054077148437,-81.71786326282427,6964.68,115.81285221298349,210.29876735173383
2024-07-26 16:03:27+00:00,AAL1347,26.210037231445312,-81.7167231721698,6949.4400000000005,115.81285221298349,210.29876735173383
2024-07-26 16:03:28+00:00,AAL1347,26.2091892048464,-81.71482966496393,6934.200000000001,115.75195605524682,210.76199974694663
2024-07-26 16:03:29+00:00,AAL1347,26.20811462402344,-81.71237009876177,6903.72,115.87778471353204,210.98602211031297
2024-07-26 16:03:30+00:00,AAL1347,26.207699533236227,-81.71144925631006,6896.1,115.87778471353204,210.98602211031297
2024-07-26 16:03:31+00:00,AAL1347,26.20653572729078,-81.70875549316406,6865.620000000001,115.8169442327963,211.44900051517143
2024-07-26 16:03:32+00:00,AAL1347,26.205790891485695,-81.7070124699519,6850.38,115.8169442327963,211.44900051517143
2024-07-26 16:03:33+00:00,AAL1347,26.2052788168697,-81.70590327336237,6842.76,115.8815114005025,212.1362715589076
2024-07-26 16:03:34+00:00,AAL1347,26.20404052734375,-81.70304208431605,6819.900000000001,115.8815114005025,212.1362715589076
2024-07-26 16:03:35+00:00,AAL1347,26.203536987304688,-81.70185017135907,6804.660000000001,115.82099197418928,212.59923474547745
2024-07-26 16:03:36+00:00,AAL1347,26.202671891551905,-81.69993473933295,6797.04,115.94566147385989,212.82381025975624
2024-07-26 16:03:37+00:00,AAL1347,26.20150808560646,-81.69729379507208,6781.8,115.94566147385989,212.82381025975624
2024-07-26 16:03:38+00:00,AAL1347,26.20074462890625,-81.69557967275944,6766.56,115.94566147385989,212.82381025975624
2024-07-26 16:03:39+00:00,AAL1347,26.1997856528072,-81.69327955979566,6758.9400000000005,115.94566147385989,212.82381025975624
2024-07-26 16:03:40+00:00,AAL1347,26.199371337890625,-81.69231486770343,6758.9400000000005,115.82099197418928,212.59923474547745
2024-07-26 16:03:41+00:00,AAL1347,26.19810977224576,-81.68942378117487,6743.700000000001,115.8815114005025,212.1362715589076
2024-07-26 16:03:42+00:00,AAL1347,26.197265625,-81.68754721587555,6736.08,115.8815114005025,212.1362715589076
2024-07-26 16:03:43+00:00,AAL1347,26.196441650390625,-81.68562979068395,6728.46,115.8815114005025,212.1362715589076
2024-07-26 16:03:45+00:00,AAL1347,26.194793701171875,-81.68184676260319,6713.22,115.87778471353204,210.98602211031297
2024-07-26 16:03:46+00:00,AAL1347,26.19438559322034,-81.68091994065503,6705.6,115.87778471353204,210.98602211031297
2024-07-26 16:03:47+00:00,AAL1347,26.193454548463983,-81.6788071852464,6697.9800000000005,115.93889272354282,210.5232826512551
2024-07-26 16:03:48+00:00,AAL1347,26.19261660818326,-81.6769585242638,6690.360000000001,115.93889272354282,210.5232826512551
2024-07-26 16:03:51+00:00,AAL1347,26.190170288085938,-81.67127501289798,6652.26,115.87401716967734,209.8357735640988
2024-07-26 16:03:52+00:00,AAL1347,26.18934631347656,-81.66940941000883,6644.64,115.87401716967734,209.8357735640988
2024-07-26 16:03:53+00:00,AAL1347,26.188156127929688,-81.66676647258254,6621.780000000001,115.87401716967734,209.8357735640988
2024-07-26 16:03:54+00:00,AAL1347,26.18777517545021,-81.66581373948316,6621.780000000001,115.87401716967734,209.8357735640988
2024-07-26 16:03:55+00:00,AAL1347,26.186920166015625,-81.66391624594633,6606.54,115.93545256866776,209.3730199669648
2024-07-26 16:03:56+00:00,AAL1347,26.185775756835938,-81.66127330852004,6583.68,115.93545256866776,209.3730199669648
2024-07-26 16:03:57+00:00,AAL1347,26.185354459083687,-81.66037339430585,6583.68,115.93545256866776,209.3730199669648
2024-07-26 16:03:58+00:00,AAL1347,26.184516518802965,-81.65847191443811,6568.4400000000005,115.93545256866776,209.3730199669648
2024-07-26 16:04:00+00:00,AAL1347,26.18260787705244,-81.65414076585034,6537.96,116.0002698913543,210.0607837171072
2024-07-26 16:04:01+00:00,AAL1347,26.182205200195312,-81.6531890293337,6530.34,116.0002698913543,210.0607837171072
2024-07-26 16:04:02+00:00,AAL1347,26.1807861328125,-81.64997604658015,6507.4800000000005,116.0002698913543,210.0607837171072
2024-07-26 16:04:03+00:00,AAL1347,26.17982482910156,-81.64774768757371,6492.240000000001,116.0002698913543,210.0607837171072
2024-07-26 16:04:04+00:00,AAL1347,26.17939577264301,-81.6467989408053,6484.62,116.0002698913543,210.0607837171072
2024-07-26 16:04:05+00:00,AAL1347,26.178138862221928,-81.6439467210036,6469.38,116.0002698913543,210.0607837171072
2024-07-26 16:04:06+00:00,AAL1347,26.177398681640625,-81.64225452351121,6461.76,115.87401716967734,209.8357735640988
2024-07-26 16:04:07+00:00,AAL1347,26.17657470703125,-81.64038892062206,6446.52,115.87401716967734,209.8357735640988
2024-07-26 16:04:08+00:00,AAL1347,26.175857802568856,-81.63866483248194,6438.900000000001,115.87401716967734,209.8357735640988
2024-07-26 16:04:09+00:00,AAL1347,26.175018310546875,-81.63681318175117,6423.660000000001,115.74749400771664,209.61178445855677
2024-07-26 16:04:10+00:00,AAL1347,26.17427502648305,-81.63507314828723,6416.04,115.74749400771664,209.61178445855677
2024-07-26 16:04:11+00:00,AAL1347,26.173483638440143,-81.63322448730469,6400.8,115.80871518425224,209.14853527276676
2024-07-26 16:04:12+00:00,AAL1347,26.17245483398437,-81.63095726157133,6393.18,115.80871518425224,209.14853527276676
2024-07-26 16:04:13+00:00,AAL1347,26.171761205640887,-81.62926307091345,6377.9400000000005,115.80871518425224,209.14853527276676
2024-07-26 16:04:14+00:00,AAL1347,26.17092326536017,-81.62736159104566,6370.320000000001,115.80871518425224,209.14853527276676
2024-07-26 16:04:15+00:00,AAL1347,26.170085325079448,-81.62551293006311,6355.08,115.80871518425224,209.14853527276676
2024-07-26 16:04:16+00:00,AAL1347,26.16920083256091,-81.62345299353967,6339.84,115.80871518425224,209.14853527276676
2024-07-26 16:04:17+00:00,AAL1347,26.168735310182733,-81.62229097806488,6332.22,115.68170606928908,208.9250761126073
2024-07-26 16:04:18+00:00,AAL1347,26.167431847523837,-81.61928030160755,6316.9800000000005,115.68170606928908,208.9250761126073
2024-07-26 16:04:19+00:00,AAL1347,26.16668701171875,-81.61758710753242,6309.360000000001,115.68170606928908,208.9250761126073
2024-07-26 16:04:20+00:00,AAL1347,26.166268041578387,-81.61663935734674,6301.740000000001,115.68170606928908,208.9250761126073
2024-07-26 16:04:21+00:00,AAL1347,26.16538354905985,-81.6145794208233,6286.5,115.68170606928908,208.9250761126073
2024-07-26 16:04:23+00:00,AAL1347,26.16408008640095,-81.61156874436597,6271.26,115.6154843206422,208.23864503000783
2024-07-26 16:04:24+00:00,AAL1347,26.16328869835805,-81.60972008338342,6263.64,115.6154843206422,208.23864503000783
2024-07-26 16:04:25+00:00,AAL1347,26.161752474510063,-81.60618121807391,6240.780000000001,115.6154843206422,208.23864503000783
2024-07-26 16:04:26+00:00,AAL1347,26.1610107421875,-81.60447606500588,6233.160000000001,115.6154843206422,208.23864503000783
2024-07-26 16:04:28+00:00,AAL1347,26.15931701660156,-81.60053757001765,6210.3,115.6154843206422,208.23864503000783
2024-07-26 16:04:29+00:00,AAL1347,26.15858692233845,-81.59889221191406,6202.68,115.61020992320582,207.08847212808132
2024-07-26 16:04:30+00:00,AAL1347,26.157935191009003,-81.59741328312799,6195.06,115.61020992320582,207.08847212808132
2024-07-26 16:04:31+00:00,AAL1347,26.1571438029661,-81.5955118032602,6187.4400000000005,115.61020992320582,207.08847212808132
2024-07-26 16:04:32+00:00,AAL1347,26.15634155273437,-81.5936452037883,6172.200000000001,115.61020992320582,207.08847212808132
2024-07-26 16:04:33+00:00,AAL1347,26.155517578125,-81.59177960089914,6164.58,115.67187084889004,206.6246890674479
2024-07-26 16:04:35+00:00,AAL1347,26.1544189453125,-81.58918848577537,6149.34,115.67187084889004,206.6246890674479
2024-07-26 16:04:36+00:00,AAL1347,26.15318298339844,-81.58644190374412,6134.1,115.54316124831116,206.40234414829044
2024-07-26 16:04:38+00:00,AAL1347,26.151443481445312,-81.58234794184847,6111.240000000001,115.60487661041164,205.9383010006735
2024-07-26 16:04:40+00:00,AAL1347,26.149835101628707,-81.57866257887616,6096.0,115.66687065620356,205.4744978663701
2024-07-26 16:04:41+00:00,AAL1347,26.14910888671875,-81.57695842239093,6088.38,115.66687065620356,205.4744978663701
2024-07-26 16:04:42+00:00,AAL1347,26.148252325542902,-81.57496525691107,6073.14,115.66687065620356,205.4744978663701
2024-07-26 16:04:43+00:00,AAL1347,26.14736783302436,-81.57290532038763,6065.52,115.72914513146289,205.01093637435093
2024-07-26 16:04:44+00:00,AAL1347,26.146636962890625,-81.5712579691185,6057.900000000001,115.72914513146289,205.01093637435093
2024-07-26 16:04:45+00:00,AAL1347,26.14592471365201,-81.56963054950421,6050.280000000001,115.72914513146289,205.01093637435093
2024-07-26 16:04:47+00:00,AAL1347,26.144302368164062,-81.56592027196342,6027.42,115.6618141689554,204.32430824780917
2024-07-26 16:04:48+00:00,AAL1347,26.14320373535156,-81.5633809791421,6012.18,115.6618141689554,204.32430824780917
2024-07-26 16:04:49+00:00,AAL1347,26.14288330078125,-81.56260364460496,6012.18,115.6618141689554,204.32430824780917
2024-07-26 16:04:50+00:00,AAL1347,26.14242553710937,-81.56151537625294,6004.56,115.72442850374875,203.86072773124667
2024-07-26 16:04:51+00:00,AAL1347,26.1412353515625,-81.55876879422169,5989.320000000001,115.72442850374875,203.86072773124667
2024-07-26 16:04:52+00:00,AAL1347,26.14033844511388,-81.55674274151141,5981.700000000001,115.72442850374875,203.86072773124667
2024-07-26 16:04:53+00:00,AAL1347,26.13954705707097,-81.55494689941406,5966.46,115.78732818281438,203.3973917889301
2024-07-26 16:04:54+00:00,AAL1347,26.1390815346928,-81.55383770282452,5966.46,115.78732818281438,203.3973917889301
2024-07-26 16:04:55+00:00,AAL1347,26.13780212402344,-81.55089180424528,5951.22,115.78732818281438,203.3973917889301
2024-07-26 16:04:56+00:00,AAL1347,26.136978149414062,-81.54907802365858,5943.6,115.8505150084989,202.9343020960819
2024-07-26 16:04:57+00:00,AAL1347,26.13633728027344,-81.54762699918928,5928.360000000001,115.8505150084989,202.9343020960819
2024-07-26 16:04:58+00:00,AAL1347,26.135467529296875,-81.54560592939265,5920.740000000001,115.8505150084989,202.9343020960819
2024-07-26 16:04:59+00:00,AAL1347,26.134689331054688,-81.543792148806,5913.12,115.91399079684852,202.4714603423564
2024-07-26 16:05:00+00:00,AAL1347,26.133821131819385,-81.54179499699518,5897.88,115.91399079684852,202.4714603423564
2024-07-26 16:05:01+00:00,AAL1347,26.133029743776483,-81.53999915489783,5890.26,115.91399079684852,202.4714603423564
2024-07-26 16:05:02+00:00,AAL1347,26.132537841796875,-81.53892085237322,5882.64,115.91399079684852,202.4714603423564
2024-07-26 16:05:03+00:00,AAL1347,26.13149351992849,-81.53656592735877,5867.400000000001,115.84644168210092,201.78406030351752
2024-07-26 16:05:04+00:00,AAL1347,26.13070213188559,-81.53471726637616,5859.780000000001,115.84644168210092,201.78406030351752
2024-07-26 16:05:05+00:00,AAL1347,26.12991074384269,-81.53292142427881,5852.16,115.84644168210092,201.78406030351752
2024-07-26 16:05:06+00:00,AAL1347,26.129026251324152,-81.53091430664062,5836.92,115.84644168210092,201.78406030351752
2024-07-26 16:05:07+00:00,AAL1347,26.12823486328125,-81.52911846454327,5829.3,115.84644168210092,201.78406030351752
2024-07-26 16:05:08+00:00,AAL1347,26.12754821777344,-81.52746812352592,5814.06,115.84644168210092,201.78406030351752
2024-07-26 16:05:09+00:00,AAL1347,26.126838296146715,-81.52584369365985,5806.4400000000005,115.91027077481031,201.32120327733173
2024-07-26 16:05:10+00:00,AAL1347,26.126129150390625,-81.52420331846992,5791.200000000001,115.91027077481031,201.32120327733173
2024-07-26 16:05:12+00:00,AAL1347,26.12461853027344,-81.5207830465065,5768.34,115.91027077481031,201.32120327733173
2024-07-26 16:05:14+00:00,AAL1347,26.123016357421875,-81.51715548533315,5745.4800000000005,115.91027077481031,201.32120327733173
2024-07-26 16:05:15+00:00,AAL1347,26.122146606445312,-81.51518623783903,5737.860000000001,115.91027077481031,201.32120327733173
2024-07-26 16:05:18+00:00,AAL1347,26.119857788085938,-81.50995218528891,5707.38,115.91027077481031,201.32120327733173
2024-07-26 16:05:19+00:00,AAL1347,26.11915717690678,-81.508307823768,5692.14,115.91027077481031,201.32120327733173
2024-07-26 16:05:20+00:00,AAL1347,26.118438720703125,-81.5066873802329,5684.52,115.91027077481031,201.32120327733173
2024-07-26 16:05:21+00:00,AAL1347,26.11724853515625,-81.5039766751803,5669.280000000001,115.97439396243132,200.85859725376488
2024-07-26 16:05:22+00:00,AAL1347,26.116550251588983,-81.50233928973859,5661.66,115.97439396243132,200.85859725376488
2024-07-26 16:05:23+00:00,AAL1347,26.115646362304688,-81.50036505933076,5646.42,115.97439396243132,200.85859725376488
2024-07-26 16:05:25+00:00,AAL1347,26.114781266551905,-81.49837787334735,5638.8,115.97439396243132,200.85859725376488
2024-07-26 16:05:27+00:00,AAL1347,26.11296572927701,-81.49425800030048,5608.320000000001,115.90650799951442,200.17094707072357
2024-07-26 16:05:30+00:00,AAL1347,26.11021914724576,-81.48797255295972,5577.84,115.90650799951442,200.17094707072357
2024-07-26 16:05:31+00:00,AAL1347,26.109832763671875,-81.4870467275943,5570.22,115.97099180226,199.70832697567803
2024-07-26 16:05:32+00:00,AAL1347,26.108551025390625,-81.48419650095815,5554.9800000000005,115.97099180226,199.70832697567803
2024-07-26 16:05:33+00:00,AAL1347,26.10784498311705,-81.48258502666766,5547.360000000001,115.97099180226,199.70832697567803
2024-07-26 16:05:34+00:00,AAL1347,26.107007042836333,-81.48063072791467,5539.740000000001,115.97099180226,199.70832697567803
2024-07-26 16:05:36+00:00,AAL1347,26.1053466796875,-81.47688955630895,5516.88,116.03577496687666,199.2459610153153
2024-07-26 16:05:37+00:00,AAL1347,26.10453977423199,-81.47508474496692,5509.26,116.03577496687666,199.2459610153153
2024-07-26 16:05:38+00:00,AAL1347,26.103836059570312,-81.47346928434553,5501.64,116.03577496687666,199.2459610153153
2024-07-26 16:05:39+00:00,AAL1347,26.103057861328125,-81.47170732606133,5486.400000000001,115.96755022386937,198.5580574098919
2024-07-26 16:05:40+00:00,AAL1347,26.1022121623411,-81.46975003756006,5478.780000000001,115.96755022386937,198.5580574098919
2024-07-26 16:05:42+00:00,AAL1347,26.100631713867188,-81.46616233969633,5455.92,116.0327015299547,198.09567862626048
2024-07-26 16:05:44+00:00,AAL1347,26.099186266882946,-81.46283076359674,5440.68,116.0327015299547,198.09567862626048
2024-07-26 16:05:46+00:00,AAL1347,26.097696595272776,-81.45945035494287,5425.4400000000005,115.89885120689486,197.87043729263812
2024-07-26 16:05:47+00:00,AAL1347,26.096969604492188,-81.45781894899761,5417.820000000001,115.89885120689486,197.87043729263812
2024-07-26 16:05:48+00:00,AAL1347,26.09605407714844,-81.45569423459608,5402.58,115.89885120689486,197.87043729263812
2024-07-26 16:05:49+00:00,AAL1347,26.09527587890625,-81.45393227631189,5394.96,115.89885120689486,197.87043729263812
2024-07-26 16:05:50+00:00,AAL1347,26.094344834149894,-81.45184443547174,5379.72,116.02959219151349,196.9453968138686
2024-07-26 16:05:51+00:00,AAL1347,26.0936279296875,-81.45025289283609,5372.1,116.02959219151349,196.9453968138686
2024-07-26 16:05:52+00:00,AAL1347,26.092849731445312,-81.4484909345519,5364.4800000000005,115.89495565485343,196.720183751977
2024-07-26 16:05:53+00:00,AAL1347,26.092025756835938,-81.44652168705778,5349.240000000001,115.89495565485343,196.720183751977
2024-07-26 16:05:55+00:00,AAL1347,26.09085341631356,-81.44386878380408,5334.0,115.89495565485343,196.720183751977
2024-07-26 16:05:56+00:00,AAL1347,26.09046936035156,-81.4429977704894,5326.38,115.89495565485343,196.720183751977
2024-07-26 16:05:57+00:00,AAL1347,26.08900451660156,-81.43962932082843,5311.14,115.96054604016004,196.25752046531915
2024-07-26 16:05:59+00:00,AAL1347,26.087448120117188,-81.43610540425999,5288.280000000001,115.96054604016004,196.25752046531915
2024-07-26 16:06:01+00:00,AAL1347,26.085983276367188,-81.43278877690153,5265.42,115.82535803220976,196.0328671771468
2024-07-26 16:06:02+00:00,AAL1347,26.085593013440143,-81.43187889685998,5265.42,115.82535803220976,196.0328671771468
2024-07-26 16:06:03+00:00,AAL1347,26.08447265625,-81.42926486033315,5250.18,115.82535803220976,196.0328671771468
2024-07-26 16:06:04+00:00,AAL1347,26.083591267213983,-81.42733647273138,5234.9400000000005,115.82535803220976,196.0328671771468
2024-07-26 16:06:05+00:00,AAL1347,26.083236694335938,-81.42646645599939,5234.9400000000005,115.89101427909348,195.56993113138515
2024-07-26 16:06:07+00:00,AAL1347,26.08121710308528,-81.42189612755408,5212.08,115.75527076016712,195.34584188687177
2024-07-26 16:06:09+00:00,AAL1347,26.080398559570312,-81.41993684588738,5196.84,115.75527076016712,195.34584188687177
2024-07-26 16:06:10+00:00,AAL1347,26.079620361328125,-81.41822670990564,5189.22,115.82099197418928,194.882631850021
2024-07-26 16:06:11+00:00,AAL1347,26.078338623046875,-81.41522101636201,5173.9800000000005,115.82099197418928,194.882631850021
2024-07-26 16:06:12+00:00,AAL1347,26.07795844643803,-81.41434302696814,5166.360000000001,115.82099197418928,194.882631850021
2024-07-26 16:06:13+00:00,AAL1347,26.07710266113281,-81.41242261202831,5158.740000000001,115.68468886512228,194.6591109653105
2024-07-26 16:06:14+00:00,AAL1347,26.07591014797405,-81.4096421461839,5143.5,115.68468886512228,194.6591109653105
2024-07-26 16:06:16+00:00,AAL1347,26.074839446504235,-81.40715965857873,5128.26,115.61360730902898,193.9726775389668
2024-07-26 16:06:17+00:00,AAL1347,26.07362908832097,-81.40441307654748,5105.400000000001,115.61360730902898,193.9726775389668
2024-07-26 16:06:18+00:00,AAL1347,26.07297735699153,-81.40282850999097,5097.780000000001,115.61360730902898,193.9726775389668
2024-07-26 16:06:19+00:00,AAL1347,26.072296142578125,-81.40122899469338,5090.16,115.61360730902898,193.9726775389668
2024-07-26 16:06:21+00:00,AAL1347,26.07116181971663,-81.3986558180589,5074.92,115.61360730902898,193.9726775389668
2024-07-26 16:06:23+00:00,AAL1347,26.06977844238281,-81.3954767191185,5052.06,115.61360730902898,193.9726775389668
2024-07-26 16:06:24+00:00,AAL1347,26.06904602050781,-81.39376658313677,5044.4400000000005,115.6794556753632,193.50891580610087
2024-07-26 16:06:26+00:00,AAL1347,26.067065222788663,-81.38920123760516,5021.58,115.6794556753632,193.50891580610087
2024-07-26 16:06:27+00:00,AAL1347,26.06632038698358,-81.38751103327826,5013.96,115.6794556753632,193.50891580610087
2024-07-26 16:06:28+00:00,AAL1347,26.06548244670286,-81.38555673452521,4998.72,115.74562033526092,193.04541089217213
2024-07-26 16:06:29+00:00,AAL1347,26.06483459472656,-81.3840239902712,4991.1,115.74562033526092,193.04541089217213
2024-07-26 16:06:30+00:00,AAL1347,26.064458297470868,-81.3831270658053,4991.1,115.74562033526092,193.04541089217213
2024-07-26 16:06:32+00:00,AAL1347,26.06292207362288,-81.37969383826623,4968.240000000001,115.74562033526092,193.04541089217213
2024-07-26 16:06:33+00:00,AAL1347,26.062042236328125,-81.37759802476415,4960.62,115.60793148921834,192.82250533083104
2024-07-26 16:06:34+00:00,AAL1347,26.06119964082362,-81.37567960298975,4945.38,115.67415990268408,192.3587222805131
2024-07-26 16:06:35+00:00,AAL1347,26.060082387115997,-81.3730914776142,4937.76,115.67415990268408,192.3587222805131
2024-07-26 16:06:36+00:00,AAL1347,26.05980307368909,-81.37240483210638,4930.14,115.67415990268408,192.3587222805131
2024-07-26 16:06:37+00:00,AAL1347,26.059112548828125,-81.37086112544222,4922.52,115.67415990268408,192.3587222805131
2024-07-26 16:06:38+00:00,AAL1347,26.05792236328125,-81.36811454341097,4907.280000000001,115.74070835623284,191.89519748545828
2024-07-26 16:06:39+00:00,AAL1347,26.057149596133478,-81.36638347919171,4899.66,115.74070835623284,191.89519748545828
2024-07-26 16:06:41+00:00,AAL1347,26.05572509765625,-81.36308778007077,4884.42,115.80757899444684,191.43193282165015
2024-07-26 16:06:42+00:00,AAL1347,26.055054745431672,-81.36157696063702,4876.8,115.80757899444684,191.43193282165015
2024-07-26 16:06:43+00:00,AAL1347,26.05426335738877,-81.35967548076923,4869.18,115.80757899444684,191.43193282165015
2024-07-26 16:06:44+00:00,AAL1347,26.05393749172405,-81.35898883526141,4869.18,115.80757899444684,191.43193282165015
2024-07-26 16:06:45+00:00,AAL1347,26.05291334249205,-81.3566119854267,4853.9400000000005,115.73573713768532,190.74498550611983
2024-07-26 16:06:46+00:00,AAL1347,26.052308163400426,-81.35523869441107,4846.320000000001,115.73573713768532,190.74498550611983
2024-07-26 16:06:47+00:00,AAL1347,26.051842641022244,-81.35418231670673,4838.7,115.73573713768532,190.74498550611983
2024-07-26 16:06:48+00:00,AAL1347,26.05105125297934,-81.35233365572412,4831.08,115.73573713768532,190.74498550611983
2024-07-26 16:06:49+00:00,AAL1347,26.05023193359375,-81.35044313826648,4815.84,115.66337606407168,190.0583402488392
2024-07-26 16:06:50+00:00,AAL1347,26.049096058990997,-81.34784405048077,4800.6,115.66337606407168,190.0583402488392
2024-07-26 16:06:51+00:00,AAL1347,26.04872131347656,-81.34702286630306,4792.9800000000005,115.66337606407168,190.0583402488392
2024-07-26 16:06:52+00:00,AAL1347,26.04755983514301,-81.34425236628607,4770.12,115.66337606407168,190.0583402488392
2024-07-26 16:06:53+00:00,AAL1347,26.0467529296875,-81.34241068138266,4754.88,115.66337606407168,190.0583402488392
2024-07-26 16:06:54+00:00,AAL1347,26.046302924721928,-81.34134732759912,4747.26,115.66337606407168,190.0583402488392
2024-07-26 16:06:55+00:00,AAL1347,26.045150756835938,-81.33878312020931,4732.02,115.59637426214428,190.52216669400235
2024-07-26 16:06:57+00:00,AAL1347,26.04414367675781,-81.3363992942954,4716.780000000001,115.59637426214428,190.52216669400235
2024-07-26 16:06:59+00:00,AAL1347,26.042485641220868,-81.33263221153845,4693.92,115.59637426214428,190.52216669400235
2024-07-26 16:07:00+00:00,AAL1347,26.04206667108051,-81.33157583383411,4686.3,115.59637426214428,190.52216669400235
2024-07-26 16:07:01+00:00,AAL1347,26.041321835275426,-81.3298856295072,4671.06,115.66337606407168,190.0583402488392
2024-07-26 16:07:02+00:00,AAL1347,26.03997802734375,-81.32681216833726,4655.820000000001,115.66337606407168,190.0583402488392
2024-07-26 16:07:03+00:00,AAL1347,26.039599402476163,-81.32592421311597,4648.2,115.66337606407168,190.0583402488392
2024-07-26 16:07:04+00:00,AAL1347,26.03885456667108,-81.32423400878906,4640.58,115.66337606407168,190.0583402488392
2024-07-26 16:07:05+00:00,AAL1347,26.03783041743909,-81.32185715895429,4625.34,115.66337606407168,190.0583402488392
2024-07-26 16:07:06+00:00,AAL1347,26.037368774414062,-81.32080078125,4617.72,115.66337606407168,190.0583402488392
2024-07-26 16:07:08+00:00,AAL1347,26.03582867121292,-81.31726191594049,4594.860000000001,115.8029998945442,190.2817021999124
2024-07-26 16:07:10+00:00,AAL1347,26.034713745117188,-81.31468574955778,4579.62,115.87059088952824,189.81868241487908
2024-07-26 16:07:12+00:00,AAL1347,26.032756223516948,-81.31023700420673,4549.14,115.87059088952824,189.81868241487908
2024-07-26 16:07:13+00:00,AAL1347,26.032012939453125,-81.30851889556305,4541.52,115.87059088952824,189.81868241487908
2024-07-26 16:07:14+00:00,AAL1347,26.031417846679688,-81.30717151569871,4526.280000000001,115.87059088952824,189.81868241487908
2024-07-26 16:07:16+00:00,AAL1347,26.03009033203125,-81.30411399985258,4511.04,115.87059088952824,189.81868241487908
2024-07-26 16:07:17+00:00,AAL1347,26.028938940015887,-81.30157470703125,4495.8,115.87059088952824,189.81868241487908
2024-07-26 16:07:18+00:00,AAL1347,26.02821350097656,-81.29986457104951,4488.18,115.87059088952824,189.81868241487908
2024-07-26 16:07:19+00:00,AAL1347,26.027402716167902,-81.29798302283655,4472.9400000000005,115.87059088952824,189.81868241487908
2024-07-26 16:07:20+00:00,AAL1347,26.027023315429688,-81.29711798901826,4472.9400000000005,115.93851234167558,189.35592808413352
2024-07-26 16:07:21+00:00,AAL1347,26.025913044557733,-81.29460261418268,4457.7,115.93851234167558,189.35592808413352
2024-07-26 16:07:23+00:00,AAL1347,26.02446992518538,-81.29138066218451,4434.84,115.93851234167558,189.35592808413352
2024-07-26 16:07:24+00:00,AAL1347,26.023725089380296,-81.28969045785755,4419.6,115.86635679409454,188.66843567166185
2024-07-26 16:07:25+00:00,AAL1347,26.023306119239937,-81.28863408015326,4411.9800000000005,115.86635679409454,188.66843567166185
2024-07-26 16:07:28+00:00,AAL1347,26.021072387695312,-81.28354054576943,4381.5,116.0067664880604,188.893441158619
2024-07-26 16:07:29+00:00,AAL1347,26.020477294921875,-81.28219316590508,4373.88,116.0067664880604,188.893441158619
2024-07-26 16:07:30+00:00,AAL1347,26.01962849245233,-81.28034151517426,4358.64,115.93851234167558,189.35592808413352
2024-07-26 16:07:32+00:00,AAL1347,26.018142700195312,-81.27695911335496,4335.780000000001,115.93851234167558,189.35592808413352
2024-07-26 16:07:33+00:00,AAL1347,26.01748708951271,-81.27542935884912,4328.16,116.0067664880604,188.893441158619
2024-07-26 16:07:35+00:00,AAL1347,26.01599741790254,-81.27204895019531,4305.3,116.0067664880604,188.893441158619
2024-07-26 16:07:36+00:00,AAL1347,26.014880164194917,-81.2694608248197,4290.06,116.0067664880604,188.893441158619
2024-07-26 16:07:37+00:00,AAL1347,26.01413532838983,-81.2677706204928,4282.4400000000005,116.0067664880604,188.893441158619
2024-07-26 16:07:38+00:00,AAL1347,26.01366980601165,-81.26676706167365,4274.820000000001,116.0067664880604,188.893441158619
2024-07-26 16:07:39+00:00,AAL1347,26.012466430664062,-81.2640553600383,4259.58,116.0067664880604,188.893441158619
2024-07-26 16:07:40+00:00,AAL1347,26.012133582163663,-81.2632281963642,4259.58,116.0067664880604,188.893441158619
2024-07-26 16:07:41+00:00,AAL1347,26.011138916015625,-81.26099784419222,4244.34,115.86635679409454,188.66843567166185
2024-07-26 16:07:42+00:00,AAL1347,26.01050425384004,-81.2594780555138,4244.34,115.93468295028806,188.2056655262837
2024-07-26 16:07:43+00:00,AAL1347,26.00958251953125,-81.25747392762383,4236.72,115.93468295028806,188.2056655262837
2024-07-26 16:07:44+00:00,AAL1347,26.00924734341896,-81.2566258357121,4229.1,115.93468295028806,188.2056655262837
2024-07-26 16:07:45+00:00,AAL1347,26.008036985235695,-81.2539320725661,4221.4800000000005,116.00334584451144,187.74316434653227
2024-07-26 16:07:46+00:00,AAL1347,26.0075249106197,-81.25277005709131,4221.4800000000005,115.93080646265189,187.0554038194849
2024-07-26 16:07:47+00:00,AAL1347,26.006744384765625,-81.25094431751177,4213.860000000001,115.93080646265189,187.0554038194849
2024-07-26 16:07:48+00:00,AAL1347,26.00636110467426,-81.25007629394531,4206.24,115.93080646265189,187.0554038194849
2024-07-26 16:07:49+00:00,AAL1347,26.005691528320312,-81.24856049159786,4206.24,115.85773180853374,186.3679453334415
2024-07-26 16:07:50+00:00,AAL1347,26.004318237304688,-81.24539933114681,4198.62,115.92688200459872,185.90514297953436
2024-07-26 16:07:52+00:00,AAL1347,26.00310244802701,-81.24257601224457,4183.38,115.7841161758936,185.68079224320232
2024-07-26 16:07:53+00:00,AAL1347,26.002357612221928,-81.24093862680286,4183.38,115.85333897104232,185.2177017775407
2024-07-26 16:07:54+00:00,AAL1347,26.001617431640625,-81.2392842994546,4175.76,115.85333897104232,185.2177017775407
2024-07-26 16:07:55+00:00,AAL1347,26.000681731660485,-81.23713566706732,4168.14,115.92290868019226,184.75488302262272
2024-07-26 16:07:57+00:00,AAL1347,25.99951792571504,-81.23449472280646,4160.52,115.84889123160757,184.06745932399545
2024-07-26 16:07:58+00:00,AAL1347,25.998504638671875,-81.23218464401532,4152.900000000001,115.84889123160757,184.06745932399545
2024-07-26 16:08:00+00:00,AAL1347,25.997360229492188,-81.22954170658903,4145.280000000001,115.91888557104642,183.60462396534643
2024-07-26 16:08:01+00:00,AAL1347,25.996810913085938,-81.22819432672463,4145.280000000001,115.91888557104642,183.60462396534643
2024-07-26 16:08:02+00:00,AAL1347,25.996078491210938,-81.22658783534786,4137.66,115.84438755456031,182.91721799360167
2024-07-26 16:08:03+00:00,AAL1347,25.99490925417108,-81.22393094576319,4130.04,115.84438755456031,182.91721799360167
2024-07-26 16:08:04+00:00,AAL1347,25.99456787109375,-81.22311574108193,4130.04,115.84438755456031,182.91721799360167
2024-07-26 16:08:05+00:00,AAL1347,25.99383544921875,-81.22150924970515,4122.42,115.91481173561758,182.4543658247204
2024-07-26 16:08:06+00:00,AAL1347,25.993140269134003,-81.21986389160156,4114.8,115.91481173561758,182.4543658247204
2024-07-26 16:08:07+00:00,AAL1347,25.99237060546875,-81.21808897774173,4107.18,115.91481173561758,182.4543658247204
2024-07-26 16:08:08+00:00,AAL1347,25.99163818359375,-81.2164306640625,4107.18,115.83982687801873,181.76697780768168
2024-07-26 16:08:09+00:00,AAL1347,25.991226196289062,-81.21544604031544,4099.56,115.83982687801873,181.76697780768168
2024-07-26 16:08:10+00:00,AAL1347,25.990493774414062,-81.21383954893867,4091.94,115.83982687801873,181.76697780768168
2024-07-26 16:08:11+00:00,AAL1347,25.98978850801112,-81.21220515324518,4084.32,115.83982687801873,181.76697780768168
2024-07-26 16:08:12+00:00,AAL1347,25.988810911016948,-81.20993394118085,4076.7,115.83982687801873,181.76697780768168
2024-07-26 16:08:13+00:00,AAL1347,25.98839194087659,-81.20893038236176,4069.08,115.83982687801873,181.76697780768168
2024-07-26 16:08:15+00:00,AAL1347,25.98662295583951,-81.20491614708533,4053.84,115.83520811305392,180.6167387881008
2024-07-26 16:08:17+00:00,AAL1347,25.98554992675781,-81.20249046469633,4038.6,115.90650799951442,180.1538523636512
2024-07-26 16:08:18+00:00,AAL1347,25.98486328125,-81.20088397331955,4030.98,115.90650799951442,180.1538523636512
2024-07-26 16:08:19+00:00,AAL1347,25.98426818847656,-81.19958841575766,4023.36,115.90650799951442,180.1538523636512
2024-07-26 16:08:20+00:00,AAL1347,25.98321533203125,-81.19715276754124,4015.74,115.90650799951442,180.1538523636512
2024-07-26 16:08:21+00:00,AAL1347,25.98252868652344,-81.19554627616452,4008.12,115.90650799951442,180.1538523636512
2024-07-26 16:08:22+00:00,AAL1347,25.981688418630824,-81.19361290564905,3992.88,115.83053014282316,179.46650095728506
2024-07-26 16:08:23+00:00,AAL1347,25.980880737304688,-81.19181507038621,3985.26,115.83053014282316,179.46650095728506
2024-07-26 16:08:24+00:00,AAL1347,25.98033142089844,-81.19057133512678,3977.64,115.83053014282316,179.46650095728506
2024-07-26 16:08:25+00:00,AAL1347,25.979500463453387,-81.18859511155347,3970.02,115.6825159036284,179.24295026366588
2024-07-26 16:08:26+00:00,AAL1347,25.97880217988612,-81.18701054499701,3954.78,115.6825159036284,179.24295026366588
2024-07-26 16:08:27+00:00,AAL1347,25.978103896318856,-81.1853731595553,3947.16,115.75396819851244,178.77946755921027
2024-07-26 16:08:29+00:00,AAL1347,25.97689353813559,-81.18267939640924,3931.92,115.75396819851244,178.77946755921027
2024-07-26 16:08:30+00:00,AAL1347,25.97591594114142,-81.18040818434491,3924.3,115.75396819851244,178.77946755921027
2024-07-26 16:08:31+00:00,AAL1347,25.97552490234375,-81.1794295400943,3916.68,115.75396819851244,178.77946755921027
2024-07-26 16:08:32+00:00,AAL1347,25.97461247848252,-81.17734468900238,3901.44,115.75396819851244,178.77946755921027
2024-07-26 16:08:33+00:00,AAL1347,25.97383117675781,-81.17559468971109,3893.82,115.75396819851244,178.77946755921027
2024-07-26 16:08:34+00:00,AAL1347,25.973556518554688,-81.17497282208137,3893.82,115.75396819851244,178.77946755921027
2024-07-26 16:08:35+00:00,AAL1347,25.972457885742188,-81.17238170695754,3878.58,115.75396819851244,178.77946755921027
2024-07-26 16:08:36+00:00,AAL1347,25.971726239737816,-81.17079514723554,3870.96,115.67681568183824,178.09275584979528
2024-07-26 16:08:38+00:00,AAL1347,25.97060898603019,-81.16820702185998,3848.1,115.67681568183824,178.09275584979528
2024-07-26 16:08:39+00:00,AAL1347,25.969985961914062,-81.16678489829008,3840.48,115.67681568183824,178.09275584979528
2024-07-26 16:08:40+00:00,AAL1347,25.96957397460937,-81.16585209684553,3840.48,115.67681568183824,178.09275584979528
2024-07-26 16:08:41+00:00,AAL1347,25.968607239804022,-81.16361177884613,3825.24,115.67681568183824,178.09275584979528
2024-07-26 16:08:42+00:00,AAL1347,25.968188269663663,-81.16260822002704,3817.62,115.67681568183824,178.09275584979528
2024-07-26 16:08:43+00:00,AAL1347,25.96721067266949,-81.16038982684796,3802.38,115.67681568183824,178.09275584979528
2024-07-26 16:08:44+00:00,AAL1347,25.96636962890625,-81.15849332989387,3794.76,115.67681568183824,178.09275584979528
2024-07-26 16:08:45+00:00,AAL1347,25.965627896583687,-81.15669250488281,3787.14,115.67681568183824,178.09275584979528
2024-07-26 16:08:46+00:00,AAL1347,25.964996337890625,-81.15528034714032,3779.52,115.74871577901398,177.62925180899416
2024-07-26 16:08:47+00:00,AAL1347,25.96465029958951,-81.15447411170373,3771.9,115.74871577901398,177.62925180899416
2024-07-26 16:08:50+00:00,AAL1347,25.962229583222985,-81.14887530987079,3741.42,115.74871577901398,177.62925180899416
2024-07-26 16:08:51+00:00,AAL1347,25.961837768554688,-81.14812886939859,3733.8,115.74871577901398,177.62925180899416
2024-07-26 16:08:52+00:00,AAL1347,25.960693359375,-81.14538228736734,3718.56,115.82099197418928,177.16602895456455
2024-07-26 16:08:53+00:00,AAL1347,25.960320941472457,-81.14459698016827,3710.94,115.82099197418928,177.16602895456455
2024-07-26 16:08:54+00:00,AAL1347,25.95934334447828,-81.1423785869892,3703.32,115.82099197418928,177.16602895456455
2024-07-26 16:08:55+00:00,AAL1347,25.95867919921875,-81.14077010244694,3688.08,115.82099197418928,177.16602895456455
2024-07-26 16:08:56+00:00,AAL1347,25.95794677734375,-81.13921543337261,3680.46,115.82099197418928,177.16602895456455
2024-07-26 16:08:57+00:00,AAL1347,25.957620911679022,-81.13841717059796,3680.46,115.82099197418928,177.16602895456455
2024-07-26 16:08:58+00:00,AAL1347,25.956710815429688,-81.13631338443395,3665.22,115.82099197418928,177.16602895456455
2024-07-26 16:08:59+00:00,AAL1347,25.955945031117583,-81.13456139197717,3649.98,115.82099197418928,177.16602895456455
2024-07-26 16:09:00+00:00,AAL1347,25.955612182617188,-81.13377409161262,3649.98,115.74339489346129,176.4790375709896
2024-07-26 16:09:02+00:00,AAL1347,25.95366397146451,-81.12933232234076,3627.12,115.74339489346129,176.4790375709896
2024-07-26 16:09:03+00:00,AAL1347,25.952965687897244,-81.12774775578424,3611.88,115.74339489346129,176.4790375709896
2024-07-26 16:09:04+00:00,AAL1347,25.9522705078125,-81.12615621314859,3604.26,115.74339489346129,176.4790375709896
2024-07-26 16:09:06+00:00,AAL1347,25.950897216796875,-81.12299505269749,3589.02,115.74339489346129,176.4790375709896
2024-07-26 16:09:08+00:00,AAL1347,25.949800135725635,-81.12045874962439,3573.78,115.74339489346129,176.4790375709896
2024-07-26 16:09:09+00:00,AAL1347,25.94882253873146,-81.11824035644531,3558.54,115.8161293942542,176.0157948304806
2024-07-26 16:09:10+00:00,AAL1347,25.9481242551642,-81.1166557898888,3550.92,115.8161293942542,176.0157948304806
2024-07-26 16:09:11+00:00,AAL1347,25.947509765625,-81.11527352962855,3543.3,115.8161293942542,176.0157948304806
2024-07-26 16:09:12+00:00,AAL1347,25.94668113579184,-81.11338101900537,3535.6800000000003,115.8161293942542,176.0157948304806
2024-07-26 16:09:13+00:00,AAL1347,25.94612250893803,-81.1121133657602,3528.0600000000004,115.8161293942542,176.0157948304806
2024-07-26 16:09:14+00:00,AAL1347,25.94588974774894,-81.11147953913763,3528.0600000000004,115.8161293942542,176.0157948304806
2024-07-26 16:09:15+00:00,AAL1347,25.944854736328125,-81.10910667563383,3512.82,115.88924763567049,175.55283723963908
2024-07-26 16:09:16+00:00,AAL1347,25.944580078125,-81.1084848080041,3505.2000000000003,115.88924763567049,175.55283723963908
2024-07-26 16:09:17+00:00,AAL1347,25.943527221679688,-81.1061009820902,3497.5800000000004,115.88924763567049,175.55283723963908
2024-07-26 16:09:18+00:00,AAL1347,25.94325256347656,-81.10547911446048,3489.96,115.88924763567049,175.55283723963908
2024-07-26 16:09:20+00:00,AAL1347,25.94146728515625,-81.10139113206128,3474.7200000000003,115.81120284400724,174.86556199084322
2024-07-26 16:09:21+00:00,AAL1347,25.940689086914062,-81.09967501658315,3467.1000000000004,115.81120284400724,174.86556199084322
2024-07-26 16:09:22+00:00,AAL1347,25.940070718021715,-81.0982748178335,3459.48,115.81120284400724,174.86556199084322
2024-07-26 16:09:23+00:00,AAL1347,25.939465538930083,-81.09684870793268,3451.86,115.81120284400724,174.86556199084322
2024-07-26 16:09:24+00:00,AAL1347,25.938720703125,-81.0951146539652,3436.6200000000003,115.88479024620946,174.40258603005674
2024-07-26 16:09:25+00:00,AAL1347,25.938115524033368,-81.0937323937049,3429.0,115.88479024620946,174.40258603005674
2024-07-26 16:09:26+00:00,AAL1347,25.93707275390625,-81.09138344818689,3421.38,115.88479024620946,174.40258603005674
2024-07-26 16:09:27+00:00,AAL1347,25.936798095703125,-81.09076158055717,3413.76,115.88479024620946,174.40258603005674
2024-07-26 16:09:28+00:00,AAL1347,25.936439643471928,-81.08998225285455,3413.76,115.95876926156063,173.939899283711
2024-07-26 16:09:29+00:00,AAL1347,25.93513618081303,-81.08702439528241,3390.9,115.95876926156063,173.939899283711
2024-07-26 16:09:30+00:00,AAL1347,25.934344792770126,-81.08512291541467,3383.28,115.95876926156063,173.939899283711
2024-07-26 16:09:31+00:00,AAL1347,25.933639526367188,-81.08355828051299,3368.04,115.95876926156063,173.939899283711
2024-07-26 16:09:32+00:00,AAL1347,25.93327409130032,-81.08279888446515,3368.04,115.95876926156063,173.939899283711
2024-07-26 16:09:33+00:00,AAL1347,25.932540893554688,-81.08107080999412,3352.8,115.95876926156063,173.939899283711
2024-07-26 16:09:34+00:00,AAL1347,25.9319240764036,-81.07968257023737,3345.1800000000003,115.95876926156063,173.939899283711
2024-07-26 16:09:35+00:00,AAL1347,25.93121337890625,-81.07811693875294,3329.94,115.95876926156063,173.939899283711
2024-07-26 16:09:36+00:00,AAL1347,25.9306206137447,-81.07672471266523,3322.32,115.95876926156063,173.939899283711
2024-07-26 16:09:37+00:00,AAL1347,25.930252075195312,-81.0759404020489,3314.7000000000003,115.95876926156063,173.939899283711
2024-07-26 16:09:38+00:00,AAL1347,25.92894473318326,-81.07297457181488,3299.46,115.95876926156063,173.939899283711
2024-07-26 16:09:39+00:00,AAL1347,25.92832946777344,-81.07153550633842,3291.84,115.95876926156063,173.939899283711
2024-07-26 16:09:40+00:00,AAL1347,25.928013688426905,-81.0707561786358,3284.2200000000003,115.88479024620946,174.40258603005674
2024-07-26 16:09:41+00:00,AAL1347,25.927047729492188,-81.0685816350973,3268.98,115.88479024620946,174.40258603005674
2024-07-26 16:09:42+00:00,AAL1347,25.92636108398437,-81.06702696602298,3261.36,115.88479024620946,174.40258603005674
2024-07-26 16:09:43+00:00,AAL1347,25.92601194220074,-81.0662137545072,3261.36,115.95876926156063,173.939899283711
2024-07-26 16:09:44+00:00,AAL1347,25.92498779296875,-81.06388972355768,3246.1200000000003,115.95876926156063,173.939899283711
2024-07-26 16:09:45+00:00,AAL1347,25.92466735839844,-81.0630884710348,3238.5,115.95876926156063,173.939899283711
2024-07-26 16:09:46+00:00,AAL1347,25.92343139648437,-81.06029006670104,3230.88,115.95876926156063,173.939899283711
2024-07-26 16:09:47+00:00,AAL1347,25.923019409179688,-81.0593572652565,3223.26,115.80621105280945,173.71533046116684
2024-07-26 16:09:48+00:00,AAL1347,25.9222412109375,-81.05764712927476,3215.6400000000003,115.80621105280945,173.71533046116684
2024-07-26 16:09:49+00:00,AAL1347,25.92135671841896,-81.05564997746393,3200.4,115.88027367006886,173.2523358900158
2024-07-26 16:09:50+00:00,AAL1347,25.921051025390625,-81.05484872494105,3200.4,115.88027367006886,173.2523358900158
2024-07-26 16:09:51+00:00,AAL1347,25.920006703522244,-81.05253366323615,3185.1600000000003,115.88027367006886,173.2523358900158
2024-07-26 16:09:52+00:00,AAL1347,25.9193115234375,-81.05096205225527,3177.54,115.88027367006886,173.2523358900158
2024-07-26 16:09:53+00:00,AAL1347,25.918982554290253,-81.05020963228662,3177.54,115.95473306844184,172.78963235888767
2024-07-26 16:09:55+00:00,AAL1347,25.917306673728813,-81.04635385366583,3154.6800000000003,115.801152716148,172.56510026764602
2024-07-26 16:09:56+00:00,AAL1347,25.917027360301905,-81.04572002704327,3154.6800000000003,115.801152716148,172.56510026764602
2024-07-26 16:09:57+00:00,AAL1347,25.916015625,-81.04339599609375,3139.44,115.8756967205768,172.10208684096108
2024-07-26 16:09:58+00:00,AAL1347,25.91539803197828,-81.04202270507812,3131.82,115.8756967205768,172.10208684096108
2024-07-26 16:09:59+00:00,AAL1347,25.9146531961732,-81.04033250075116,3124.2000000000003,115.721399202056,171.87819634827198
2024-07-26 16:10:00+00:00,AAL1347,25.914047241210938,-81.03893927808076,3116.5800000000004,115.721399202056,171.87819634827198
2024-07-26 16:10:01+00:00,AAL1347,25.913489390227756,-81.03753309983472,3108.96,115.56670030515512,171.65555560515608
2024-07-26 16:10:02+00:00,AAL1347,25.913131713867188,-81.03676274137678,3108.96,115.02727879238054,171.46118309277043
2024-07-26 16:10:03+00:00,AAL1347,25.912232479806672,-81.03457524226263,3101.34,114.71495594862182,171.02845329142284
2024-07-26 16:10:04+00:00,AAL1347,25.91162730071504,-81.03304349459131,3093.7200000000003,114.71495594862182,171.02845329142284
2024-07-26 16:10:05+00:00,AAL1347,25.91070556640625,-81.03069953198701,3078.48,113.94499942093547,171.1181800401003
2024-07-26 16:10:06+00:00,AAL1347,25.910202026367188,-81.02945579672758,3070.86,113.62937773065684,170.70318605995402
2024-07-26 16:10:07+00:00,AAL1347,25.909744262695312,-81.02816023916569,3063.24,113.31222737280392,170.29339723793015
2024-07-26 16:10:08+00:00,AAL1347,25.9090576171875,-81.02645010318395,3055.6200000000003,113.15308156411356,170.09046653657865
2024-07-26 16:10:09+00:00,AAL1347,25.908462524414062,-81.02489543410968,3048.0,113.15308156411356,170.09046653657865
2024-07-26 16:10:10+00:00,AAL1347,25.90794967392744,-81.02353609525238,3040.38,113.15308156411356,170.09046653657865
2024-07-26 16:10:12+00:00,AAL1347,25.90669276350636,-81.02026132436896,3025.1400000000003,113.06151953229354,169.41539962411684
2024-07-26 16:10:13+00:00,AAL1347,25.90635681152344,-81.01945409234963,3017.52,113.12986310217303,168.94218771275553
2024-07-26 16:10:14+00:00,AAL1347,25.905441284179688,-81.01701844413327,3009.9,113.1985905136482,168.46921752594125
2024-07-26 16:10:15+00:00,AAL1347,25.904830673993644,-81.01545480581427,3002.28,113.1985905136482,168.46921752594125
2024-07-26 16:10:16+00:00,AAL1347,25.904296875,-81.0140645728921,2994.6600000000003,113.26770481005696,167.99649110529714
2024-07-26 16:10:17+00:00,AAL1347,25.9036668680482,-81.01239131047174,2987.04,113.26770481005696,167.99649110529714
2024-07-26 16:10:19+00:00,AAL1347,25.902503062102756,-81.00948627178485,2979.42,113.24498384724436,166.84807686502583
2024-07-26 16:10:20+00:00,AAL1347,25.90194443524894,-81.00795452411359,2971.8,113.24498384724436,166.84807686502583
2024-07-26 16:10:21+00:00,AAL1347,25.901385808395126,-81.00642277644232,2964.1800000000003,112.756250740224,166.2450282205256
2024-07-26 16:10:22+00:00,AAL1347,25.900827181541317,-81.004891028771,2956.56,112.26399511741856,165.6541632735307
2024-07-26 16:10:23+00:00,AAL1347,25.9002685546875,-81.00338917858193,2948.94,111.53661285279048,165.3639407654438
2024-07-26 16:10:24+00:00,AAL1347,25.89976501464844,-81.00183450950766,2941.32,110.80679101271124,165.10046090332835
2024-07-26 16:10:25+00:00,AAL1347,25.899337509931144,-81.00045424241284,2933.7000000000003,109.7381888386043,164.5135286795376
2024-07-26 16:10:26+00:00,AAL1347,25.8988037109375,-80.99856970445165,2926.08,108.66231183391258,163.9842197934017
2024-07-26 16:10:27+00:00,AAL1347,25.898483276367188,-80.99732596919222,2926.08,107.52556837372288,164.00358533992468
2024-07-26 16:10:28+00:00,AAL1347,25.8980712890625,-80.9957713001179,2918.46,106.26741807595774,163.44914897533928
2024-07-26 16:10:29+00:00,AAL1347,25.89775473384534,-80.99432725172773,2910.84,105.0013184604715,162.97404044843756
2024-07-26 16:10:31+00:00,AAL1347,25.89706420898437,-80.99084818138266,2895.6000000000004,103.15754274001482,162.72051573111037
2024-07-26 16:10:32+00:00,AAL1347,25.896743774414062,-80.98929351230834,2887.98,102.4499965078066,162.26447783628544
2024-07-26 16:10:33+00:00,AAL1347,25.896590927899894,-80.98851717435394,2887.98,101.73857120672233,161.8333222154775
2024-07-26 16:10:34+00:00,AAL1347,25.89619445800781,-80.9861323518573,2880.36,101.38146274835984,161.62713793406195
2024-07-26 16:10:35+00:00,AAL1347,25.895965576171875,-80.98473314969044,2872.74,101.0584792566912,160.92232632027313
2024-07-26 16:10:36+00:00,AAL1347,25.89579953985699,-80.98392193134015,2872.74,100.87860476648255,160.82444293533644
2024-07-26 16:10:37+00:00,AAL1347,25.89537048339844,-80.98126105542451,2865.1200000000003,100.7326645566558,160.22267325878695
2024-07-26 16:10:38+00:00,AAL1347,25.895101256289724,-80.97953796386719,2857.5,100.58562492210106,159.621950926053
2024-07-26 16:10:39+00:00,AAL1347,25.894868495100635,-80.97816467285156,2849.88,100.58562492210106,159.621950926053
2024-07-26 16:10:40+00:00,AAL1347,25.89459228515625,-80.97644158129424,2849.88,100.4374753511182,159.02228780646777
2024-07-26 16:10:41+00:00,AAL1347,25.89435642048464,-80.97504835862378,2842.26,100.4374753511182,159.02228780646777
2024-07-26 16:10:42+00:00,AAL1347,25.89412365929555,-80.97367506760816,2842.26,100.28820523208236,158.42369592798744
2024-07-26 16:10:43+00:00,AAL1347,25.89389089810646,-80.9720905010517,2834.6400000000003,100.28820523208236,158.42369592798744
2024-07-26 16:10:45+00:00,AAL1347,25.89344787597656,-80.96949739276238,2827.02,100.35509122014804,157.41145782784406
2024-07-26 16:10:47+00:00,AAL1347,25.892913301112287,-80.96612196702222,2811.78,100.42284290582982,156.39943702112208
2024-07-26 16:10:49+00:00,AAL1347,25.892349243164062,-80.96291596034786,2804.1600000000003,100.30484646876604,155.29478687328174
2024-07-26 16:10:51+00:00,AAL1347,25.891889151880296,-80.95988933856671,2788.92,100.30484646876604,155.29478687328174
2024-07-26 16:10:52+00:00,AAL1347,25.891616821289062,-80.958251953125,2781.3,100.30484646876604,155.29478687328174
2024-07-26 16:10:53+00:00,AAL1347,25.8913770772643,-80.95687866210938,2781.3,100.18515984590132,154.1908048030213
2024-07-26 16:10:55+00:00,AAL1347,25.890884399414062,-80.95384705741452,2766.06,100.21907440781892,153.6844946220741
2024-07-26 16:10:56+00:00,AAL1347,25.890655517578125,-80.95234421064265,2750.82,100.21907440781892,153.6844946220741
2024-07-26 16:10:57+00:00,AAL1347,25.890446032507946,-80.95101576585034,2743.2000000000003,100.03021331973284,153.59406030567408
2024-07-26 16:10:58+00:00,AAL1347,25.890352928032307,-80.95038193922773,2743.2000000000003,100.03021331973284,153.59406030567408
2024-07-26 16:10:59+00:00,AAL1347,25.889968872070312,-80.94799113723468,2727.96,100.03021331973284,153.59406030567408
2024-07-26 16:11:00+00:00,AAL1347,25.88974774894068,-80.94663179837738,2720.34,100.03021331973284,153.59406030567408
2024-07-26 16:11:01+00:00,AAL1347,25.889419555664062,-80.94467450987617,2712.7200000000003,100.06374752717582,153.087505263755
2024-07-26 16:11:02+00:00,AAL1347,25.8892822265625,-80.94379353073407,2712.7200000000003,100.0975043840753,152.58100301097662
2024-07-26 16:11:03+00:00,AAL1347,25.888956360897776,-80.94171964205225,2705.1,100.0975043840753,152.58100301097662
2024-07-26 16:11:04+00:00,AAL1347,25.888723599708687,-80.94018789438098,2697.48,99.94057303311304,151.98490311951497
2024-07-26 16:11:05+00:00,AAL1347,25.8884908385196,-80.93870896559491,2697.48,99.97416368525388,151.4782083295163
2024-07-26 16:11:06+00:00,AAL1347,25.888304629568324,-80.93738849346454,2689.86,99.97416368525388,151.4782083295163
2024-07-26 16:11:07+00:00,AAL1347,25.888092041015625,-80.93607200766508,2689.86,100.00797980144137,150.97156595349534
2024-07-26 16:11:08+00:00,AAL1347,25.887863159179688,-80.93456916089326,2682.24,100.00797980144137,150.97156595349534
2024-07-26 16:11:09+00:00,AAL1347,25.887513241525426,-80.9325291560246,2674.6200000000003,100.00797980144137,150.97156595349534
2024-07-26 16:11:10+00:00,AAL1347,25.887280480336333,-80.93105022723859,2667.0,100.04202363552952,150.46497652091372
2024-07-26 16:11:11+00:00,AAL1347,25.887176513671875,-80.9303197320902,2667.0,99.91652612090726,149.36250542103346
2024-07-26 16:11:12+00:00,AAL1347,25.88690806243379,-80.92872619628906,2659.38,99.91652612090726,149.36250542103346
2024-07-26 16:11:14+00:00,AAL1347,25.886444091796875,-80.92581119177476,2651.76,99.9506266879516,148.85577373555788
2024-07-26 16:11:15+00:00,AAL1347,25.88625633110434,-80.92450068547174,2644.1400000000003,99.98496020464334,148.34909513857244
2024-07-26 16:11:16+00:00,AAL1347,25.88612365722656,-80.92379012197819,2644.1400000000003,100.01952904125936,147.84247017590417
2024-07-26 16:11:17+00:00,AAL1347,25.885894775390625,-80.92233909750883,2636.52,100.01952904125936,147.84247017590417
2024-07-26 16:11:18+00:00,AAL1347,25.885604599774894,-80.92059208796576,2628.9,100.01952904125936,147.84247017590417
2024-07-26 16:11:19+00:00,AAL1347,25.885299682617188,-80.91840060252065,2621.28,100.05433559999436,147.3358994008292
2024-07-26 16:11:20+00:00,AAL1347,25.88511657714844,-80.91726051186612,2613.6600000000003,100.05433559999436,147.3358994008292
2024-07-26 16:11:22+00:00,AAL1347,25.884580450542902,-80.91409536508411,2606.04,100.12467165539782,146.3229226645723
2024-07-26 16:11:23+00:00,AAL1347,25.88433837890625,-80.91254468234081,2598.42,100.12467165539782,146.3229226645723
2024-07-26 16:11:24+00:00,AAL1347,25.884109497070312,-80.91109365787145,2590.8,100.1602061208946,145.8165178483404
2024-07-26 16:11:25+00:00,AAL1347,25.883882166975635,-80.90965857872595,2583.1800000000003,100.1602061208946,145.8165178483404
2024-07-26 16:11:26+00:00,AAL1347,25.88360595703125,-80.90813978663027,2575.56,100.1959882472868,145.3101695098682
2024-07-26 16:11:27+00:00,AAL1347,25.883377075195312,-80.90668876216097,2567.94,100.1959882472868,145.3101695098682
2024-07-26 16:11:28+00:00,AAL1347,25.883285522460938,-80.9061187168337,2560.32,100.1959882472868,145.3101695098682
2024-07-26 16:11:30+00:00,AAL1347,25.882827758789062,-80.90311302329008,2545.08,100.23202060456782,144.8038782416277
2024-07-26 16:11:31+00:00,AAL1347,25.88243904760328,-80.90099628155048,2529.84,100.23202060456782,144.8038782416277
2024-07-26 16:11:33+00:00,AAL1347,25.882095336914062,-80.89875994988205,2522.2200000000003,100.23202060456782,144.8038782416277
2024-07-26 16:11:34+00:00,AAL1347,25.881866455078125,-80.89730892541274,2514.6,100.23202060456782,144.8038782416277
2024-07-26 16:11:35+00:00,AAL1347,25.881601107322563,-80.89576721191406,2499.36,100.26830579801025,144.297644644339
2024-07-26 16:11:36+00:00,AAL1347,25.881362915039062,-80.89451052107898,2491.74,100.26830579801025,144.297644644339
2024-07-26 16:11:37+00:00,AAL1347,25.88104248046875,-80.89238580667745,2484.1200000000003,100.26830579801025,144.297644644339
2024-07-26 16:11:38+00:00,AAL1347,25.880902823755296,-80.89164733886719,2476.5,100.26830579801025,144.297644644339
2024-07-26 16:11:39+00:00,AAL1347,25.880623510328387,-80.8896930401142,2468.88,100.26830579801025,144.297644644339
2024-07-26 16:11:40+00:00,AAL1347,25.8803907491393,-80.88826693021332,2453.6400000000003,100.26830579801025,144.297644644339
2024-07-26 16:11:41+00:00,AAL1347,25.880111435712397,-80.88673518254205,2446.02,100.10303700085156,143.70033417137742
2024-07-26 16:11:42+00:00,AAL1347,25.879878674523304,-80.88530907264123,2438.4,100.10303700085156,143.70033417137742
2024-07-26 16:11:43+00:00,AAL1347,25.87978557004767,-80.88472806490381,2438.4,100.10303700085156,143.70033417137742
2024-07-26 16:11:44+00:00,AAL1347,25.87950625662076,-80.88277376615082,2423.1600000000003,99.900973904765,143.61098403652608
2024-07-26 16:11:45+00:00,AAL1347,25.879366599907307,-80.88192866398737,2415.54,99.900973904765,143.61098403652608
2024-07-26 16:11:46+00:00,AAL1347,25.879165649414062,-80.88062214401532,2407.92,99.900973904765,143.61098403652608
2024-07-26 16:11:47+00:00,AAL1347,25.87884521484375,-80.87854925191624,2400.3,99.900973904765,143.61098403652608
2024-07-26 16:11:48+00:00,AAL1347,25.878621764102224,-80.87728060208832,2392.6800000000003,99.6986617377101,143.52342225633913
2024-07-26 16:11:49+00:00,AAL1347,25.878387451171875,-80.87569902528008,2377.44,99.6986617377101,143.52342225633913
2024-07-26 16:11:50+00:00,AAL1347,25.8782958984375,-80.87518080225527,2377.44,99.73338241883648,143.0163572559998
2024-07-26 16:11:51+00:00,AAL1347,25.87801658501059,-80.8732135479267,2362.2000000000003,99.73338241883648,143.0163572559998
2024-07-26 16:11:52+00:00,AAL1347,25.87783037605932,-80.8720515324519,2362.2000000000003,99.73338241883648,143.0163572559998
2024-07-26 16:11:53+00:00,AAL1347,25.877517700195312,-80.86984310510024,2346.96,99.73338241883648,143.0163572559998
2024-07-26 16:11:54+00:00,AAL1347,25.87728881835937,-80.86839208063088,2339.34,99.73338241883648,143.0163572559998
2024-07-26 16:11:55+00:00,AAL1347,25.87705993652344,-80.86699287846403,2331.7200000000003,99.73338241883648,143.0163572559998
2024-07-26 16:11:56+00:00,AAL1347,25.876876831054688,-80.86590461011201,2324.1,99.73338241883648,143.0163572559998
2024-07-26 16:11:57+00:00,AAL1347,25.87680622682733,-80.86518507737378,2324.1,99.73338241883648,143.0163572559998
2024-07-26 16:11:58+00:00,AAL1347,25.876433808924787,-80.86280822753906,2308.86,99.76835016763567,142.5093451484441
2024-07-26 16:11:59+00:00,AAL1347,25.876294152211333,-80.86196312537561,2308.86,99.56439296616288,142.42296430045516
2024-07-26 16:12:00+00:00,AAL1347,25.8760986328125,-80.8607223798644,2301.24,99.56439296616288,142.42296430045516
2024-07-26 16:12:01+00:00,AAL1347,25.87592173430879,-80.8594278188852,2293.62,99.56439296616288,142.42296430045516
2024-07-26 16:12:02+00:00,AAL1347,25.875642420881885,-80.85763197678784,2286.0,99.56439296616288,142.42296430045516
2024-07-26 16:12:03+00:00,AAL1347,25.875411987304688,-80.85636930645637,2278.38,99.56439296616288,142.42296430045516
2024-07-26 16:12:04+00:00,AAL1347,25.875228881835938,-80.85497010428952,2270.76,99.56439296616288,142.42296430045516
2024-07-26 16:12:05+00:00,AAL1347,25.875037241790253,-80.85372337928186,2263.1400000000003,99.56439296616288,142.42296430045516
2024-07-26 16:12:06+00:00,AAL1347,25.874804480601163,-80.85219163161054,2255.52,99.56439296616288,142.42296430045516
2024-07-26 16:12:07+00:00,AAL1347,25.874496459960938,-80.85035791936912,2240.28,99.56439296616288,142.42296430045516
2024-07-26 16:12:08+00:00,AAL1347,25.87435913085937,-80.84952876252947,2240.28,99.56439296616288,142.42296430045516
2024-07-26 16:12:09+00:00,AAL1347,25.87413024902344,-80.84797409345515,2225.04,99.56439296616288,142.42296430045516
2024-07-26 16:12:10+00:00,AAL1347,25.87405964479608,-80.84727947528546,2225.04,99.56439296616288,142.42296430045516
2024-07-26 16:12:11+00:00,AAL1347,25.873687226893537,-80.84500826322113,2209.8,99.56439296616288,142.42296430045516
2024-07-26 16:12:12+00:00,AAL1347,25.873501017942267,-80.8436349722055,2202.1800000000003,99.56439296616288,142.42296430045516
2024-07-26 16:12:13+00:00,AAL1347,25.873260498046875,-80.84206635097286,2194.56,99.56439296616288,142.42296430045516
2024-07-26 16:12:14+00:00,AAL1347,25.873128600039724,-80.84136376014123,2194.56,99.56439296616288,142.42296430045516
2024-07-26 16:12:15+00:00,AAL1347,25.872802734375,-80.83898691030646,2179.32,99.56439296616288,142.42296430045516
2024-07-26 16:12:16+00:00,AAL1347,25.87266540527344,-80.83833514519455,2171.7000000000003,99.56439296616288,142.42296430045516
2024-07-26 16:12:17+00:00,AAL1347,25.872482299804688,-80.8369359430277,2171.7000000000003,99.56439296616288,142.42296430045516
2024-07-26 16:12:18+00:00,AAL1347,25.87215100304555,-80.83481421837439,2156.46,99.56439296616288,142.42296430045516
2024-07-26 16:12:19+00:00,AAL1347,25.87193298339844,-80.83341202645931,2148.84,99.39399095895108,141.83082065615437
2024-07-26 16:12:20+00:00,AAL1347,25.87177858514301,-80.83217327411359,2141.2200000000003,99.39399095895108,141.83082065615437
2024-07-26 16:12:21+00:00,AAL1347,25.871566772460938,-80.83092455594044,2133.6,99.39399095895108,141.83082065615437
2024-07-26 16:12:22+00:00,AAL1347,25.871406167240465,-80.82963796762317,2125.98,99.18883607735876,141.74776049026357
2024-07-26 16:12:23+00:00,AAL1347,25.87120056152344,-80.82822979621164,2118.36,99.18883607735876,141.74776049026357
2024-07-26 16:12:24+00:00,AAL1347,25.870880126953125,-80.82631237102004,2110.74,99.18883607735876,141.74776049026357
2024-07-26 16:12:25+00:00,AAL1347,25.870834350585938,-80.82574232569277,2103.12,99.18883607735876,141.74776049026357
2024-07-26 16:12:26+00:00,AAL1347,25.87055969238281,-80.82392854510613,2095.5,99.18883607735876,141.74776049026357
2024-07-26 16:12:27+00:00,AAL1347,25.870330810546875,-80.82252934293928,2087.88,99.18883607735876,141.74776049026357
2024-07-26 16:12:28+00:00,AAL1347,25.870147705078125,-80.82113014077237,2080.26,99.18883607735876,141.74776049026357
2024-07-26 16:12:29+00:00,AAL1347,25.86996304786811,-80.81986647385816,2072.6400000000003,99.15574843012116,142.25562655615502
2024-07-26 16:12:30+00:00,AAL1347,25.86977683891684,-80.81844036395734,2057.4,99.15574843012116,142.25562655615502
2024-07-26 16:12:31+00:00,AAL1347,25.869544077727756,-80.81690861628607,2049.78,99.15574843012116,142.25562655615502
2024-07-26 16:12:32+00:00,AAL1347,25.86932373046875,-80.81568879901238,2042.16,99.15574843012116,142.25562655615502
2024-07-26 16:12:33+00:00,AAL1347,25.869140625,-80.81428959684553,2034.54,99.15574843012116,142.25562655615502
2024-07-26 16:12:34+00:00,AAL1347,25.868911743164062,-80.81289039467862,2026.92,99.36019080191332,142.3383903621133
2024-07-26 16:12:35+00:00,AAL1347,25.868682861328125,-80.81133572560435,2019.3,99.36019080191332,142.3383903621133
2024-07-26 16:12:36+00:00,AAL1347,25.86849975585937,-80.8099365234375,2011.68,99.36019080191332,142.3383903621133
2024-07-26 16:12:37+00:00,AAL1347,25.86827087402344,-80.80853732127065,2004.06,99.36019080191332,142.3383903621133
2024-07-26 16:12:38+00:00,AAL1347,25.868087768554688,-80.80713811910374,1996.44,99.36019080191332,142.3383903621133
2024-07-26 16:12:39+00:00,AAL1347,25.867950439453125,-80.80615349535674,1988.82,99.36019080191332,142.3383903621133
2024-07-26 16:12:40+00:00,AAL1347,25.86768198821504,-80.80433772160455,1981.2,99.36019080191332,142.3383903621133
2024-07-26 16:12:41+00:00,AAL1347,25.86754233150159,-80.8034926194411,1973.58,99.36019080191332,142.3383903621133
2024-07-26 16:12:42+00:00,AAL1347,25.867218017578125,-80.80138584352886,1965.96,99.36019080191332,142.3383903621133
2024-07-26 16:12:43+00:00,AAL1347,25.86703491210937,-80.79998664136201,1958.34,99.36019080191332,142.3383903621133
2024-07-26 16:12:44+00:00,AAL1347,25.866750943458687,-80.79831636868988,1950.72,99.39399095895108,141.83082065615437
2024-07-26 16:12:45+00:00,AAL1347,25.8665771484375,-80.79708459242335,1935.48,99.39399095895108,141.83082065615437
2024-07-26 16:12:46+00:00,AAL1347,25.86639404296875,-80.7956853902565,1927.86,99.39399095895108,141.83082065615437
2024-07-26 16:12:47+00:00,AAL1347,25.86628542108051,-80.79498877892127,1927.86,99.39399095895108,141.83082065615437
2024-07-26 16:12:48+00:00,AAL1347,25.86605265989142,-80.79356266902045,1912.62,99.39399095895108,141.83082065615437
2024-07-26 16:12:49+00:00,AAL1347,25.865798950195312,-80.79190236217568,1905.0,99.39399095895108,141.83082065615437
2024-07-26 16:12:50+00:00,AAL1347,25.865633689751057,-80.7906576303335,1889.76,99.39399095895108,141.83082065615437
2024-07-26 16:12:51+00:00,AAL1347,25.865447480799787,-80.78923152043268,1882.14,99.39399095895108,141.83082065615437
2024-07-26 16:12:52+00:00,AAL1347,25.865249633789062,-80.78801568948995,1874.52,99.18883607735876,141.74776049026357
2024-07-26 16:12:53+00:00,AAL1347,25.86492919921875,-80.78589097508842,1866.9,99.18883607735876,141.74776049026357
2024-07-26 16:12:55+00:00,AAL1347,25.86470031738281,-80.7839217275943,1859.28,98.98344326183476,141.66651977538763
2024-07-26 16:12:56+00:00,AAL1347,25.86446988380561,-80.78225942758411,1859.28,98.8097006667981,141.07870489259847
2024-07-26 16:12:57+00:00,AAL1347,25.86428367485434,-80.78088613656848,1851.66,98.6031217786984,141.00083264277055
2024-07-26 16:12:58+00:00,AAL1347,25.864050913665253,-80.77951284555286,1844.04,98.6031217786984,141.00083264277055
2024-07-26 16:12:59+00:00,AAL1347,25.863818152476163,-80.77755854679987,1836.42,98.6031217786984,141.00083264277055
2024-07-26 16:13:01+00:00,AAL1347,25.86341857910156,-80.77480100235846,1821.18,98.63450581799108,140.49219812356847
2024-07-26 16:13:02+00:00,AAL1347,25.86328125,-80.7737127340065,1821.18,98.63450581799108,140.49219812356847
2024-07-26 16:13:03+00:00,AAL1347,25.86309814453125,-80.77231353183959,1813.56,98.63450581799108,140.49219812356847
2024-07-26 16:13:04+00:00,AAL1347,25.862960815429688,-80.77132890809258,1805.94,98.63450581799108,140.49219812356847
2024-07-26 16:13:05+00:00,AAL1347,25.86273193359375,-80.76992970592568,1798.3200000000002,98.84181456019168,140.57035214372303
2024-07-26 16:13:06+00:00,AAL1347,25.862468137579448,-80.7678926908053,1783.0800000000002,98.84181456019168,140.57035214372303
2024-07-26 16:13:07+00:00,AAL1347,25.862375033103813,-80.76731168306787,1783.0800000000002,98.84181456019168,140.57035214372303
2024-07-26 16:13:09+00:00,AAL1347,25.861909510725635,-80.7641425499549,1760.22,98.84181456019168,140.57035214372303
2024-07-26 16:13:10+00:00,AAL1347,25.86181640625,-80.76345191811612,1760.22,98.84181456019168,140.57035214372303
2024-07-26 16:13:11+00:00,AAL1347,25.86153709282309,-80.76139596792365,1744.98,99.0488902048818,140.65034438381892
2024-07-26 16:13:12+00:00,AAL1347,25.861350883871825,-80.75996985802283,1737.36,99.0488902048818,140.65034438381892
2024-07-26 16:13:13+00:00,AAL1347,25.861118122682733,-80.75843811035156,1729.74,99.0488902048818,140.65034438381892
2024-07-26 16:13:14+00:00,AAL1347,25.86103820800781,-80.75775146484375,1729.74,99.0488902048818,140.65034438381892
2024-07-26 16:13:15+00:00,AAL1347,25.86079225701801,-80.75627253605768,1722.12,99.0488902048818,140.65034438381892
2024-07-26 16:13:16+00:00,AAL1347,25.8605129435911,-80.75431823730469,1714.5,99.0488902048818,140.65034438381892
2024-07-26 16:13:17+00:00,AAL1347,25.86037328687765,-80.75336749737079,1706.88,99.0488902048818,140.65034438381892
2024-07-26 16:13:18+00:00,AAL1347,25.86009397345074,-80.7514131986178,1699.26,98.84181456019168,140.57035214372303
2024-07-26 16:13:19+00:00,AAL1347,25.860000868975103,-80.75056809645429,1699.26,98.84181456019168,140.57035214372303
2024-07-26 16:13:20+00:00,AAL1347,25.85975646972656,-80.7490453180277,1691.64,98.8741615570447,140.0620438759409
2024-07-26 16:13:21+00:00,AAL1347,25.85957336425781,-80.74754247125588,1684.02,98.8741615570447,140.0620438759409
2024-07-26 16:13:22+00:00,AAL1347,25.859344482421875,-80.74588415757665,1668.78,98.8741615570447,140.0620438759409
2024-07-26 16:13:23+00:00,AAL1347,25.859161376953125,-80.74479588922463,1668.78,99.08196957282875,140.1423262550703
2024-07-26 16:13:24+00:00,AAL1347,25.858930167505296,-80.74327909029444,1661.16,99.08196957282875,140.1423262550703
2024-07-26 16:13:25+00:00,AAL1347,25.85884094238281,-80.74256753021814,1653.5400000000002,99.08196957282875,140.1423262550703
2024-07-26 16:13:26+00:00,AAL1347,25.858557749602756,-80.74063814603363,1645.92,99.08196957282875,140.1423262550703
2024-07-26 16:13:27+00:00,AAL1347,25.858383178710938,-80.73914725825472,1638.3000000000002,98.8741615570447,140.0620438759409
2024-07-26 16:13:28+00:00,AAL1347,25.858278436175848,-80.73841975285455,1638.3000000000002,98.8741615570447,140.0620438759409
2024-07-26 16:13:29+00:00,AAL1347,25.85797119140625,-80.73624520931605,1623.0600000000002,98.8741615570447,140.0620438759409
2024-07-26 16:13:30+00:00,AAL1347,25.857742309570312,-80.73484600714914,1623.0600000000002,98.8741615570447,140.0620438759409
2024-07-26 16:13:31+00:00,AAL1347,25.85758015260858,-80.73361323429987,1615.44,98.8741615570447,140.0620438759409
2024-07-26 16:13:32+00:00,AAL1347,25.857440495895126,-80.73266249436597,1607.8200000000002,98.90674418377976,139.5537805753035
2024-07-26 16:13:33+00:00,AAL1347,25.85723876953125,-80.73111480137084,1607.8200000000002,98.90674418377976,139.5537805753035
2024-07-26 16:13:34+00:00,AAL1347,25.856974973516948,-80.72933490459735,1600.2,98.90674418377976,139.5537805753035
2024-07-26 16:13:35+00:00,AAL1347,25.85678876456568,-80.72796161358173,1592.5800000000002,98.90674418377976,139.5537805753035
2024-07-26 16:13:36+00:00,AAL1347,25.85655212402344,-80.72634714954302,1592.5800000000002,98.93956500315154,139.04556273492588
2024-07-26 16:13:37+00:00,AAL1347,25.856414794921875,-80.72525888119105,1584.96,98.93956500315154,139.04556273492588
2024-07-26 16:13:38+00:00,AAL1347,25.856185913085938,-80.72385967902414,1584.96,98.93956500315154,139.04556273492588
2024-07-26 16:13:39+00:00,AAL1347,25.85609436035156,-80.72308234448701,1577.34,98.9726266148964,138.53739085511435
2024-07-26 16:13:40+00:00,AAL1347,25.85585771980932,-80.72141207181488,1577.34,98.9726266148964,138.53739085511435
2024-07-26 16:13:41+00:00,AAL1347,25.85577392578125,-80.72075034087555,1577.34,99.00593165639604,138.02926544349754
2024-07-26 16:13:42+00:00,AAL1347,25.855499267578125,-80.7188847379864,1569.72,99.00593165639604,138.02926544349754
2024-07-26 16:13:43+00:00,AAL1347,25.85531616210937,-80.71753735812206,1562.1,99.03948280335511,137.52118701515982
2024-07-26 16:13:44+00:00,AAL1347,25.855133056640625,-80.71618997825766,1562.1,98.8607209378302,136.93297183032874
2024-07-26 16:13:45+00:00,AAL1347,25.854880122815143,-80.71454561673676,1562.1,98.8607209378302,136.93297183032874
2024-07-26 16:13:46+00:00,AAL1347,25.854740466101696,-80.71322514460638,1562.1,98.8607209378302,136.93297183032874
2024-07-26 16:13:47+00:00,AAL1347,25.854554257150426,-80.71185185359076,1554.48,98.6804184250713,136.34610108480985
2024-07-26 16:13:48+00:00,AAL1347,25.85430908203125,-80.71028223577537,1554.48,98.71316728807813,135.8375719600106
2024-07-26 16:13:49+00:00,AAL1347,25.8541259765625,-80.70893485591097,1554.48,98.74616226255522,135.32908754665866
2024-07-26 16:13:51+00:00,AAL1347,25.85394907805879,-80.7074678861178,1546.86,98.56321554767912,134.7430876297106
2024-07-26 16:13:52+00:00,AAL1347,25.853668212890625,-80.70551458394749,1546.86,98.59591143692096,134.2344004148138
2024-07-26 16:13:53+00:00,AAL1347,25.85357666015625,-80.70482694185694,1539.24,98.59591143692096,134.2344004148138
2024-07-26 16:13:54+00:00,AAL1347,25.85329734672934,-80.70287264310394,1539.24,98.62885606302493,133.725757244891
2024-07-26 16:13:55+00:00,AAL1347,25.853204242253707,-80.70208035982569,1539.24,98.62885606302493,133.725757244891
2024-07-26 16:13:56+00:00,AAL1347,25.852935791015625,-80.70012506448995,1531.62,98.62885606302493,133.725757244891
2024-07-26 16:13:57+00:00,AAL1347,25.852752685546875,-80.69882950692806,1531.62,98.69550287742476,132.70860506570122
2024-07-26 16:13:58+00:00,AAL1347,25.852599063162074,-80.69748511681189,1531.62,98.69550287742476,132.70860506570122
2024-07-26 16:13:59+00:00,AAL1347,25.852412854210804,-80.69621746356671,1524.0,98.7292108489927,132.200097088671
2024-07-26 16:14:00+00:00,AAL1347,25.85224914550781,-80.6950464788473,1524.0,98.7292108489927,132.200097088671
2024-07-26 16:14:01+00:00,AAL1347,25.85208698854608,-80.69389343261719,1524.0,98.76317912558711,131.69163522138405
2024-07-26 16:14:02+00:00,AAL1347,25.851837158203125,-80.69219625221109,1516.38,98.79741070999108,131.18322
2024-07-26 16:14:03+00:00,AAL1347,25.85165405273437,-80.69079705004424,1516.38,98.79741070999108,131.18322
2024-07-26 16:14:04+00:00,AAL1347,25.851481809454448,-80.68961510291467,1516.38,98.83190865096932,130.67485196897294
2024-07-26 16:14:05+00:00,AAL1347,25.851342152740997,-80.68834744966944,1516.38,98.83190865096932,130.67485196897294
2024-07-26 16:14:06+00:00,AAL1347,25.851155943789724,-80.68707979642426,1508.76,98.86667604414428,130.16653168121158
2024-07-26 16:14:07+00:00,AAL1347,25.85096740722656,-80.68577028670398,1508.76,98.86667604414428,130.16653168121158
2024-07-26 16:14:08+00:00,AAL1347,25.85078430175781,-80.68452655144455,1508.76,98.6769853815742,129.5796513945516
2024-07-26 16:14:09+00:00,AAL1347,25.850601196289062,-80.68323099388266,1501.14,98.6769853815742,129.5796513945516
2024-07-26 16:14:10+00:00,AAL1347,25.850418090820312,-80.68198725862322,1501.14,98.71143755195038,129.07111876346673
2024-07-26 16:14:11+00:00,AAL1347,25.85028076171875,-80.68100263487617,1501.14,98.74616226255522,128.56263316932572
2024-07-26 16:14:12+00:00,AAL1347,25.85009765625,-80.67934432119694,1501.14,98.78116273438548,128.0541951724603
2024-07-26 16:14:13+00:00,AAL1347,25.84999213784428,-80.67868159367487,1501.14,98.78116273438548,128.0541951724603
2024-07-26 16:14:14+00:00,AAL1347,25.84980592889301,-80.67746675931488,1493.52,98.8164422389766,127.545805342084
2024-07-26 16:14:16+00:00,AAL1347,25.84938695875265,-80.6743504450871,1493.52,98.85200409938945,127.0374642564676
2024-07-26 16:14:17+00:00,AAL1347,25.8492473020392,-80.673346886268,1493.52,98.6575514771659,126.45071192816135
2024-07-26 16:14:18+00:00,AAL1347,25.84910764532574,-80.67213205190802,1493.52,98.46128814257138,125.86542964643216
2024-07-26 16:14:19+00:00,AAL1347,25.848907470703125,-80.67074181898585,1493.52,98.49588587835204,125.3566079638735
2024-07-26 16:14:20+00:00,AAL1347,25.848828331898837,-80.67012493426984,1485.9,98.49588587835204,125.3566079638735
2024-07-26 16:14:21+00:00,AAL1347,25.8486328125,-80.66866892688677,1485.9,98.56593077299163,124.33910340772816
2024-07-26 16:14:22+00:00,AAL1347,25.848409361758478,-80.6671142578125,1485.9,98.56593077299163,124.33910340772816
2024-07-26 16:14:23+00:00,AAL1347,25.84826970504502,-80.66589942345252,1485.9,98.4006825363179,123.24558002878474
2024-07-26 16:14:24+00:00,AAL1347,25.84808349609375,-80.66457895132208,1478.28,98.4357675133515,122.73667871932275
2024-07-26 16:14:25+00:00,AAL1347,25.847946166992188,-80.66348669663915,1470.66,98.47114463301484,122.22782381572208
2024-07-26 16:14:26+00:00,AAL1347,25.84785461425781,-80.66276118440447,1470.66,98.47114463301484,122.22782381572208
2024-07-26 16:14:27+00:00,AAL1347,25.847625732421875,-80.66110287072524,1463.04,98.70951642200498,122.30466569757614
2024-07-26 16:14:28+00:00,AAL1347,25.8474317647643,-80.65961397611176,1463.04,98.70951642200498,122.30466569757614
2024-07-26 16:14:29+00:00,AAL1347,25.84735107421875,-80.65902997862617,1463.04,98.5068175321314,121.71901589999165
2024-07-26 16:14:30+00:00,AAL1347,25.84712219238281,-80.65737166494694,1455.42,98.5068175321314,121.71901589999165
2024-07-26 16:14:31+00:00,AAL1347,25.84701279462394,-80.65676175631006,1455.42,98.5068175321314,121.71901589999165
2024-07-26 16:14:32+00:00,AAL1347,25.84678003343485,-80.65496591421271,1440.18,98.30216123488388,121.13490422849031
2024-07-26 16:14:33+00:00,AAL1347,25.8466403767214,-80.65380389873798,1432.5600000000002,98.33744443884672,120.62587429692388
2024-07-26 16:14:34+00:00,AAL1347,25.846481323242188,-80.65270765772402,1424.94,98.09552433812875,120.55235304109652
2024-07-26 16:14:35+00:00,AAL1347,25.84636106329449,-80.6516383244441,1417.3200000000002,98.09552433812875,120.55235304109652
2024-07-26 16:14:36+00:00,AAL1347,25.846314511056672,-80.65116295447717,1409.7,98.06123726771015,121.06169210899628
2024-07-26 16:14:37+00:00,AAL1347,25.846035197629767,-80.64910301795373,1394.46,98.06123726771015,121.06169210899628
2024-07-26 16:14:38+00:00,AAL1347,25.845895540916317,-80.64815227801984,1386.84,98.26717333551063,121.64397971232292
2024-07-26 16:14:39+00:00,AAL1347,25.84575588420286,-80.64693744365985,1371.6,98.26717333551063,121.64397971232292
2024-07-26 16:14:40+00:00,AAL1347,25.84556579589844,-80.64540071307488,1356.36,98.26717333551063,121.64397971232292
2024-07-26 16:14:41+00:00,AAL1347,25.84543001853813,-80.64466623159552,1356.36,98.23247707459583,122.1531001789018
2024-07-26 16:14:42+00:00,AAL1347,25.845245361328125,-80.6433278209758,1341.12,98.47114463301484,122.22782381572208
2024-07-26 16:14:43+00:00,AAL1347,25.84505760063559,-80.64176119290863,1325.88,98.70951642200498,122.30466569757614
2024-07-26 16:14:44+00:00,AAL1347,25.844879150390625,-80.64068488354951,1318.26,98.91028085113204,122.8918316310968
2024-07-26 16:14:45+00:00,AAL1347,25.844696044921875,-80.63933750368511,1310.64,98.91028085113204,122.8918316310968
2024-07-26 16:14:46+00:00,AAL1347,25.8445455260196,-80.63827514648438,1303.02,98.91028085113204,122.8918316310968
2024-07-26 16:14:47+00:00,AAL1347,25.844405869306144,-80.63727158766523,1295.4,98.87328422721008,123.40009309245748
2024-07-26 16:14:48+00:00,AAL1347,25.84423828125,-80.63591723172169,1287.78,98.87328422721008,123.40009309245748
2024-07-26 16:14:49+00:00,AAL1347,25.844146728515625,-80.63545083099939,1280.16,98.87328422721008,123.40009309245748
2024-07-26 16:14:50+00:00,AAL1347,25.843893794690143,-80.63352144681488,1272.54,98.87328422721008,123.40009309245748
2024-07-26 16:14:51+00:00,AAL1347,25.84368896484375,-80.63218602594338,1264.92,98.63713141507075,123.3217877477465
2024-07-26 16:14:52+00:00,AAL1347,25.843551635742188,-80.63094229068395,1257.3,98.63713141507075,123.3217877477465
2024-07-26 16:14:53+00:00,AAL1347,25.84336853027344,-80.62975037772702,1249.68,98.67317404787978,122.8132022207666
2024-07-26 16:14:54+00:00,AAL1347,25.843185424804688,-80.62855846477004,1242.0600000000002,98.67317404787978,122.8132022207666
2024-07-26 16:14:55+00:00,AAL1347,25.843002319335938,-80.62721108490564,1234.44,98.67317404787978,122.8132022207666
2024-07-26 16:14:56+00:00,AAL1347,25.842869645458155,-80.62612680288458,1234.44,98.70951642200498,122.30466569757614
2024-07-26 16:14:57+00:00,AAL1347,25.842681884765625,-80.62477543668928,1219.2,98.70951642200498,122.30466569757614
2024-07-26 16:14:58+00:00,AAL1347,25.842498779296875,-80.6235835237323,1219.2,98.70951642200498,122.30466569757614
2024-07-26 16:14:59+00:00,AAL1347,25.842404123079977,-80.62285203200116,1211.5800000000002,98.70951642200498,122.30466569757614
2024-07-26 16:15:00+00:00,AAL1347,25.842171361890887,-80.62116182767426,1203.96,98.70951642200498,122.30466569757614
2024-07-26 16:15:01+00:00,AAL1347,25.84203170517744,-80.61994699331427,1196.34,98.70951642200498,122.30466569757614
2024-07-26 16:15:02+00:00,AAL1347,25.8419386007018,-80.61926034780646,1196.34,98.47114463301484,122.22782381572208
2024-07-26 16:15:03+00:00,AAL1347,25.84175239175053,-80.61783423790564,1188.72,98.74616226255522,121.7961787919928
2024-07-26 16:15:04+00:00,AAL1347,25.841537475585938,-80.61638022368805,1188.72,98.74616226255522,121.7961787919928
2024-07-26 16:15:05+00:00,AAL1347,25.841354370117188,-80.61518831073113,1188.72,98.74616226255522,121.7961787919928
2024-07-26 16:15:06+00:00,AAL1347,25.84126281738281,-80.61446279849645,1181.1,98.78311535611778,121.28774212806734
2024-07-26 16:15:07+00:00,AAL1347,25.841033935546875,-80.61280448481722,1181.1,98.54278990767573,121.21025556385857
2024-07-26 16:15:08+00:00,AAL1347,25.8409423828125,-80.61197532797758,1181.1,98.57906551801214,120.7015434089708
2024-07-26 16:15:09+00:00,AAL1347,25.84075927734375,-80.61078341502065,1181.1,98.57906551801214,120.7015434089708
2024-07-26 16:15:10+00:00,AAL1347,25.840588585805083,-80.60948885404144,1173.48,98.61564818416412,120.1928800471047
2024-07-26 16:15:11+00:00,AAL1347,25.84043884277344,-80.60839958910674,1173.48,98.89585696966331,119.76273998474925
2024-07-26 16:15:12+00:00,AAL1347,25.840255737304688,-80.6071040315448,1173.48,98.89585696966331,119.76273998474925
2024-07-26 16:15:13+00:00,AAL1347,25.840164184570312,-80.60663763082249,1173.48,98.89585696966331,119.76273998474925
2024-07-26 16:15:14+00:00,AAL1347,25.839936854475635,-80.60489361102765,1173.48,98.93407821556828,119.2545107401864
2024-07-26 16:15:15+00:00,AAL1347,25.839752197265625,-80.60383922648879,1173.48,98.93407821556828,119.2545107401864
2024-07-26 16:15:16+00:00,AAL1347,25.83956443657309,-80.60241112342248,1173.48,98.93407821556828,119.2545107401864
2024-07-26 16:15:17+00:00,AAL1347,25.8394775390625,-80.60181815669222,1173.48,98.93407821556828,119.2545107401864
2024-07-26 16:15:18+00:00,AAL1347,25.839238570908368,-80.60008709247296,1173.48,98.93407821556828,119.2545107401864
2024-07-26 16:15:19+00:00,AAL1347,25.839019775390625,-80.59865699624112,1173.48,98.93407821556828,119.2545107401864
2024-07-26 16:15:20+00:00,AAL1347,25.838912705243644,-80.5976046048678,1165.86,98.9726266148964,118.74633501866944
2024-07-26 16:15:21+00:00,AAL1347,25.83872649629237,-80.596442589393,1165.86,98.9726266148964,118.74633501866944
2024-07-26 16:15:22+00:00,AAL1347,25.83856201171875,-80.59539219118511,1165.86,98.9726266148964,118.74633501866944
2024-07-26 16:15:23+00:00,AAL1347,25.83837890625,-80.59409663362322,1158.24,99.01150635073812,118.23821351030809
2024-07-26 16:15:24+00:00,AAL1347,25.83824157714844,-80.59295654296875,1158.24,99.01150635073812,118.23821351030809
2024-07-26 16:15:25+00:00,AAL1347,25.838150024414062,-80.59249014224645,1150.62,99.01150635073812,118.23821351030809
2024-07-26 16:15:26+00:00,AAL1347,25.837935108249468,-80.5909494253305,1143.0,99.25754902874732,118.31988326581516
2024-07-26 16:15:27+00:00,AAL1347,25.83770234706038,-80.58968177208533,1135.38,99.50324775786056,118.4037318804662
2024-07-26 16:15:28+00:00,AAL1347,25.837562690346928,-80.58851975661054,1127.76,99.50324775786056,118.4037318804662
2024-07-26 16:15:29+00:00,AAL1347,25.83737648139565,-80.58730492225061,1120.14,99.74859424168535,118.48975472868868
2024-07-26 16:15:30+00:00,AAL1347,25.83714372020657,-80.58603726900537,1112.52,99.74859424168535,118.48975472868868
2024-07-26 16:15:31+00:00,AAL1347,25.836957511255296,-80.58487525353064,1097.28,99.74859424168535,118.48975472868868
2024-07-26 16:15:32+00:00,AAL1347,25.83677673339844,-80.58357670622053,1082.04,99.70665240933972,118.99680214998082
2024-07-26 16:15:33+00:00,AAL1347,25.836585093352756,-80.58255122258112,1074.42,99.9506266879516,119.08461898844632
2024-07-26 16:15:36+00:00,AAL1347,25.83607301873676,-80.57911799504205,1043.94,99.86580694308438,120.09816105133334
2024-07-26 16:15:37+00:00,AAL1347,25.835906982421875,-80.57803171985552,1036.3200000000002,99.86580694308438,120.09816105133334
2024-07-26 16:15:38+00:00,AAL1347,25.83579370530985,-80.57748060960034,1028.7,99.86580694308438,120.09816105133334
2024-07-26 16:15:39+00:00,AAL1347,25.83544921875,-80.5750778486144,1013.46,99.82393172341588,120.6050295383393
2024-07-26 16:15:40+00:00,AAL1347,25.835281630693856,-80.57399456317609,1005.84,99.82393172341588,120.6050295383393
